{"version":4,"hash":{"type":"Buffer","data":"SyenFgF+ctvtfcFnaglRBhY3cLxWvF7fylcx52IGTJrjrdD1VHNnKLP9TeBvyJZLnlQVMkSbQZLiJY8WGITgT7/cstsioneDxZkH9nx9vDcp6mnIISjAGTXyF1P1Vo80N7ArqnPBgY0Ee2+XcUyV6LKyYJ8F+kZEAXetUJSwF4E="},"indexValueMap":{"w/W4slFcRqB1wJBWDkNvc7EzFUDfBhqruD0mNqzoJgM=":{"valueMac":{"type":"Buffer","data":"NQNWT7O/jUjPwx+QIxE8zDLbCpCWvhb/awGlV6R7o/0="}},"2kOr4ipZ99nCXCwOxsVHkKcbYf+7MnY0nbC1JhjOLfQ=":{"valueMac":{"type":"Buffer","data":"0eqZexOszprs+jBSJ8XnxRunKX4V53q5glUhgZDkWSo="}},"qTF0JDYvkGRruujuKwcQVoBK9OzOVZBAxXv3XTqWxlk=":{"valueMac":{"type":"Buffer","data":"6XP5qT4gXjFQlA55eG6cHF+LzbC3DljjI2BuDYlDrBU="}},"D89a6enBOgP1ZFyUvWHj7DUPtKMElU13/zmlpAsr41w=":{"valueMac":{"type":"Buffer","data":"3MGmBTbu1+5/LEFj011kAB8W/HBrGj7WZDvFAt+glw0="}},"qejCiyTuF1ZiLbJimTM844wcIpdOCQjXbNxzPf9kl1A=":{"valueMac":{"type":"Buffer","data":"Q7vnwz9kvu3uO3GL3RW2+abqf+c4KoR+mnheDts9Yyw="}},"+g9jyCHj6qOJUKGnz5jnsXXKoyMyLNFjrPvKRRoKmXg=":{"valueMac":{"type":"Buffer","data":"3m3S028Dhc5nkx5olD0KGk4wCw2hTmTDWDcW0mFqiLc="}},"5bmR8qIeRjmBaE8N5gGZQfG3u6CqrZfQqTu9jx/eBEg=":{"valueMac":{"type":"Buffer","data":"HuBNjUH9JW+GIPNti6hD+WM0dOS2/B1K4zS5bWWOOac="}},"KQcq+5VolVbIOmFHWSL/z8Elg2rZwPJNtxW0W4fpYl8=":{"valueMac":{"type":"Buffer","data":"v8v9MH+WQ2bHEgl9XRRfIrvfnI52JO7ozBzvJmzCZKw="}},"KW709+yVVf2HEb6fiNloDdLHb4C2bjQNxgTg1ohAICY=":{"valueMac":{"type":"Buffer","data":"Fxp2G2iYeoU9pZNSMSGjqdog/zs/3o5GNuAkN2hu7Hc="}},"gjbHsWa4wEMdq823u9iQez8i/ZZA9uaIEvfZr/TVIuU=":{"valueMac":{"type":"Buffer","data":"nK/gzMsGxT6TaQcPxOAJZSOTAXbeGY4NZqN2SyYHDBA="}},"i5Y1ohxivj9ujoCmUKw8GmUadA5HTFKBebOY8YfmwkA=":{"valueMac":{"type":"Buffer","data":"NIedw33R0CBoTP+/HiiGgd4/3qgwHpgNyxJAQFs77GE="}},"SEcg+5IbJUdPl2NGPvtLd1YferBszIhFTrCfqvsRF+A=":{"valueMac":{"type":"Buffer","data":"UVr0LaeB8m/XNLatSDD32M482ahNWZeKkoobYq0b3Ik="}},"BNTX162AuOzsHZgP2bvrueTMx25Bols/gdASvlOjtuU=":{"valueMac":{"type":"Buffer","data":"CNlsJDNQIxrUeJKoPEyaHWMKdo8H+er38lpftYKNjQA="}},"CcQUtjcPZQlphYSmQMed4PBZOcuCsh5nuQk2+97ynrQ=":{"valueMac":{"type":"Buffer","data":"ySYi7GwKPBTrmV5imXSLKFfK+B47PvBYEtHqs/5Yo8E="}},"sbeThpumU5H+hrSbnzvUSXMjRAj4d/vtNhPtW2zu2kQ=":{"valueMac":{"type":"Buffer","data":"lwRu/yKWPBzS09apyyGtoGbgDVTUmvCXB+OaL61r/2w="}},"IdiIkxy6kVpNg1eHgwnjzqU81QlSaT/1y03tKByf7qg=":{"valueMac":{"type":"Buffer","data":"aVGkZGVJ6CnwcwoK4uv968VrL7WY0dRGHUTaZ0GztUU="}},"Fbp6hUBVHnf4NfSVxzL9mKyP8UWiuzoThsarnJR7cac=":{"valueMac":{"type":"Buffer","data":"5jrEBwDFCqjv8BSnOuALms9YlDkQFD+TFY3S2ujJYWk="}},"MCA+2YggaI2Dpd10X6ftZCvdWL0d5BjMKWP1rpL8zLI=":{"valueMac":{"type":"Buffer","data":"d5jS9CXXd3GofntKVjd5jbrHkOima3lDCkHL8K+Q5pI="}},"IcM54Pk13yUXjusTFxJHYJ1jY3n0qWytTn8wVk2dQrI=":{"valueMac":{"type":"Buffer","data":"/sDD3OmWk0NIcpeGGbL7yABaYvc/6rNe3KR2QcUwKSI="}},"LLtxMqDR9oiPreBh9FFk8NCLnYX+aygt8D0yoikhAR4=":{"valueMac":{"type":"Buffer","data":"BoANbWF/xofs2qoC1+LBk8a6RUxONwJiHJbWGM0Y+uw="}},"HAM/9hgDBix+xxDvImSgKzz696jY9vJxwykSwa6tN9A=":{"valueMac":{"type":"Buffer","data":"pJ6OcenAYnB/oaRDKkrT9W1nmJTFK8uSM0/MrRug20I="}},"xqAqbKeAySMYTWbbo901wZMhr7zSa2Ez+AocH7A5+/M=":{"valueMac":{"type":"Buffer","data":"KvRyUXsQACqAC1MNJJRpQhGyk8V/WSLbgxoSc6wyUMY="}},"TIzVm6uS9XNQZeyKGkKqudyCxSbUpv3P5IxQmfzLzNY=":{"valueMac":{"type":"Buffer","data":"NxTieF4cefUiquWTxWF2Xj1om/E4cJR51P6RFBp1wdE="}},"jO8iMPxfFgCOkjqNAQ6hI12F3k99d3thVUnRH0TDYEw=":{"valueMac":{"type":"Buffer","data":"0h74rRAAl6Dp66mdxXOqz2tO60iIvV8BE52nhjLhC3o="}},"Y70hN58+mwHN3yo5JSCllhLWiTOT7wl0KDdguUD1tfg=":{"valueMac":{"type":"Buffer","data":"YdFcEkdMKC5K6r3rieykFD5U54Q5kfiKnKcejSwR/kk="}},"7fEJtZhqAkPTBzOUoZkzZkr+7UIBuNrUCGVYZxwyuPQ=":{"valueMac":{"type":"Buffer","data":"ruZNLXJR/FsmI/JCyXaGX6bRyIWTUvZuVtXVAT4jc0M="}},"K5raXbdgAIwbezZrRv3wxzWL5HhYVPu5Wxc4tRlVBtk=":{"valueMac":{"type":"Buffer","data":"Se5rblalWEEXtB5h+StVVRnAk5mCqAuqaBeblOXNUPo="}},"Z4ytaSEQM7CApTScGdduRbJM2ZZV1XdZ7gu+L5tsvB8=":{"valueMac":{"type":"Buffer","data":"eWB4oe8ORvVnNOanmqA5Bbqno4zYVnsOJJZmcYWgVmo="}},"ryZGDsJMNqyD3TU7jr4EJdMt4NFR5m33qOH6KcgcVWg=":{"valueMac":{"type":"Buffer","data":"5C3Rybgp4wmmTmDM/dAYRgT3jCNQPrpIoPQGtibe8iI="}},"Gr0DmXkL4ljDvWJQK/H0+hx1YOZJrKL5JnBSPMppogY=":{"valueMac":{"type":"Buffer","data":"Rfw7akRx18ajq6rNdbzS0XlTNFvCxdaFPyZBvDiYAVs="}},"3XS/TsawNPxzEOJhzf6r3Nkffx78fJgscmQE0iF6wpk=":{"valueMac":{"type":"Buffer","data":"zvZpganEhGSIMh/0p9+CuiuU8BcOKp89u+FcCZLoE2U="}},"BGSo6Are1qaA+Ihea8ndNcXyi6gJ9SisLDdEzu0hFqM=":{"valueMac":{"type":"Buffer","data":"YGjo/rT+E0Z9qGRPy9dx9VkbnySz4IJNQ3ct8sIgSr4="}},"yfcu4PEjK6IzraGcIEhxPNUW3/2GXrDMELtnFlY9xwY=":{"valueMac":{"type":"Buffer","data":"w91NioFLVpSdBaQNVzFGPPGUnyAG+kSekVRK0USKFXg="}},"caxAfPeBFTWu1XQHuKowiaIhwqnVhrJD4tABIm1SrA8=":{"valueMac":{"type":"Buffer","data":"Pst3HVtjf7hXWMWsBoi0ysYzUOVFDGcqHqj7Q/aPfxc="}},"5w0wEIZviaAkYjYKJUzaFFUsW6hdWmD+YHplz5ptsSM=":{"valueMac":{"type":"Buffer","data":"My9KEXHgZ7ATIlCimXB6dSNXepCJsni7qW3WngGpU6U="}},"+T1NcbM0L11zHOyppLU2G54DdmxGAdZvAh+SAXisRSU=":{"valueMac":{"type":"Buffer","data":"K/8aGfI47tG9ZCC5i6e3X5OimYCS1SP5hRtie+6NNB4="}},"dP5+rFjdVFmZY30AGrslyZGEJRuQTSNBavNapZc9Qsc=":{"valueMac":{"type":"Buffer","data":"XG3igj/VqdJ3nglxPAD1oKtIBzOySLzP1bS96TswRL4="}},"IqmwqkvTApVyxGSMDyqPePRsKvvjsUYrP0SIBS6cg+4=":{"valueMac":{"type":"Buffer","data":"6jv0DaxWY8SRhURGmNmbsXvJxmhWZXguHo42NG0RuCg="}},"/Hopsj4BsB/hhnOHAqmj2PwlqH+6CsrbnqAPcPbC2o4=":{"valueMac":{"type":"Buffer","data":"8CmeTx94ZYkJewuLrn8nWdHVASva7mNpP3hfulNClc0="}},"i1X7GoIPnj9S1WwOnjYUNuz3hF66oBDIv8daGtmCxhQ=":{"valueMac":{"type":"Buffer","data":"gJ1VculJbeoxujPeTV9SKo1zHwGmZ5e8b1PoiHn04CA="}},"Wfne1Lizjh5usP8lwJ2i7a5XfptSS/VjdtL7B2RKCBY=":{"valueMac":{"type":"Buffer","data":"IylknzIGFZxiX4dfDCmDYzuQErwWtmC5aiyKVarGqmQ="}},"wQOmbHmEzJ0ut2mPF2JKQUd1NazHDZJOw2THX0V5L9g=":{"valueMac":{"type":"Buffer","data":"KpIWyGsEhO2nJiS0US98TLl9P3npgnn6BIneUxejy+4="}},"edLEzlqsrd97Rm55j8J5N87fgyYjvLL0tztAx4ZvU0g=":{"valueMac":{"type":"Buffer","data":"05goz4N/n0/JLz7OTbikla0isYUR0BwIzC0LiedsHHQ="}},"iTpnOy4oMpKMkl5cDeAYa0smn1AvMBrjXUdzBwPoXdY=":{"valueMac":{"type":"Buffer","data":"SOCC5Qr3PtwuKuF83yzaUAtzktU39ukq19+PCtc6pWk="}},"52/4od0mnCzAYRBbgM2I48F1Wv2O8zNw4EDjfhyRvpw=":{"valueMac":{"type":"Buffer","data":"qAYh04hjIGKZCaAIoOoFZsP8W2OUsGKppt9B0SKFIRQ="}},"+FUUm0FMifT8VwtfUx5miVnNIK0FcHWM006pAZtqkoo=":{"valueMac":{"type":"Buffer","data":"KU2xU/Q8oBS3q460MCUdKKq7cSPHa/lORQCHeLIQsfg="}},"AJi+rt20Sfj1e6A7/uLDYbXJI2K16sSb1qVoxy7XL+k=":{"valueMac":{"type":"Buffer","data":"D1hwR22/hJmBJnz1sk/uUJvZDRlEGkkNjlhtbV019tk="}},"QPjgqV4ho+CArsbvm66q62EozgBy4ca3oZXGKA53qMw=":{"valueMac":{"type":"Buffer","data":"5LzBYVM7H0V6wOoBoyE6Ed3jUUaA9YyPGP45RHfilss="}},"8beCYQWmS23DrLmcHhrOBgJl0tvf0Bhl7+okiUNjtgU=":{"valueMac":{"type":"Buffer","data":"eIdVc0rQHIZWf8Ql46KWyEq7tf/jHfAftBiJtbE+vLM="}},"ygLtENQZDQc3Y3Osr3vaTzCzggs7H5nl/+6wt7o8AYs=":{"valueMac":{"type":"Buffer","data":"h7DkfcIr1qLYMa1TJpFE7XuMC9GXdk3BkBliV+AEPs8="}},"IYf4MoXos1NWTBpvFulungK6YSn5+YMWbSBnr9GUgVA=":{"valueMac":{"type":"Buffer","data":"tl9i8GIc0UWBedvy4GfywXJ3VwId6zf9TzjPyRxQXxE="}},"RGN3iDpSln2qjUiBrT/DvXX+4p8tmAR0A8NHFdlqe/I=":{"valueMac":{"type":"Buffer","data":"NDicmpcoPx9wLdGofGXwElpil4LYRftIpr8j+FhT+hw="}},"Sv/Ua95JtBgGgtj6LjowP3bwqTOgiRTYpkNo+N5B9iM=":{"valueMac":{"type":"Buffer","data":"sVekgI/8lyA7ocXNVpxxbCIsH/dqp3aVvzozEODlssE="}},"5OTLqznUC0GsKB4VDZ2VCymKhAnMeacfAfw2+8BZDkE=":{"valueMac":{"type":"Buffer","data":"W1JGnLSiaD+9E9j6iy28Kk5bAPb4qtRQ/L1I/d8ucS4="}},"57Y55HCiuIFDzWmIXH9/UNDO4pHg3wlX1XoBkjYFl4M=":{"valueMac":{"type":"Buffer","data":"abMU4Zwdo/qpRB6Scu3vgTOnMcxcRwAFPLpqgIW/i+s="}},"mjypVxPlXXtB9w+7KmfnweokgzEbagftgCOYx1GcZZU=":{"valueMac":{"type":"Buffer","data":"yFfRhvJWwGJeJbx5AZnbZidUJIHha8OYF/eOQNwtoL8="}},"hAMcOXoR2RNIcngPTboCe/i9cFOaibZB78ZBElaC4co=":{"valueMac":{"type":"Buffer","data":"2zFUc703A827QEuDbfV+1nZDPLe66Cos5gUMDrayskY="}},"YWia9UCu3v34XELe4F1HfVRCw4HbzODPn4tW8Svrcrk=":{"valueMac":{"type":"Buffer","data":"4N5eYYTjoUFMxtQ29RFp7jeaUhLr3X2pOOnUsqVLBcM="}},"wlSy9SqOMHZOj4nzqhfkDupWhMjDY2OsknnHvNGxoz8=":{"valueMac":{"type":"Buffer","data":"ZtMI5IRvQOSnqtMUENftMzOzixItjjQl1+Kx+CM24gg="}},"KQXqny3BooWVB/6EeTdr25kY0TbxeW55MTwuggvKGPU=":{"valueMac":{"type":"Buffer","data":"GgrBZtHZ1gqZPvRhEsONhEtd/JWnHm3300NzKHF5QZE="}},"I9Tv3XKusn/0Ttvj2gIzDWBjXHgnhYY6oqauJBuY2VA=":{"valueMac":{"type":"Buffer","data":"CY65JARvlU2BBQeQ9n3T5Jajz8i4SaQCk7iRCAedLo8="}},"uYkDMRU5gLxvZdcn9A5E3fzfKWoLq4A3iNFaUyqdukk=":{"valueMac":{"type":"Buffer","data":"dqCCeVCtdu9Z2zZz/l6imxiz6wAJaYEkm7RJ8OXHZOY="}},"nNr1XSBdE47jWKLWe2efrIVh6Z5y0pegTrYSQ/XYaxU=":{"valueMac":{"type":"Buffer","data":"PQYXQkx6/YRDGEJsrtcrP/LSSXn6lD4kHuB7LLc+qyg="}},"oF5zxoMZ2Hsu9+cbcOOMjl5DbdnMQO7sx6KxJqO6Mtw=":{"valueMac":{"type":"Buffer","data":"MD8SBN2KFSvePq2ToE+ZGVFmN8f3rifEwagSgzTAFD8="}},"hhA/3WVS8kW9mTqJs4Beb/+q+jYhJZnMZ9U/bz1QFjw=":{"valueMac":{"type":"Buffer","data":"myGhmLxu1+uQcab+cauwwwEqjC4w9wzsmwk7/YnTrlA="}},"chJosWThzUpXV8u5FCMWKFCc8OesSWQbjuL8z9ShV5w=":{"valueMac":{"type":"Buffer","data":"MEmm5wsQwiW+Df96JlP0Jgypz1BpTKgGx3SGdnh/39s="}},"GfmXKAk3t9kQ1GvnUyaymJBzREXppad0jbn+a6lSZeA=":{"valueMac":{"type":"Buffer","data":"0C1LgyAp9TG+5P7tMF9z2AC65gid/xzrSsq0ghb7ogA="}},"Oya0+bHMgxvWGimXjQKAa7DHXQUSjx5f8+n2FGb2fRQ=":{"valueMac":{"type":"Buffer","data":"iC8KG0on7KqmkU3DN2uGnisjnB9MmuDGh1J63EQ/TS8="}},"zdQJpBzAGAXjcz50CYJpYeue9bJEaY0+p7nyGOpF7oA=":{"valueMac":{"type":"Buffer","data":"6w3aLd1hPCT4sCFuOtxoxC25VYEi0Lhv7WloH/eZTIE="}},"+Xev6wGnEwmmfgo4OAffimhLKS9dbuNismSf26mSbG4=":{"valueMac":{"type":"Buffer","data":"wJpzWXBrorrLW7jn+WCGe00RXPjYhUB1P9O6xJ/C9Zk="}},"4XWxJKOs3skFskjmmluzRu94CR3BxxXYNZZq6zmS7rE=":{"valueMac":{"type":"Buffer","data":"tKbX0q9iaDOTnhmj4BO/rZBTeTEeSgkweAFCe34MJiA="}},"TV/A+jYXQe/aPTCtQdpnlM88nUh38h6Gz+jurV9sWtI=":{"valueMac":{"type":"Buffer","data":"OZXLCL5F5YVslvgzjfQng2gtpDpSc/cqPWgiGMRHlfI="}},"3c9zkdNmGD76SWIgxipttzbwptPvrD+crEHWC9tT0AY=":{"valueMac":{"type":"Buffer","data":"GWqOmcofQQ4bsmHWB0cnD6zFkH4p/jFe3etgdOIqL6c="}},"7OslIQ24VCJ0HSfDIX9dIUPMycoz2orAKpq0gxIqNoA=":{"valueMac":{"type":"Buffer","data":"1M0w4i5x+UXtOK6+Eq/lcZjvtZ9KhS1Rapfn1bsQp04="}},"DaRdUdq2YahSvJ0saWqGVHAX/37q9bMrzUxhDxJk+0k=":{"valueMac":{"type":"Buffer","data":"r624B+CLlczbmJAUQfzVkeSAUyvG9EA5Rxpybi87OWE="}},"Box+yZ/ln2/Em2bZGkkudhy67tqwQuTu5vbSFalA4qQ=":{"valueMac":{"type":"Buffer","data":"mW4Vy/dUC43LbgJPKQxyXmBtJqm60UlosCnSmbwmoKM="}},"GrmpZs7EM65wQyUc6K/LLev1WC3qIbuDZDPXLMr03g0=":{"valueMac":{"type":"Buffer","data":"8bpkwTCFqfEzcoeU7ThfQXZfen/tg531WOWRRT64/7o="}},"4pNjGO/2BQFHTSBLsWrGbdGKKyUWYKyNgZx0q2PgFDQ=":{"valueMac":{"type":"Buffer","data":"WIg9A84/xBHQce9MG/bR8O86Xwcewn3nc1JEma7VigY="}},"GwB2EDGJJHm2YWvnHsDm2oioIEz2mzzq+dnwWJ2vmgk=":{"valueMac":{"type":"Buffer","data":"87y70yT6zsPIYp9gOGRT/otoB1LCo7VKYYLVTOLivjo="}},"pIGW4TtJ7ZCSBxBwBB5rpYkA4h4N+uJg7X+uSBS8EPw=":{"valueMac":{"type":"Buffer","data":"JsLU64sSUMaSbdCNg0CuQrUjPWgxUwffa8r03lAcPeY="}},"1t8o/hQKvTI/JW2uE49A8+dACsSSXHl1GG9JxNucD48=":{"valueMac":{"type":"Buffer","data":"JxNlLNvD2+3ptEkLobe9RNElmHwmS3bKQZXEl1x+whQ="}},"+hNtFpBv39vMUXBJDbkzKyVpinPjYjotBmBIVmhzKp0=":{"valueMac":{"type":"Buffer","data":"WTeHgQencYMxskcII5niSKhkBb2fAZyjTWBADN+Kj5A="}},"8knLBP/FVi1WWOCM//5Ujz4wEXgTD2a4FfwqIb6EElo=":{"valueMac":{"type":"Buffer","data":"IpbaYyV+9irXBJWNmBHVgXPsuFrPPSJJx9Kjq4+wY4Q="}},"mi7NK9R74VfPvDPAelAugBKliQx7oeIedAQu7sRDjp0=":{"valueMac":{"type":"Buffer","data":"ffiQfsCaGYY+oscIesWBhhGIZeeDZHORaeZL4x5RYpY="}},"1RvKiy7Ec+46HpJFpn/7MsmbNbmgh+8BtoNhcyCZ8nw=":{"valueMac":{"type":"Buffer","data":"6OCt1kaGfWRXsWET6aHzvFbORLOTnj03yeBCukX85HA="}},"DmY2Vvu4nBu+LqBHwdQPaAuBcHJ0GxqcqsNVrBWW65s=":{"valueMac":{"type":"Buffer","data":"Vvt9eF7eInl06nNK8SV7zoK0sdfWLRxsE+mAgtPiGqM="}},"DbOG4v3+RmNeYKY3IgSqMaz8mv97S08ZelxcdfSCzlM=":{"valueMac":{"type":"Buffer","data":"l56HPLoX+2TTgozIq0L72szatUAKMpiccTrUdyj5/jU="}},"1ZaOBcivICoKpF5B9JMJmFCKnSrGM1Msp/iC6ddjZ94=":{"valueMac":{"type":"Buffer","data":"T2Co7EQ7PI7nQ/nM+BcHnEA3787gNKbuiVl9jY6sqBE="}},"syDRmYvP2uZlQ3XxklWMmVSR9Vbs3D/vEy/Dj1u/EAs=":{"valueMac":{"type":"Buffer","data":"102PNv4+O6m87IzvwT+evHKoLQLxoa45m98Sn6zyEmA="}},"iPTRnAvW871NoQQfsXyTgesCU8TXYtSId8kFV2XN7tY=":{"valueMac":{"type":"Buffer","data":"6VqfX9B3GTAD5xIZQsyiNwT963rqnxm7cwpGvY8sOp8="}},"A16L5AP/caijCBc9y7Vm+XTZrBF6SJBNHM0tClRZRSg=":{"valueMac":{"type":"Buffer","data":"Is6YGTc+DSjtWeGTBlMxbvHBVPEbDFlkHFCFfYsg5wc="}},"V0vl8BgwaEjjSRCnQqNt+mcVcjGbNZOYPlzps095jaQ=":{"valueMac":{"type":"Buffer","data":"Jb3AIOpPtFy8DeerkxbN0DzTZ/k4Y2cEkViLdUYx1yw="}},"0SQbp3zsLx6UAiIyLYeYgOFhMOMkfAijEoxSNIeYnCE=":{"valueMac":{"type":"Buffer","data":"I2DT9PfAvxfRIVWutos9Ban6Slzn4HbOHk2NGPDUbjk="}},"zFKvGZ0RO6iKY/odJnOmjwbFUcGWjIW7KloHo28aW4Y=":{"valueMac":{"type":"Buffer","data":"8C840dnFUI+XPStopsvVpKHAnydXfL+wUaniS1d4pRQ="}},"dKwOUjJgCyKaoVAOPIbLg0JoUy32wUP0i8Znk/+qJf0=":{"valueMac":{"type":"Buffer","data":"mMKHdeBil9tYJPjOsDxqMEIg3VwSPMkrpOwcQMnqdy8="}},"lcO94OSDpOkRNDOTLJ1lxOQmM71pAsAb7UVekgxsPLs=":{"valueMac":{"type":"Buffer","data":"NuyiZxLBjMxu1yaauW/NPhESvr295X5eZhBYwG1lVRc="}},"qDAlhOaEs7V6Uq2nw1v1J+M8X/LOvvb5W6gbgwW1210=":{"valueMac":{"type":"Buffer","data":"EH7MztX2Sqb8TblKPEIeH5yg64Jt7ejct/VBqgIB6u8="}},"IYxunMMMKQ/aaec23sY/0kLguK8sADBNwaHkqG8XYfc=":{"valueMac":{"type":"Buffer","data":"9Aal4Sr6vZi5lL9Ed5J9dPK5n6YxLVbDcOb2vfngKFY="}}}}