{"noiseKey":{"private":{"type":"Buffer","data":"GBScf9Vky7BwJn/QlH3o8s+KLSWMDIi1CgG41E9/+GU="},"public":{"type":"Buffer","data":"5WpcR9w0jEJ12tON9rlQVa1S7/xU690L5PlFVg+9UX8="}},"pairingEphemeralKeyPair":{"private":{"type":"Buffer","data":"QJvEdorYSIXpwt0yvn6W9Ng2mQhYtQJS4u26lcEzinc="},"public":{"type":"Buffer","data":"UQj/bHSlU8uwB7wmnMvb2z+AAbp9iufEtZblvbeXEH8="}},"signedIdentityKey":{"private":{"type":"Buffer","data":"qM4QtSrn1xGo4AJv+gWWc2AwROCeBfMTGwS6g6RPqn8="},"public":{"type":"Buffer","data":"HNmkrCHGJXxoIYQ1XGuGFvr99TzaEZFT7JaMWt3d7UE="}},"signedPreKey":{"keyPair":{"private":{"type":"Buffer","data":"iNDbvJUwTx1yQJ0fRzazN1NJBUUoTOd5p3jGUymg5kg="},"public":{"type":"Buffer","data":"0josZ4ziqwWB1HF1ztwq5wOfcS7snLBtTYpgz3yMQiE="}},"signature":{"type":"Buffer","data":"t7M7O700o3acBQwesYgRX5wkuiBL7KoYlpjGz+pK7CNjANGbmk1/8aRWMBq+dbUNOOSSYJaCwqNlu6q/ZrV5Bg=="},"keyId":1},"registrationId":2,"advSecretKey":"q/VMwYflMuq1l8j6rmy04Kcmvt5q+baN1zu6y3ZA9uY=","processedHistoryMessages":[],"nextPreKeyId":35,"firstUnuploadedPreKeyId":35,"accountSyncCounter":0,"accountSettings":{"unarchiveChats":false},"registered":false,"account":{"details":"CPjh/xIQpqSWxwYYBCAAKAA=","accountSignatureKey":"aCzlB8QTrDynm68v80JITs0Wp1lGHHVDeV0/HLA+rHE=","accountSignature":"AUSohe6xhwpd9MenXKn7clahWRPXPFmZ/8bpn7Yj0mX4KNl1M7DX+EW+o3zgVgSND6IJdSTulWHRPb5x+dxEDw==","deviceSignature":"IqBDwnjO7vdWnx0jGbLpkbU1os+t+LowOkFsH/YgHK8pBDvOCba6UN42HONYloDxS0kYJKUb5kcMNPahWRBJDg=="},"me":{"id":"38665718711:21@s.whatsapp.net","name":"SOUL_XD","lid":"241764329893906:21@lid"},"signalIdentities":[{"identifier":{"name":"38665718711:21@s.whatsapp.net","deviceId":0},"identifierKey":{"type":"Buffer","data":"BWgs5QfEE6w8p5uvL/NCSE7NFqdZRhx1Q3ldPxywPqxx"}}],"platform":"smba","routingInfo":{"type":"Buffer","data":"CA0IEg=="},"lastAccountSyncTimestamp":1759875712,"myAppStateKeyId":"AAAAAKRo","lastPropHash":"3R9Z39"}