{"_sessions":{"BWjxBqhHsn6MA7ABpKDGeRtxSzza8t5RHGiGhjsvV7oN":{"registrationId":1193311029,"currentRatchet":{"ephemeralKeyPair":{"pubKey":"BeIiHGjA8CsrrDGSpV6fxeVCt8YCM09pQJSyJ16hlw5d","privKey":"uAuEvJHx1GGubtdyUURnw2zKIoasTbnl1er0bsye718="},"lastRemoteEphemeralKey":"BSc04V5B71xgiudi9nRuzmoIvNNiCzUVgz3HnBgTJzww","previousCounter":0,"rootKey":"XLXTNCWTsCTcWNAe+31rDZdYxNjYc/FUW+InbRgrKMI="},"indexInfo":{"baseKey":"BWjxBqhHsn6MA7ABpKDGeRtxSzza8t5RHGiGhjsvV7oN","baseKeyType":1,"closed":-1,"used":1759877806397,"created":1759877806397,"remoteIdentityKey":"Bc23kntkdtrhUyWCYARWKBlufzv2ZvgBoLNlGEh6WVh8"},"_chains":{"BeIiHGjA8CsrrDGSpV6fxeVCt8YCM09pQJSyJ16hlw5d":{"chainKey":{"counter":4,"key":"N5qIm+Or9SDuxQPvfvHb+yyiz83tKdx0j5KoPv2/xn8="},"chainType":1,"messageKeys":{}}},"pendingPreKey":{"signedKeyId":0,"baseKey":"BWjxBqhHsn6MA7ABpKDGeRtxSzza8t5RHGiGhjsvV7oN","preKeyId":10700533}}},"version":"v1"}