{"_sessions":{"BSxWF9lowSyWQE53Ps32CQATVJVhhO0R8BE8LMKEbIUg":{"registrationId":945122595,"currentRatchet":{"ephemeralKeyPair":{"pubKey":"Bax0vkUBasJPLEX9jvX6027NrmKPypd7mc7mj4qbMoYk","privKey":"0A68+34oC9s5M7cc0wplslbvyObmJENRFhMLd1hG+EQ="},"lastRemoteEphemeralKey":"BRoOTF0or0hZEfenzVHlbqjTs987wFbQb0Yz99rWaPdg","previousCounter":0,"rootKey":"Ro+pxk+uasmjSqLyXu63ac1h3ABGv51YTdxl0izCgyE="},"indexInfo":{"baseKey":"BSxWF9lowSyWQE53Ps32CQATVJVhhO0R8BE8LMKEbIUg","baseKeyType":1,"closed":-1,"used":1759877806521,"created":1759877806521,"remoteIdentityKey":"BYVNy/ku2phxyqo41xMYoAUVOGU7bqvnRgYF2v2U0+0+"},"_chains":{"Bax0vkUBasJPLEX9jvX6027NrmKPypd7mc7mj4qbMoYk":{"chainKey":{"counter":4,"key":"Vfa/0sG3h9Rx44xB1wBI8lqH3D/cN77yAVlvUjYNvdc="},"chainType":1,"messageKeys":{}}},"pendingPreKey":{"signedKeyId":17,"baseKey":"BSxWF9lowSyWQE53Ps32CQATVJVhhO0R8BE8LMKEbIUg","preKeyId":16246482}}},"version":"v1"}