{"_sessions":{"Ba3qfT4EsOfv4MJdik1rzj9hBmBp/kOdv+0+vFqpmppj":{"registrationId":761325937,"currentRatchet":{"ephemeralKeyPair":{"pubKey":"BT7ggXvjobWKXBcLU82OoQAip1bGWOTDqh7U9s/OEOA9","privKey":"2MDhJPLrUlz+/vi3jbd/xMKN+CmmDogOqUgHNi8Zz2Q="},"lastRemoteEphemeralKey":"Bf46pjQt1sTZ3UGYgwB30FIcVNZuUznir3aMG7DI6ClB","previousCounter":0,"rootKey":"4mdOznGNUCd2pvBJXxJPYlG5jKgemRoBjSCtQyxtSq8="},"indexInfo":{"baseKey":"Ba3qfT4EsOfv4MJdik1rzj9hBmBp/kOdv+0+vFqpmppj","baseKeyType":1,"closed":-1,"used":1759877806572,"created":1759877806572,"remoteIdentityKey":"BbCqUZXO2R5VLB6GZB/L9KuSzjdckyc4OKgaYsjWD7NR"},"_chains":{"BT7ggXvjobWKXBcLU82OoQAip1bGWOTDqh7U9s/OEOA9":{"chainKey":{"counter":4,"key":"N1+dqJG68HOLjhlRuC7xWH8ozztfoZryclrjEqBkoXk="},"chainType":1,"messageKeys":{}}},"pendingPreKey":{"signedKeyId":43,"baseKey":"Ba3qfT4EsOfv4MJdik1rzj9hBmBp/kOdv+0+vFqpmppj","preKeyId":2191540}}},"version":"v1"}