{"_sessions":{"Be5JlefdYRBDBF6aKxH74YZ1maINe13fF+/yRR/vGZIg":{"registrationId":1285972917,"currentRatchet":{"ephemeralKeyPair":{"pubKey":"BbGXLiRgk4Ee5J4BahJoNH3WglAmD9+hydfMAz8bsg9l","privKey":"MI5PcZv0wdSj1RbN7V1Gm3t+iNWt4CijCru4S/Gm7V8="},"lastRemoteEphemeralKey":"BZg6lms/AD4ZYNzdnlwpP0zChXFUOKV7+LU2Y4lAFi9M","previousCounter":0,"rootKey":"Cn+i5mk7hxENBZl/FeA/4cfA160xrOZjF6Zb2NfaKVs="},"indexInfo":{"baseKey":"Be5JlefdYRBDBF6aKxH74YZ1maINe13fF+/yRR/vGZIg","baseKeyType":1,"closed":-1,"used":1759877806518,"created":1759877806518,"remoteIdentityKey":"BQQ4mgagn6IyQ8KL5ImLyHvGAUzM6OUEwG/b4+Z5KwNg"},"_chains":{"BbGXLiRgk4Ee5J4BahJoNH3WglAmD9+hydfMAz8bsg9l":{"chainKey":{"counter":4,"key":"nFpvBBvBfcqjNwtMVtct6XgQNTPJTh3m3PQUV4rDAfE="},"chainType":1,"messageKeys":{}}},"pendingPreKey":{"signedKeyId":0,"baseKey":"Be5JlefdYRBDBF6aKxH74YZ1maINe13fF+/yRR/vGZIg","preKeyId":16379512}}},"version":"v1"}