{"_sessions":{"BZKKChOcE/JL4a81uW07HGmi0sTe1J2uU9KFngHvkxQS":{"registrationId":1645089985,"currentRatchet":{"ephemeralKeyPair":{"pubKey":"Bbyxz70sx7tJUI1Q6aO3wxdTecTyVOQsdHhh/Hkm6glW","privKey":"OGFfiXgjeS1/utTxZOp4hbSa31ICiVKpcIaCbIt6Tlw="},"lastRemoteEphemeralKey":"Bdrgs+RWKRK/T1uou5FXu++wCmvHjRn4sSRfNWukL9Eg","previousCounter":0,"rootKey":"u9607gASZg0307pz+E/CtS6wofqaz5qGEb9biYJdJ+o="},"indexInfo":{"baseKey":"BZKKChOcE/JL4a81uW07HGmi0sTe1J2uU9KFngHvkxQS","baseKeyType":1,"closed":-1,"used":1759877806607,"created":1759877806607,"remoteIdentityKey":"Bf+YSIvZ509Px1o0dZV4LE7CZPGqgg0nVKjHafY9Y3Iu"},"_chains":{"Bbyxz70sx7tJUI1Q6aO3wxdTecTyVOQsdHhh/Hkm6glW":{"chainKey":{"counter":4,"key":"I9so5CcN7a7GogCa+0gtZILqRRFQWCvyPQZv3FGOiXI="},"chainType":1,"messageKeys":{}}},"pendingPreKey":{"signedKeyId":15,"baseKey":"BZKKChOcE/JL4a81uW07HGmi0sTe1J2uU9KFngHvkxQS","preKeyId":9014596}}},"version":"v1"}