{"_sessions":{"Bac9PIBbninS9QsGCZ89T22Mjj3dIn3wlPmFRvIG3kIW":{"registrationId":1138872517,"currentRatchet":{"ephemeralKeyPair":{"pubKey":"BXZAEcC+EhX2Ke/aV+6J0homeMfzAql1NzFTybNXk3Am","privKey":"KA5h+fD6bJqZaDzM86A2YzBpmZTTKRoAIQFmQRuY0WY="},"lastRemoteEphemeralKey":"BTRonrbE+tpT4lt87EsDQFgJ8dAGhxwK4OHp+aW54qQ4","previousCounter":0,"rootKey":"sNV5cZQTR64FI6aBqOHq1TBbjaqPLrcPC0FWuvu1QpQ="},"indexInfo":{"baseKey":"Bac9PIBbninS9QsGCZ89T22Mjj3dIn3wlPmFRvIG3kIW","baseKeyType":1,"closed":-1,"used":1759877806444,"created":1759877806444,"remoteIdentityKey":"BcCzoDPZI4TcMVJaqjTrGIFzIMfkNOcJ3Z4Gra2t9u9t"},"_chains":{"BXZAEcC+EhX2Ke/aV+6J0homeMfzAql1NzFTybNXk3Am":{"chainKey":{"counter":4,"key":"2IY6nnO/PtOEl3CC3gXC+YcLLHw95NGiJv8IRKhiRSY="},"chainType":1,"messageKeys":{}}},"pendingPreKey":{"signedKeyId":2,"baseKey":"Bac9PIBbninS9QsGCZ89T22Mjj3dIn3wlPmFRvIG3kIW","preKeyId":6262312}}},"version":"v1"}