{"_sessions":{"BXXU/NlrUR+B2S8+5ZaCPZZZSsEacOgsVo+uAQTgvTI9":{"registrationId":196619102,"currentRatchet":{"ephemeralKeyPair":{"pubKey":"BVfyBB4V6Q4wlvTlBbbAl27ck+33Ke32QGVeVZMJKKAK","privKey":"KMkgoJWpmdtKB0mxhASYQXlLUp4JJNjcN7ALllvoz2M="},"lastRemoteEphemeralKey":"BQDoySA3UwOVKwvCIV/KCfrMWgy/VUxNKWZxnvkuGVs3","previousCounter":0,"rootKey":"bFYHo/MvvojPl+a6eI8sGYNTwBUcF+TieQ3r1MbvDaU="},"indexInfo":{"baseKey":"BXXU/NlrUR+B2S8+5ZaCPZZZSsEacOgsVo+uAQTgvTI9","baseKeyType":1,"closed":-1,"used":1759877806598,"created":1759877806598,"remoteIdentityKey":"BfzAcA5IaOVwcS+F0e3jPHeDvkogwUNE76ymHpEeaMhY"},"_chains":{"BVfyBB4V6Q4wlvTlBbbAl27ck+33Ke32QGVeVZMJKKAK":{"chainKey":{"counter":4,"key":"DXyU+cw0sIdtLRgQ/5pi8uy33CqPxsKGTmwTjAz3tRw="},"chainType":1,"messageKeys":{}}},"pendingPreKey":{"signedKeyId":1,"baseKey":"BXXU/NlrUR+B2S8+5ZaCPZZZSsEacOgsVo+uAQTgvTI9","preKeyId":2363359}}},"version":"v1"}