{"_sessions":{"BSHJJjnBGCSbT5XgUw3tsmYVJVZyW4+3GWzKsVTOIEcg":{"registrationId":1917995315,"currentRatchet":{"ephemeralKeyPair":{"pubKey":"Bb767bepZ6Ykafe2KB/oRTnh6S3WTBOf2z5R6bzA8XZv","privKey":"ONJEeIBGBlqk8kPYF7IcIh3Ui+QkVG501qCDT5oOWFk="},"lastRemoteEphemeralKey":"Be/cODCEPyknOS+/zwYqn09d4KOCDSNsn5qo/Bn4DVke","previousCounter":0,"rootKey":"fmpIJggClakwc2dn7TfZmw7HqDT0HEg00qhyjrwnLlQ="},"indexInfo":{"baseKey":"BSHJJjnBGCSbT5XgUw3tsmYVJVZyW4+3GWzKsVTOIEcg","baseKeyType":1,"closed":-1,"used":1759877806673,"created":1759877806673,"remoteIdentityKey":"BXyaF09ktW0WoICuEc00ZBVHYDSp0/IMtCUaSaRU6k8n"},"_chains":{"Bb767bepZ6Ykafe2KB/oRTnh6S3WTBOf2z5R6bzA8XZv":{"chainKey":{"counter":4,"key":"misYq8cnpZzQnBUKp3oFn17ExEpovLnknhy2nvKiLdQ="},"chainType":1,"messageKeys":{}}},"pendingPreKey":{"signedKeyId":0,"baseKey":"BSHJJjnBGCSbT5XgUw3tsmYVJVZyW4+3GWzKsVTOIEcg","preKeyId":1207139}}},"version":"v1"}