{"_sessions":{"BbxGg9laMpl5/47aiUHvvbv5GtuphAR3/PW0dAxfDrw0":{"registrationId":812108495,"currentRatchet":{"ephemeralKeyPair":{"pubKey":"BfthvUYZDusnQzKdMIVHvQ1cLWzsj56GaKFx/ADTufNc","privKey":"0ORLiC2Vccw1X1EfD1Tq7h/Zr7B0yvqsehgMxjbs518="},"lastRemoteEphemeralKey":"BaUq6xilVbGD3Vj5uXLEzH5wgJ8IMnwxe9VqfQQLH5RH","previousCounter":0,"rootKey":"GSVGBZo9WfeqXJKDMvclDiZEv30QKJntmbplDdYEb+E="},"indexInfo":{"baseKey":"BbxGg9laMpl5/47aiUHvvbv5GtuphAR3/PW0dAxfDrw0","baseKeyType":1,"closed":-1,"used":1759877806457,"created":1759877806457,"remoteIdentityKey":"Bdjop89Ds9ReWXdYm+NG8s1mZzYkL99DzskrgGKbXhEj"},"_chains":{"BfthvUYZDusnQzKdMIVHvQ1cLWzsj56GaKFx/ADTufNc":{"chainKey":{"counter":4,"key":"QDCN14jEPR4FYr3lGL0bpL4B5aYe+JVH+MC8H8coFGA="},"chainType":1,"messageKeys":{}}},"pendingPreKey":{"signedKeyId":0,"baseKey":"BbxGg9laMpl5/47aiUHvvbv5GtuphAR3/PW0dAxfDrw0","preKeyId":11835896}}},"version":"v1"}