{"_sessions":{"BX8nRtrOgg+NU7qq67w+FyfQFY8yHNh++dbH370ur7EO":{"registrationId":2139860393,"currentRatchet":{"ephemeralKeyPair":{"pubKey":"Bcyr3el5OATUNH5nWm0NqLxqJWv9CK3/ic2zBTxg1p1W","privKey":"8OPMLqaCnjb/e3x0+pcUpZ1SM6PD7fvboZjuT7OjJW4="},"lastRemoteEphemeralKey":"BWg3uRPnZ0fTNadJ2SR82zqOx0qhO7jbQ2WXu4ad1iRE","previousCounter":0,"rootKey":"fcE9mKUjjoz2yvxsES+kO0o12HNdbRQFd/MFOGsVFBQ="},"indexInfo":{"baseKey":"BX8nRtrOgg+NU7qq67w+FyfQFY8yHNh++dbH370ur7EO","baseKeyType":1,"closed":-1,"used":1759877806674,"created":1759877806674,"remoteIdentityKey":"BWHk2bW3m784aaeJb9ZI2wX+deSmcmxPDT5VZzqmdsp6"},"_chains":{"Bcyr3el5OATUNH5nWm0NqLxqJWv9CK3/ic2zBTxg1p1W":{"chainKey":{"counter":4,"key":"B39bjS+VT4hGwu61UCftlzEy3zicIZ24UMOJv4gEr14="},"chainType":1,"messageKeys":{}}},"pendingPreKey":{"signedKeyId":4,"baseKey":"BX8nRtrOgg+NU7qq67w+FyfQFY8yHNh++dbH370ur7EO","preKeyId":1165}}},"version":"v1"}