{"_sessions":{"BQ0BgKQtqZN/aJ4IAaUjqWf9jlB/TcIEN42rwaWVl6Ml":{"registrationId":1568903363,"currentRatchet":{"ephemeralKeyPair":{"pubKey":"BWH3btziFgu2/Cghs8DEgbbDgfX3Q+hPO65fenC5tTkT","privKey":"+FZ2mD6JhIiCm8nxWb7DzzuwFjtWrtmTJ2L3qJcxCFs="},"lastRemoteEphemeralKey":"BTaEfNzdAN4+D/XR6KLjf8EiKESImD8k/7CwarudMXRC","previousCounter":0,"rootKey":"PKSSXBp8M0fm2JZwDibS8pKS4/kFGigmA8ETTfDzWww="},"indexInfo":{"baseKey":"BQ0BgKQtqZN/aJ4IAaUjqWf9jlB/TcIEN42rwaWVl6Ml","baseKeyType":1,"closed":-1,"used":1759877806779,"created":1759877806779,"remoteIdentityKey":"BewEGjtvgPMM+EXUZ8py/61WI1ItT1VdMHaYMi8gWzdF"},"_chains":{"BWH3btziFgu2/Cghs8DEgbbDgfX3Q+hPO65fenC5tTkT":{"chainKey":{"counter":4,"key":"W2Ajxkz6PH5rnCB9kURxE6GX6bG2i4SrxHioJNUj734="},"chainType":1,"messageKeys":{}}},"pendingPreKey":{"signedKeyId":9804577,"baseKey":"BQ0BgKQtqZN/aJ4IAaUjqWf9jlB/TcIEN42rwaWVl6Ml"}}},"version":"v1"}