{"_sessions":{"BeFn7mjJN/ro7sSaKy/uJyTg5evMu1VCQRtMQkT/5Fl9":{"registrationId":25782506,"currentRatchet":{"ephemeralKeyPair":{"pubKey":"BYTn8OjbUGMIGPmXT+acvW3ZoxxWipJe6pFdLvvYGVpO","privKey":"APUz48WCiFiILAXnvxOvmNn3JAMx8kqOlLmBfB5WlEw="},"lastRemoteEphemeralKey":"BfF78xkACeIPCiMR5AKLoT7xXCnczzfKDAm0E49dPAcO","previousCounter":0,"rootKey":"LIj+A0IQPVhJ5VCWGVprku5z90sSs9FuqU1huM8wWcw="},"indexInfo":{"baseKey":"BeFn7mjJN/ro7sSaKy/uJyTg5evMu1VCQRtMQkT/5Fl9","baseKeyType":1,"closed":-1,"used":1759877806606,"created":1759877806606,"remoteIdentityKey":"BSrrHhLgn99ObC0wMZ3Xp9+DPzTbcGwcCet8frWh7DYc"},"_chains":{"BYTn8OjbUGMIGPmXT+acvW3ZoxxWipJe6pFdLvvYGVpO":{"chainKey":{"counter":4,"key":"0uQ7RZnxeCyVT7GFEfMxIEjdTjgmjcwm03U6Gg4LNKY="},"chainType":1,"messageKeys":{}}},"pendingPreKey":{"signedKeyId":0,"baseKey":"BeFn7mjJN/ro7sSaKy/uJyTg5evMu1VCQRtMQkT/5Fl9","preKeyId":6705766}}},"version":"v1"}