{"_sessions":{"BRPoJ1uOAF2k/EehX8EWGB8Ku9YiRuepYjq1T9z3xgQy":{"registrationId":1094961910,"currentRatchet":{"ephemeralKeyPair":{"pubKey":"BTbsdGYwbpqSPpl8L/ztZJieMUBozLV8PpCP9KkQ2EFF","privKey":"oFLO2ncU1gYDRLMgkmJWlanh104fOdRTNziNaRAcMnA="},"lastRemoteEphemeralKey":"BZFL1pUPBlpEvsHTe6MHt9r7IoZHTtty7R0AeLNipG8Y","previousCounter":0,"rootKey":"HrdB6rVkWY/vNTVxWlTV/+W8zDOnibSGlxCgPckQN/o="},"indexInfo":{"baseKey":"BRPoJ1uOAF2k/EehX8EWGB8Ku9YiRuepYjq1T9z3xgQy","baseKeyType":2,"closed":1759879234906,"used":1759878066262,"created":1759878066262,"remoteIdentityKey":"BcBs9LQZM0kFFMFhOCYxZlM/ESkl1wFZx2N0Lw6+41I1"},"_chains":{"BZFL1pUPBlpEvsHTe6MHt9r7IoZHTtty7R0AeLNipG8Y":{"chainKey":{"counter":0,"key":"to9VTMo1w1tiXVE85JAxIUeP8hJI/1elk4o3wzh93Vs="},"chainType":2,"messageKeys":{}},"BTbsdGYwbpqSPpl8L/ztZJieMUBozLV8PpCP9KkQ2EFF":{"chainKey":{"counter":-1,"key":"2uJS27awQBCglH+zCEgzODPyWFaq1Du3b7zB0BVxgtQ="},"chainType":1,"messageKeys":{}}}},"Bbj86bJCYB4MaA+2is3ABC0tqRWFaZcDKWsOY5NPC/xU":{"registrationId":1094961910,"currentRatchet":{"ephemeralKeyPair":{"pubKey":"BTyKnC3cGQ/loxRneb1LGfCVwGkVraWck8fQxS+WTJdb","privKey":"YNf9sZh19U1sPlCYLSTjuu78PYGzDM3MOp+cwBZ4fGQ="},"lastRemoteEphemeralKey":"BaJyY9yC5aV0iwfh2mpWVN7fhK+N/M+eU9IL6u7bDspe","previousCounter":0,"rootKey":"S5FcQr8cXzC4VBa4aqvv55AmDu4dcZHgk7j8dXEgGf8="},"indexInfo":{"baseKey":"Bbj86bJCYB4MaA+2is3ABC0tqRWFaZcDKWsOY5NPC/xU","baseKeyType":2,"closed":-1,"used":1759879234907,"created":1759879234907,"remoteIdentityKey":"BcBs9LQZM0kFFMFhOCYxZlM/ESkl1wFZx2N0Lw6+41I1"},"_chains":{"BaJyY9yC5aV0iwfh2mpWVN7fhK+N/M+eU9IL6u7bDspe":{"chainKey":{"counter":1,"key":"nBWbTqV3dKMVCZz9ZzVEyKaqbMY6VkTmuyByAILhrn8="},"chainType":2,"messageKeys":{}},"BTyKnC3cGQ/loxRneb1LGfCVwGkVraWck8fQxS+WTJdb":{"chainKey":{"counter":-1,"key":"89WflFe+6drEwwzzEPP+sFcq3oip1BcOuUY1myEJbw8="},"chainType":1,"messageKeys":{}}}}},"version":"v1"}