{"_sessions":{"BQif7ubodBw0bGiJUp0VAbAwTM46tRDU2cxD62YA3ZNV":{"registrationId":602936699,"currentRatchet":{"ephemeralKeyPair":{"pubKey":"BUmRIB6yG+5tQVwn1sEKra0ZcsGdDlRparkwR+ywGqge","privKey":"wLuDfS9zV+b2dL93eFjYACUzAu+mUv/NBXFFn4kl8mc="},"lastRemoteEphemeralKey":"Bf/5c7ZRfcMrap9Ue5pUx6QEZ56AQP29taz3lJfm3Z5W","previousCounter":0,"rootKey":"cOlQJCLEN0WLGGoPbPtxuoNgd0IQZRk6DZlmO5rAV4s="},"indexInfo":{"baseKey":"BQif7ubodBw0bGiJUp0VAbAwTM46tRDU2cxD62YA3ZNV","baseKeyType":1,"closed":-1,"used":1759877806481,"created":1759877806481,"remoteIdentityKey":"BeJ+Tp1gRmwtDR/DTXjD9pcdzL1TEKdTDhyvtAUNLzku"},"_chains":{"BUmRIB6yG+5tQVwn1sEKra0ZcsGdDlRparkwR+ywGqge":{"chainKey":{"counter":4,"key":"ifAY5BjBk13yWkYIpqw8j4n8u9fJi0q1DtPYbSAbxus="},"chainType":1,"messageKeys":{}}},"pendingPreKey":{"signedKeyId":6,"baseKey":"BQif7ubodBw0bGiJUp0VAbAwTM46tRDU2cxD62YA3ZNV","preKeyId":2349285}}},"version":"v1"}