{"_sessions":{"BWH5ugNy2rlzGaZtn0syLFyg/hpn/fAZFTsLcf0SaIJg":{"registrationId":1550790919,"currentRatchet":{"ephemeralKeyPair":{"pubKey":"BfVBv4LuxILGCBwjRzv7sbwRKiOdqYCDXRTqEisQxkpS","privKey":"qMTAsTEM6iin+FMa/eMB/dtvngaMJG4Fjmdu6hCyc0c="},"lastRemoteEphemeralKey":"BaiUMQ8oVGtmr/kTJJAGAjK3no7HT08CN+vJodca74Uq","previousCounter":0,"rootKey":"H2mJs1xIxSOGvef1WIugry1m0O5I5ED/uF1ycNzNKtE="},"indexInfo":{"baseKey":"BWH5ugNy2rlzGaZtn0syLFyg/hpn/fAZFTsLcf0SaIJg","baseKeyType":1,"closed":-1,"used":1759877806631,"created":1759877806631,"remoteIdentityKey":"BTdpRH8KStkWLhVCuTJepcCPLPMu4R6f7F0MTlzndUdk"},"_chains":{"BfVBv4LuxILGCBwjRzv7sbwRKiOdqYCDXRTqEisQxkpS":{"chainKey":{"counter":4,"key":"plME1fCqnOf+Eugr+J3Q2Gs1ygOTAPpFQ6iDg68fnHc="},"chainType":1,"messageKeys":{}}},"pendingPreKey":{"signedKeyId":3,"baseKey":"BWH5ugNy2rlzGaZtn0syLFyg/hpn/fAZFTsLcf0SaIJg","preKeyId":14202796}}},"version":"v1"}