{"_sessions":{"BaaK4Q102ur5gsrWKay0deQ/ZQXEkYsYaI+y6eDt/oEd":{"registrationId":1117927223,"currentRatchet":{"ephemeralKeyPair":{"pubKey":"BWceCWY/5D7PJJ569hZ3WdbKZRqpiVXKPegdxwjS9aBh","privKey":"QPUo2/w5lJbgTA5rRyydQnXqZBpbXM2q8jlLVeUsJlM="},"lastRemoteEphemeralKey":"BY0+R1fvVITGThL/rNR0YGeJKEiPvVP3Cf0a9A8A+ZJJ","previousCounter":0,"rootKey":"SPrM8H42Xj8OMZhBvJcSUPP36yXBxsXCVyn/PXlFDJM="},"indexInfo":{"baseKey":"BaaK4Q102ur5gsrWKay0deQ/ZQXEkYsYaI+y6eDt/oEd","baseKeyType":1,"closed":-1,"used":1759877806427,"created":1759877806427,"remoteIdentityKey":"BYKNSLIFCunNoyW7ATbIncQ5qYCZp4oLMQjRqtpQcssX"},"_chains":{"BWceCWY/5D7PJJ569hZ3WdbKZRqpiVXKPegdxwjS9aBh":{"chainKey":{"counter":4,"key":"lqbM3wC9Hm4TM/Oob9r24ee0MmoNlOpRoE6lxzrdPgY="},"chainType":1,"messageKeys":{}}},"pendingPreKey":{"signedKeyId":0,"baseKey":"BaaK4Q102ur5gsrWKay0deQ/ZQXEkYsYaI+y6eDt/oEd","preKeyId":7631893}}},"version":"v1"}