{"_sessions":{"BYyGLGx7eX0D8JSy+dguBvCk+cgMU+AppujJb0+DMd0W":{"registrationId":333896173,"currentRatchet":{"ephemeralKeyPair":{"pubKey":"BUG2PPStd5IDvD3LT9QQlpJKdZy7IXzu5kUcx7fdZ1Qt","privKey":"SCUYP7ydWsGzsCTwSqGy8OUk6vh3l7NrHDZBpJ3jREI="},"lastRemoteEphemeralKey":"BeHUzNgy1MBNf8d3X691alQ5SgqCwRnQELR5B5Rz0hUk","previousCounter":0,"rootKey":"OHDyGCIErAz9JZeu5mTsAb5Esl37k3qhjJqXxgXRymI="},"indexInfo":{"baseKey":"BYyGLGx7eX0D8JSy+dguBvCk+cgMU+AppujJb0+DMd0W","baseKeyType":1,"closed":-1,"used":1759877806684,"created":1759877806684,"remoteIdentityKey":"BXeX92yO7cOzfk+AMJKSe0tKdAW2oxOd4pqWXMUnMLp7"},"_chains":{"BUG2PPStd5IDvD3LT9QQlpJKdZy7IXzu5kUcx7fdZ1Qt":{"chainKey":{"counter":4,"key":"7PikW0WDrZB0s59bbS829r6isZ1sHhc1go39PJwF2kQ="},"chainType":1,"messageKeys":{}}},"pendingPreKey":{"signedKeyId":2,"baseKey":"BYyGLGx7eX0D8JSy+dguBvCk+cgMU+AppujJb0+DMd0W","preKeyId":8957101}}},"version":"v1"}