{"_sessions":{"BZn4YuZi4uGPpp3KaHC6RdQ9sFrUFfuq5xh3L/V/OsoG":{"registrationId":715149511,"currentRatchet":{"ephemeralKeyPair":{"pubKey":"BSA7MnrD4RqHiPTUIyJ1HCg3FT3fQnFAFHfwxbPNrNdF","privKey":"AJ5rtl8CAb9uYCLeVilXpD8zyHMAd0+rZ3p2f4+EB0c="},"lastRemoteEphemeralKey":"BRR/gxDgZMPYP6rLlRfKATNC2W5O5B9o9atLrelJC50x","previousCounter":0,"rootKey":"UfhKjyipApBE9xWJLRUveS/NWd9J8iO6nvl5g3JdEfI="},"indexInfo":{"baseKey":"BZn4YuZi4uGPpp3KaHC6RdQ9sFrUFfuq5xh3L/V/OsoG","baseKeyType":1,"closed":-1,"used":1759881605026,"created":1759875634760,"remoteIdentityKey":"BZeFzn1X75/tBFSNPBobOaDCrdOvVyiUQccWShK5KH9y"},"_chains":{"BVq6O2CqPSSXpDDNnnaqoPqVXJGNmOmqV07N/4DPz6wH":{"chainKey":{"counter":0},"chainType":2,"messageKeys":{}},"BRphQ3qopifrVrZC7M3mdnVKjItINA9vFqYgG237HmhB":{"chainKey":{"counter":1},"chainType":2,"messageKeys":{}},"BbN1a+T1rQcFf9qBpEpCLSPRSrW8BVuz0P4GJ472ISlj":{"chainKey":{"counter":0},"chainType":2,"messageKeys":{}},"BVkltpWxciC/1xZ36rGz3ZMx0NsvtYXzIfDBtoFosT49":{"chainKey":{"counter":0},"chainType":2,"messageKeys":{}},"BXRYwQYUCJrbSdhC8pnYfmXLXQ+rIyl8lkAgoG8HE6Fm":{"chainKey":{"counter":0},"chainType":2,"messageKeys":{}},"BUbxbt2mB7NygxYigZfMyGou5+wVSMYd93qzquJEXjB3":{"chainKey":{"counter":4},"chainType":2,"messageKeys":{}},"BR4CacwFYifH1qZVszveN4qtBY2vVbOUiGBIkiToymBE":{"chainKey":{"counter":0},"chainType":2,"messageKeys":{}},"BQWIleQiMEALqa7GfKFbPwMjbdtN1gmR1V/ypU9fz2I/":{"chainKey":{"counter":0},"chainType":2,"messageKeys":{}},"BapHikdfFIlRtJ8+t6mWxzKpWBKRwv4gthSg7MUH7i90":{"chainKey":{"counter":0},"chainType":2,"messageKeys":{}},"BTzZlO9fP6fdm/AIxN5Nss/p508117Yb+kxMDW33VB1l":{"chainKey":{"counter":0},"chainType":2,"messageKeys":{}},"Bbc+Rctc7r6CyK2j0Gp5pzOppwW4aRA6gTRaG6caTopp":{"chainKey":{"counter":0},"chainType":2,"messageKeys":{}},"Bck5+2ZOmleqtCIc1j7yxlnzpvpjMJ8icAyNUuIoBykq":{"chainKey":{"counter":1},"chainType":2,"messageKeys":{}},"BWnHwFzzOc06DZ84vm9akA8S8nqPGxv3r5yFLZTl/qEs":{"chainKey":{"counter":0},"chainType":2,"messageKeys":{}},"BZUx3BVLHLRV+ECgmR5TW2D8DnkiNWYdiJD7GWBpiY9h":{"chainKey":{"counter":0},"chainType":2,"messageKeys":{}},"BbD5WCzymm60ZSlRiK+q2zP2KLMzGoRQdunKSkG5GrNz":{"chainKey":{"counter":1},"chainType":2,"messageKeys":{}},"BaWdqJcdo8lw6e28B4p99ULynrxc8D1je++ETyeaW6Z0":{"chainKey":{"counter":0},"chainType":2,"messageKeys":{}},"BS0sv26PChKBQWEF7WCcn6OdYl7u979V/bMrbF6SepoW":{"chainKey":{"counter":0},"chainType":2,"messageKeys":{}},"BW/gI18ZGrWXJDqa+1qbRmJTyeqU4CDfDil9sIDNuV1k":{"chainKey":{"counter":0},"chainType":2,"messageKeys":{}},"BSsDqe4tB1vDJqAl6+lvCoTxLTV57k5W3Nlw+VV8hSgJ":{"chainKey":{"counter":0},"chainType":2,"messageKeys":{}},"Bd7RGREWS+hCyU9QRoopCfyvZVLcnG/UnTixhMnbpflm":{"chainKey":{"counter":0},"chainType":2,"messageKeys":{}},"BXU33ebRKB5w8AY8HyWJrbNBVtJhOrlBSOXClPPkYw5A":{"chainKey":{"counter":0},"chainType":2,"messageKeys":{}},"BebWy3tcBTsAOw+kyKLjouEnZxpy9DTLU5X2P89amcdb":{"chainKey":{"counter":1},"chainType":2,"messageKeys":{}},"BXHQ1CW+ZuWDxaXKRy2Ow+ts9THecJKJTa9fVhbE891/":{"chainKey":{"counter":0},"chainType":2,"messageKeys":{}},"BSSAkEN94LShAFxrgbB+srceXrabry1oyuy1RW3V10RC":{"chainKey":{"counter":0},"chainType":2,"messageKeys":{}},"BW1y8Ccy4n+r9JaIaeKFjQlkRYE5wsUEErFpuMIhdxVt":{"chainKey":{"counter":0},"chainType":2,"messageKeys":{}},"Ba+186UZbr+u/Gouwxe6HQK3sGCfNeyscI884262kg9P":{"chainKey":{"counter":0},"chainType":2,"messageKeys":{}},"BVnBROuUjjtVsWeYx/cLGA3SGrR7bXToZFDdvXIwiO1V":{"chainKey":{"counter":1},"chainType":2,"messageKeys":{}},"BUmpV9zLLzo+oWCQAA5nz3GonIk3+fZyolivTBC/5dQe":{"chainKey":{"counter":0},"chainType":2,"messageKeys":{}},"BXwngG1xENHEFmDBjzfznF4JHN1F8gUcbu/7nKiyoilo":{"chainKey":{"counter":0},"chainType":2,"messageKeys":{}},"BTsPGYPJ8uX3MotDoqX1L3/ajxWiwxHJ9K/hv5Mdgig+":{"chainKey":{"counter":0},"chainType":2,"messageKeys":{}},"BSli8p1JMDJdSOmseOrK9y2SujCIj3fvYd6QMihHFlBF":{"chainKey":{"counter":0},"chainType":2,"messageKeys":{}},"BTsLWjjV+xg8WqH2FPZJbfaVa8EZFjsszcQW9poZRL4y":{"chainKey":{"counter":0},"chainType":2,"messageKeys":{}},"BTD853dY/sytuXlsNn22BWR2xWDlU4NjmU4qY9kxkZAO":{"chainKey":{"counter":4},"chainType":2,"messageKeys":{"0":"6hEnZmT3rqNZn6sgSNq/imCZqQddgMP3A7KvzSt7eLw=","1":"4mwh0lhhI3dWJz01VVm6uxoGaicymZFpFLO4FMgQEHk=","2":"R4Go0G8KTwUVjHjDiJchFq8TCYTLKMAh9FBmimNuoGo="}},"BTE4rzVoQU7+UDydZbxT8IzC7JBk6R/BR7a3J4FS760l":{"chainKey":{"counter":0},"chainType":2,"messageKeys":{}},"BdzUke3r3vO7TSkmBfTB8M8xCemTf7bbL+EJ3cG47JUd":{"chainKey":{"counter":0},"chainType":2,"messageKeys":{}},"BRqKUzOgSvOSL7pgRCdvGBsTrk2/bEGerO8RNfZ2m4t5":{"chainKey":{"counter":1},"chainType":2,"messageKeys":{}},"Bd8Zc7azeXHBDQmRjBLiv55veiru+xeq4qirjGvmEHtn":{"chainKey":{"counter":0},"chainType":2,"messageKeys":{}},"BXKf4tpa+TlKHwe8Da4wElmd9SiHF3ueGy753QLE4HM0":{"chainKey":{"counter":0},"chainType":2,"messageKeys":{}},"BaCQ95BR5jyjaCOJD9hWgb6Oye7tuIXRoQjwx+6X6lwH":{"chainKey":{"counter":0},"chainType":2,"messageKeys":{}},"Bf0HNV2iwvJmdQa7T1hf/B22RuOVwKWgy4LRw/iiKRQl":{"chainKey":{"counter":0},"chainType":2,"messageKeys":{}},"BarrNJ9eeTGveT0ufmHaw6s26ONmswd89Z3siypygYAP":{"chainKey":{"counter":0},"chainType":2,"messageKeys":{}},"BeWZt5J1V1ASsOYvVfpXhd5WfWrXfBDSRjqAhrIxj5kj":{"chainKey":{"counter":0},"chainType":2,"messageKeys":{}},"BeWIjr2zPpLIEIfRLDvsRaPHOUZhjI/jXSxqPgWVWsIY":{"chainKey":{"counter":1},"chainType":2,"messageKeys":{}},"BUYIaauOhOuXEKS4i/AL3WulV0DzDipr7awR0RWPrypF":{"chainKey":{"counter":0},"chainType":2,"messageKeys":{}},"BYL3kZGOp1XOxQZ2IIVfjRyLgHbQJkyiKA5bqcgoh9Uf":{"chainKey":{"counter":0},"chainType":2,"messageKeys":{}},"Bd8fPNwuhcRCQ3z0XZz9cW/WpdWMcVwXqvMh8sC+n7oX":{"chainKey":{"counter":0},"chainType":2,"messageKeys":{}},"BYNMtNYqnodePKUpy2S/pOnRPe2l5yhRWwZ+t8ttlsl1":{"chainKey":{"counter":1},"chainType":2,"messageKeys":{}},"Bdupv+/DaOFGm0hzTyuHs/8QGTTQDgELy84Zpds8uith":{"chainKey":{"counter":0},"chainType":2,"messageKeys":{}},"BcpxqZmBfCBi+jNBLaisrQianQCn1+Hk52rEPI3kqlgr":{"chainKey":{"counter":0},"chainType":2,"messageKeys":{}},"BSmuqLQ9rSKD0Vc//xl0BBwt4vLPT/AtoBiXwGqakNMd":{"chainKey":{"counter":0},"chainType":2,"messageKeys":{}},"BYFLWF3R7nldBu3uvUG35s2HQzUc1LSnCGzhTiiuJLYR":{"chainKey":{"counter":0},"chainType":2,"messageKeys":{}},"BaY/SDW2NyoADyxidNaTbg+g3L3AHEpGVMGdxUnT2I4m":{"chainKey":{"counter":0},"chainType":2,"messageKeys":{}},"BUQeh+9sfE8Q/f69RsbJXQ3dvn6JgQCDbO+D6Y6+lUs2":{"chainKey":{"counter":0},"chainType":2,"messageKeys":{}},"Bf56TQejUWiMesdhf9rrVevBf06gZUOLupxS6aEpB24M":{"chainKey":{"counter":0},"chainType":2,"messageKeys":{}},"BRR/gxDgZMPYP6rLlRfKATNC2W5O5B9o9atLrelJC50x":{"chainKey":{"counter":0,"key":"RyJS76W3zwbCrbwi4h+/h4VgeW9A6xD79iPOUAT5Ayg="},"chainType":2,"messageKeys":{}},"BSA7MnrD4RqHiPTUIyJ1HCg3FT3fQnFAFHfwxbPNrNdF":{"chainKey":{"counter":-1,"key":"KrHZRW5+NLeJ4LLH5TPlSmDqu8U1iN4hNG/uk8dvwOE="},"chainType":1,"messageKeys":{}}}}},"version":"v1"}