{"_sessions":{"BaBk1BsWU8FQf65hhXgUYFuyIUme4EFNz1E3StIOTcwM":{"registrationId":1061775760,"currentRatchet":{"ephemeralKeyPair":{"pubKey":"Bd4KZmwchDQdqYV+MVzbXvAtnKJRnpcH5uBsZKjF5aB1","privKey":"EHuE3XDB5d6qLtH55Ju+oVNFW/wrnqBPC8X8WX7cLE4="},"lastRemoteEphemeralKey":"Bb5HvG0Q+s/XA2GjC0h0RfloY3opYqodjjyHMQSZsW4x","previousCounter":0,"rootKey":"nnq6zfQFLQWs4m1VBcLQEO8C6umDmUdr2aOtJK6hpbM="},"indexInfo":{"baseKey":"BaBk1BsWU8FQf65hhXgUYFuyIUme4EFNz1E3StIOTcwM","baseKeyType":1,"closed":1759880411232,"used":1759877806771,"created":1759877806771,"remoteIdentityKey":"BY7d0VYi6NYdKeR3M0VFaHiVIAzTaNs4WzjQv13Zoete"},"_chains":{"Bd4KZmwchDQdqYV+MVzbXvAtnKJRnpcH5uBsZKjF5aB1":{"chainKey":{"counter":3,"key":"UrQWO9miZ4WOK1XlO0f7g2+6u0UeJl9TO41kBOJDrrA="},"chainType":1,"messageKeys":{}}},"pendingPreKey":{"signedKeyId":1,"baseKey":"BaBk1BsWU8FQf65hhXgUYFuyIUme4EFNz1E3StIOTcwM","preKeyId":1644}},"BYd7ayav+8mthgAuR3AQ1tRUK93EistEJzYLDACmqGgn":{"registrationId":1061775760,"currentRatchet":{"ephemeralKeyPair":{"pubKey":"BYAgwWE3t1JY1dYvIRljMNCbGFt6vgA/6GPeaqCaSIBr","privKey":"8EwhaTJ0wT7+RIRarnRD+b/+ZnNJ2Dy0GJIm1c5n9Wk="},"lastRemoteEphemeralKey":"Bb5HvG0Q+s/XA2GjC0h0RfloY3opYqodjjyHMQSZsW4x","previousCounter":0,"rootKey":"mSO4h5bcIdGi9N1fG/w85VPMj+7CqhVVvAsFl5pRgRw="},"indexInfo":{"baseKey":"BYd7ayav+8mthgAuR3AQ1tRUK93EistEJzYLDACmqGgn","baseKeyType":1,"closed":-1,"used":1759880411226,"created":1759880411226,"remoteIdentityKey":"BY7d0VYi6NYdKeR3M0VFaHiVIAzTaNs4WzjQv13Zoete"},"_chains":{"BYAgwWE3t1JY1dYvIRljMNCbGFt6vgA/6GPeaqCaSIBr":{"chainKey":{"counter":0,"key":"fPdccKX8Prt7+o2J0S/DVrrVeZUVwUXJpwJGjC9/+Gw="},"chainType":1,"messageKeys":{}}},"pendingPreKey":{"signedKeyId":1,"baseKey":"BYd7ayav+8mthgAuR3AQ1tRUK93EistEJzYLDACmqGgn","preKeyId":1557}}},"version":"v1"}