{"_sessions":{"BWvR/yM+Q75jQdXFtR2Qe8WQoF8hXOoXR2s5P16RAg1f":{"registrationId":961022296,"currentRatchet":{"ephemeralKeyPair":{"pubKey":"BeT5zmA+b289OWTG6oi6H/oVcep7dv6eK93AGju3aVZa","privKey":"wEl/7O6qQTS/ciGkJok6JZImWzKq2iaX3tGPULBTKkM="},"lastRemoteEphemeralKey":"BXdwbcvwCqpBUY0rZW+kiiQYlioffWDrFVk21tUK4EJQ","previousCounter":0,"rootKey":"G1I/f3MqEIP97iAjs0gM2+SYqcFWyk7qXQtF3W7eHUc="},"indexInfo":{"baseKey":"BWvR/yM+Q75jQdXFtR2Qe8WQoF8hXOoXR2s5P16RAg1f","baseKeyType":1,"closed":-1,"used":1759877806505,"created":1759877806505,"remoteIdentityKey":"BfKnVW4tastMG/zRFBuZtTB3yz7aHc8fFdqWnn+/HCJA"},"_chains":{"BeT5zmA+b289OWTG6oi6H/oVcep7dv6eK93AGju3aVZa":{"chainKey":{"counter":4,"key":"tWCaxkyyRLgRa+723WWuOIl2mUPdE6C0azP9n1eWo7E="},"chainType":1,"messageKeys":{}}},"pendingPreKey":{"signedKeyId":1,"baseKey":"BWvR/yM+Q75jQdXFtR2Qe8WQoF8hXOoXR2s5P16RAg1f","preKeyId":1625984}}},"version":"v1"}