{"_sessions":{"BaIoyq4Yly0MDa8tRB89eIkprYlzf9okMAOjXtJBZr8e":{"registrationId":365411918,"currentRatchet":{"ephemeralKeyPair":{"pubKey":"Ba/2k7P6w6QXSK29exKvsucpjNUlzlU/SE1rFEms0lg3","privKey":"uC88YUTJSBmZiaLqWkoHuX5bpcJvg1gyJTlYwr/Yqk4="},"lastRemoteEphemeralKey":"Ba7SfCWN6lFRifD9kuQZB/scVdWXKVjO7K5uPIzaXCMM","previousCounter":0,"rootKey":"F1B7OzS49btkrO9lkqw30DpN1IqVB3XUesDIL8jkBA4="},"indexInfo":{"baseKey":"BaIoyq4Yly0MDa8tRB89eIkprYlzf9okMAOjXtJBZr8e","baseKeyType":1,"closed":-1,"used":1759877806579,"created":1759877806579,"remoteIdentityKey":"BWi3viyL4Z1hVkkwP9ulG0reSZdn92roySDQfrEAy9Ys"},"_chains":{"Ba/2k7P6w6QXSK29exKvsucpjNUlzlU/SE1rFEms0lg3":{"chainKey":{"counter":4,"key":"ScrNVun+x0c1UmgFcmwYufMyGHzA2aTQ9VSe92LAm28="},"chainType":1,"messageKeys":{}}},"pendingPreKey":{"signedKeyId":2,"baseKey":"BaIoyq4Yly0MDa8tRB89eIkprYlzf9okMAOjXtJBZr8e","preKeyId":7309556}}},"version":"v1"}