{"_sessions":{"BSpHikQoFa9PqTdp4VYot4tCTni6keDb3G2qHXa323Y3":{"registrationId":1925188246,"currentRatchet":{"ephemeralKeyPair":{"pubKey":"BapwjjZtwEnrTDZwH7qjkTNJkgD77XMPK/wNSgySHgBN","privKey":"MCaSGORflpgiQ7iAuOAby82xmtXFgahsmPBsx1R5vEY="},"lastRemoteEphemeralKey":"BYLmWVtQzBWqs8/zSNSD9+eV8T3m6jK3epuOr23f8SIx","previousCounter":0,"rootKey":"X4Ib1RvayuwoEs9MFVXqriYqsacr3neFSmrG0r0QZoU="},"indexInfo":{"baseKey":"BSpHikQoFa9PqTdp4VYot4tCTni6keDb3G2qHXa323Y3","baseKeyType":1,"closed":-1,"used":1759877806558,"created":1759877806558,"remoteIdentityKey":"BbzSG5gmuweTJ/ApceN3WFuXmxTOkv2Xsbqj1/3GGJ4E"},"_chains":{"BapwjjZtwEnrTDZwH7qjkTNJkgD77XMPK/wNSgySHgBN":{"chainKey":{"counter":4,"key":"NCmkJGVMYAnNQK3j0rxf2MPVE3OJ3GnrgY3/TM6G8SM="},"chainType":1,"messageKeys":{}}},"pendingPreKey":{"signedKeyId":0,"baseKey":"BSpHikQoFa9PqTdp4VYot4tCTni6keDb3G2qHXa323Y3","preKeyId":3609083}}},"version":"v1"}