{"_sessions":{"BQJSEc6H8VFm8xxIbsjRJKAS6kFCx+lD9+shadV8Z/w3":{"registrationId":128161913,"currentRatchet":{"ephemeralKeyPair":{"pubKey":"BTCga5/aH3EvKWqD3uNcvRbrMik0Bu0JOiFynJk3I7Fb","privKey":"KIBijMdohccWbY3xc7pyGcyQSuJdXb5uPNqjGmRdZXk="},"lastRemoteEphemeralKey":"BRsyRl8fw9J6M84gWUdybJ2y7qAPW8EIV4PkgqF1DBNu","previousCounter":0,"rootKey":"uaJ2YWNiMzHJIYOQJOwwNbgFrdzG3hz4tzDPYo6DP6A="},"indexInfo":{"baseKey":"BQJSEc6H8VFm8xxIbsjRJKAS6kFCx+lD9+shadV8Z/w3","baseKeyType":1,"closed":-1,"used":1759877806406,"created":1759877806406,"remoteIdentityKey":"Bbw0cpCmGXrSUFpxrOSCWMpWKmv/+KpwtD2S5q8gnVJw"},"_chains":{"BTCga5/aH3EvKWqD3uNcvRbrMik0Bu0JOiFynJk3I7Fb":{"chainKey":{"counter":4,"key":"LWpCoae1ZJnQbbdpcdAw01yVtfyJUY7EVf2Bxg/x+Jo="},"chainType":1,"messageKeys":{}}},"pendingPreKey":{"signedKeyId":0,"baseKey":"BQJSEc6H8VFm8xxIbsjRJKAS6kFCx+lD9+shadV8Z/w3","preKeyId":5712714}}},"version":"v1"}