{"_sessions":{"Bb+xtfmx38qskDBUT8UMBrK4gsTdl2iOAYt9b9tTcyMl":{"registrationId":1464047616,"currentRatchet":{"ephemeralKeyPair":{"pubKey":"BYT6mpyTVvlJP6hSppvifwczB+4IyuP4nGMNbd0Mgd1B","privKey":"2PIPAm1sTWXbX2eIhoz0ux3jHTrtDludNaeUcCGCW1w="},"lastRemoteEphemeralKey":"BUfsaPt0gurEvt5l46OpN5/BJDzQBoIfgWp2NQixohFR","previousCounter":0,"rootKey":"KcXeWUQWbh78+cxad1hzDq18YnGIEa8/yJml6uvtocw="},"indexInfo":{"baseKey":"Bb+xtfmx38qskDBUT8UMBrK4gsTdl2iOAYt9b9tTcyMl","baseKeyType":1,"closed":-1,"used":1759877806702,"created":1759877806702,"remoteIdentityKey":"BZS8WGc6KOE6VQt41c2BcQOEptP7GQ8c1MutwsFOZH1W"},"_chains":{"BYT6mpyTVvlJP6hSppvifwczB+4IyuP4nGMNbd0Mgd1B":{"chainKey":{"counter":4,"key":"piCu+LZ8nSsljzoOPj+rnoy0RjcHKFZosb0pqU6k9Bw="},"chainType":1,"messageKeys":{}}},"pendingPreKey":{"signedKeyId":1,"baseKey":"Bb+xtfmx38qskDBUT8UMBrK4gsTdl2iOAYt9b9tTcyMl","preKeyId":2931847}}},"version":"v1"}