{"_sessions":{"BToCmg3z99CKMvVEJThYwDdt5XZiOCPZJJ79C6TEVN4X":{"registrationId":1620373904,"currentRatchet":{"ephemeralKeyPair":{"pubKey":"BbpjfkRcU2V4UzOiSEJepf6w3X7fwFtHsUwXPaq1hqIg","privKey":"2AGkAw1Ru7c4jHV8VKD4UCIOa6XE03Uga5pQ7p9lhV8="},"lastRemoteEphemeralKey":"BeobPTvM+6FTzFipTSDnyU8AEP7gNfkX44EuB56nD2NF","previousCounter":0,"rootKey":"UEqI1UM53VNLlXRmaF0UIVYatDeeVPpXnwHumSL/mOQ="},"indexInfo":{"baseKey":"BToCmg3z99CKMvVEJThYwDdt5XZiOCPZJJ79C6TEVN4X","baseKeyType":1,"closed":-1,"used":1759877806441,"created":1759877806441,"remoteIdentityKey":"BRJIYVp/0Vjqrz7L+AoQ6xWxfhTa8MM7AoaMZUa6v3k9"},"_chains":{"BbpjfkRcU2V4UzOiSEJepf6w3X7fwFtHsUwXPaq1hqIg":{"chainKey":{"counter":4,"key":"DDG4M8u4bm1B2KBqcAxzI1hPRgud+cnw0leZnSB9IOc="},"chainType":1,"messageKeys":{}}},"pendingPreKey":{"signedKeyId":15,"baseKey":"BToCmg3z99CKMvVEJThYwDdt5XZiOCPZJJ79C6TEVN4X","preKeyId":12978676}}},"version":"v1"}