{"_sessions":{"BbpE42almbbuuHcZfn2lGnJaiJCdexRKAH884m71U4ZA":{"registrationId":1335939725,"currentRatchet":{"ephemeralKeyPair":{"pubKey":"BW4ZImE7F6l+BLUgmBrRVZDDDtgp3ktuS1f/Wx0fG1Nf","privKey":"8FnyYa+8IBIoTWkJhgx0Tan7kuk/GJokbqla/7XeYXI="},"lastRemoteEphemeralKey":"BduAbNiUtj9D2xV50xD/CmuFlkqq+r1O4wGjwjd/j394","previousCounter":0,"rootKey":"li+BsQwJdxFbZ+s9sTY2e7D2+EObjNCweLaMG64mRwA="},"indexInfo":{"baseKey":"BbpE42almbbuuHcZfn2lGnJaiJCdexRKAH884m71U4ZA","baseKeyType":1,"closed":-1,"used":1759877806525,"created":1759877806525,"remoteIdentityKey":"BeLRvmjjZN+AzjNrvthLjGANNFSTxVeUc/dY1B7VRg1T"},"_chains":{"BW4ZImE7F6l+BLUgmBrRVZDDDtgp3ktuS1f/Wx0fG1Nf":{"chainKey":{"counter":4,"key":"6CtzwZGxLGdjvRoODscmh7shhxRZNh0rvctVmrPtrVE="},"chainType":1,"messageKeys":{}}},"pendingPreKey":{"signedKeyId":0,"baseKey":"BbpE42almbbuuHcZfn2lGnJaiJCdexRKAH884m71U4ZA"}}},"version":"v1"}