{"_sessions":{"BYI87QFWBRTt5P4ckGkWg2pC1rhx+lb1YiFnldULW0F0":{"registrationId":266833955,"currentRatchet":{"ephemeralKeyPair":{"pubKey":"Bd67SDMX4INQsgwJTd8CI5zBlmfEwrJ0NkMqLtMUqmg2","privKey":"EBaOthOtF6NG7SuP+JuFtHkVcKcsFDxZgB3MgYI+7Fo="},"lastRemoteEphemeralKey":"BfbHao76yvNx+JnAwFA1YtjNf6ZGFKgiFVttFk7YHxk8","previousCounter":0,"rootKey":"2KHoUGJOisN28gpOgxAEG/JccaZ2M4llowQkF31BKco="},"indexInfo":{"baseKey":"BYI87QFWBRTt5P4ckGkWg2pC1rhx+lb1YiFnldULW0F0","baseKeyType":1,"closed":-1,"used":1759877806596,"created":1759877806596,"remoteIdentityKey":"BQMvdavmzYpNg4s3cPJi45ntjZTaB9zRXKo15FRocM8U"},"_chains":{"Bd67SDMX4INQsgwJTd8CI5zBlmfEwrJ0NkMqLtMUqmg2":{"chainKey":{"counter":4,"key":"SrE9+mns9l46xJSN+icMpalF8t0v/xdoXbBtVnIoyxo="},"chainType":1,"messageKeys":{}}},"pendingPreKey":{"signedKeyId":0,"baseKey":"BYI87QFWBRTt5P4ckGkWg2pC1rhx+lb1YiFnldULW0F0","preKeyId":14668502}}},"version":"v1"}