{"_sessions":{"BR+oB5Gh/pHUCVhqBczlMCBkUh8JRLY6XjX/gpVrmPAH":{"registrationId":735753338,"currentRatchet":{"ephemeralKeyPair":{"pubKey":"Ba7sQeDvwE6waA+fzneCy3avu8fKD7teQmezopcKX2he","privKey":"aBTJVgP5dHqIFbMQPiHKKQ2JB6jxbFubtnXD4SgmuGA="},"lastRemoteEphemeralKey":"BSuaLxZHM3CYKRepFAsZ69EJ3ppylsqnbR7u3FmM9bdp","previousCounter":0,"rootKey":"hG7TpnjbUxvtkqaiKld0nFf+AjaE6ntW73PFHd76biE="},"indexInfo":{"baseKey":"BR+oB5Gh/pHUCVhqBczlMCBkUh8JRLY6XjX/gpVrmPAH","baseKeyType":1,"closed":-1,"used":1759877806645,"created":1759877806645,"remoteIdentityKey":"BX/KM0VufUaAaOUCHs5NBzGtsbBUP7wMjx6q5vS+uaoP"},"_chains":{"Ba7sQeDvwE6waA+fzneCy3avu8fKD7teQmezopcKX2he":{"chainKey":{"counter":4,"key":"BX1BHtCTGN7DMDwdZzIYgPLCx8O7ReGXN9VRY5+Ky6Q="},"chainType":1,"messageKeys":{}}},"pendingPreKey":{"signedKeyId":0,"baseKey":"BR+oB5Gh/pHUCVhqBczlMCBkUh8JRLY6XjX/gpVrmPAH","preKeyId":7238895}}},"version":"v1"}