{"_sessions":{"BQzsbpK3FYoqbHmleDiuQm3eV/STJJnSPqVW6zqiAuAi":{"registrationId":86191430,"currentRatchet":{"ephemeralKeyPair":{"pubKey":"BUutLgY80UsOYa3r7N00IL2EzfVew1/DY0zPt2O6IU9L","privKey":"CIdzTFJXpFxHXNIceOeKiuGXyv1xB69lXT66KNzc9FQ="},"lastRemoteEphemeralKey":"BaHNxzwgPuusNZnDH4XYOn1eOCrq3fSYXLMoMvm1vFZ9","previousCounter":0,"rootKey":"Ui5/aJlKDUZYq0jxv1/zQaJ8z/UK86Nmj6slaaWX5sM="},"indexInfo":{"baseKey":"BQzsbpK3FYoqbHmleDiuQm3eV/STJJnSPqVW6zqiAuAi","baseKeyType":1,"closed":-1,"used":1759877806495,"created":1759877806495,"remoteIdentityKey":"BSNQkedChmtN2qk7SXAGbGYAbGZvFjRcTq+Li8y5CjgZ"},"_chains":{"BUutLgY80UsOYa3r7N00IL2EzfVew1/DY0zPt2O6IU9L":{"chainKey":{"counter":4,"key":"U1uzm7w0e4tXuBEe4B1k+KT24mhxirxZmD33KkEYXZ4="},"chainType":1,"messageKeys":{}}},"pendingPreKey":{"signedKeyId":1,"baseKey":"BQzsbpK3FYoqbHmleDiuQm3eV/STJJnSPqVW6zqiAuAi","preKeyId":3772340}}},"version":"v1"}