{"_sessions":{"BRhI5O15P78UBKN+FgXlkooAGHWGRHvKEGKOdn7g1b40":{"registrationId":1080959072,"currentRatchet":{"ephemeralKeyPair":{"pubKey":"BTOb9EhmmWrLHqab9+df3vKb0iMNLaIviU/E5ds2Fa0e","privKey":"QCIRgqOKuYbAtCW/FaP9E0mFH9vCh2fR6qeoMLikN1s="},"lastRemoteEphemeralKey":"BXXxTmnmq0B6pn0OL7aDT6Ih/BP/QkQEFWl4wqCDFFtA","previousCounter":0,"rootKey":"ElX8SiAznKgUABLNXvpEvy3QD4+aO2TdgcG+Tk1EoE0="},"indexInfo":{"baseKey":"BRhI5O15P78UBKN+FgXlkooAGHWGRHvKEGKOdn7g1b40","baseKeyType":1,"closed":-1,"used":1759877806483,"created":1759877806483,"remoteIdentityKey":"BQxxKyfGoXI83Ea1mohxAo0ma1Jy+uZS87nDnjNupH01"},"_chains":{"BTOb9EhmmWrLHqab9+df3vKb0iMNLaIviU/E5ds2Fa0e":{"chainKey":{"counter":4,"key":"rYFunAkjdnGCmvshHTqakwzUTAdAuAIug4lErFUqcnM="},"chainType":1,"messageKeys":{}}},"pendingPreKey":{"signedKeyId":5,"baseKey":"BRhI5O15P78UBKN+FgXlkooAGHWGRHvKEGKOdn7g1b40","preKeyId":6856583}}},"version":"v1"}