{"_sessions":{"BRrHZ+kV0RWyv6uFcwXXciZ4b4g8nN7vT5fowyEx+Lgq":{"registrationId":11918809,"currentRatchet":{"ephemeralKeyPair":{"pubKey":"BZSQpQfC9DzMvlTcRQorTevGSISZ3jJsOTrLou0MOPV4","privKey":"mKR/ULxT6DJd/cmokTo9KnLWAAgEzXeMovvR6IlHrUY="},"lastRemoteEphemeralKey":"BcHkx1MGjsqKNHLG7kBJWK12aA1V5i/SySjh2949Ruos","previousCounter":0,"rootKey":"JtsbLeir03dxvhCBzbcASRAjEqIhIcenCvqTC7OmNXE="},"indexInfo":{"baseKey":"BRrHZ+kV0RWyv6uFcwXXciZ4b4g8nN7vT5fowyEx+Lgq","baseKeyType":1,"closed":-1,"used":1759877806593,"created":1759877806593,"remoteIdentityKey":"BSwKmw+khdZzvri3SYUVNPOwFk7DO3YyPL9GGbNyBflz"},"_chains":{"BZSQpQfC9DzMvlTcRQorTevGSISZ3jJsOTrLou0MOPV4":{"chainKey":{"counter":4,"key":"BStQnXuVphLd/zhvQDCaj3WTA6sxlYpFpAfyML56Flk="},"chainType":1,"messageKeys":{}}},"pendingPreKey":{"signedKeyId":0,"baseKey":"BRrHZ+kV0RWyv6uFcwXXciZ4b4g8nN7vT5fowyEx+Lgq","preKeyId":1172948}}},"version":"v1"}