{"_sessions":{"BcSQQoNxuWFP1tAgOugrBccB4gZgTifjZoiDx+n5mg1m":{"registrationId":309153039,"currentRatchet":{"ephemeralKeyPair":{"pubKey":"Bf3YEtzxblADmhjKxGn5sA/QRperkNg8pyjEIY6eJzVK","privKey":"0CI5PrkQLtnxjB9gEfWQclh8Rqt7t0XrhnF6bSPdRF8="},"lastRemoteEphemeralKey":"BfxHXeSeJk4N1spW2/HIYmF1OGdM1paIUEJKejc4McQg","previousCounter":0,"rootKey":"I8lzzNQe0VVqOhYxX7251qFkbU/tm8pBlYil3/8ikoY="},"indexInfo":{"baseKey":"BcSQQoNxuWFP1tAgOugrBccB4gZgTifjZoiDx+n5mg1m","baseKeyType":1,"closed":-1,"used":1759877806614,"created":1759877806614,"remoteIdentityKey":"BdlPH83jfc2UXwpCy+UgvB4xW1gNqpo7dAeoTTi8y4dp"},"_chains":{"Bf3YEtzxblADmhjKxGn5sA/QRperkNg8pyjEIY6eJzVK":{"chainKey":{"counter":4,"key":"fbjEbr6UNovP+P3QcUalLcyj9zAR4RVJ25KqJSmwUrI="},"chainType":1,"messageKeys":{}}},"pendingPreKey":{"signedKeyId":1,"baseKey":"BcSQQoNxuWFP1tAgOugrBccB4gZgTifjZoiDx+n5mg1m","preKeyId":10848287}}},"version":"v1"}