{"_sessions":{"BTbCy3o9hWQIHH41cAM7qsvZ2kgKeH+0q1zMDY7SC3JE":{"registrationId":1092650033,"currentRatchet":{"ephemeralKeyPair":{"pubKey":"BXBDoX808t77UBkykw3qSZEr90IJSqsjIww096wbmNFq","privKey":"0EjKZ9ge5dNCBs/rKE4GLDihHVJ3BjADNCh+ndGV+GE="},"lastRemoteEphemeralKey":"BYrLSCNAaqUsW0wmuU7sCJ8o3dYcxE6EEOxJdb3G4a0G","previousCounter":0,"rootKey":"3BktCr7JR1KXDiCGJ5zwJxLsOk2f7hnUZSPYSCsffFw="},"indexInfo":{"baseKey":"BTbCy3o9hWQIHH41cAM7qsvZ2kgKeH+0q1zMDY7SC3JE","baseKeyType":1,"closed":-1,"used":1759877806448,"created":1759877806448,"remoteIdentityKey":"BUb33BXqU4dl8YBhbc6fiskkRGO2vtuWQCwiWBgtH7l/"},"_chains":{"BXBDoX808t77UBkykw3qSZEr90IJSqsjIww096wbmNFq":{"chainKey":{"counter":4,"key":"6rkH0A3CuQryi+cTL6aRqCyQ9/ZRqleAz1BIQNq31XI="},"chainType":1,"messageKeys":{}}},"pendingPreKey":{"signedKeyId":1,"baseKey":"BTbCy3o9hWQIHH41cAM7qsvZ2kgKeH+0q1zMDY7SC3JE"}}},"version":"v1"}