{"_sessions":{"BXG4imjpJDZLUpEx5ZS0RSyzS2YyXMnqbWyqPNG5s/x5":{"registrationId":24039899,"currentRatchet":{"ephemeralKeyPair":{"pubKey":"BUdUT920VtmL84LtRZomB73RFuTD5lw31aOaRmITbY5A","privKey":"yJCD4tp/WiMEGXgTzafFGB9Z+YZS0M0jNA/F9DQuOm4="},"lastRemoteEphemeralKey":"BSJOLOzp+7i3xbANqAOgdh9oErwaEeeV/OI4XDB50IEM","previousCounter":0,"rootKey":"Ng+FG23qzIU+fv6FaL1qlVi4auQXIqqera5qt7ZVSZQ="},"indexInfo":{"baseKey":"BXG4imjpJDZLUpEx5ZS0RSyzS2YyXMnqbWyqPNG5s/x5","baseKeyType":1,"closed":-1,"used":1759877806679,"created":1759877806679,"remoteIdentityKey":"BcnAVMBm2PSIV7SDFTOYN8EKo3GodTKHLiVR2DEIWlNg"},"_chains":{"BUdUT920VtmL84LtRZomB73RFuTD5lw31aOaRmITbY5A":{"chainKey":{"counter":4,"key":"YD3Gk7ZnmV41QGTk2WWhhavosRxIJnrdzQmd2ldS49U="},"chainType":1,"messageKeys":{}}},"pendingPreKey":{"signedKeyId":0,"baseKey":"BXG4imjpJDZLUpEx5ZS0RSyzS2YyXMnqbWyqPNG5s/x5"}}},"version":"v1"}