{"_sessions":{"BU6iRgej+VVAa+DveMTM/fzffkVwtOPvScWZ5rWTtzEp":{"registrationId":568077623,"currentRatchet":{"ephemeralKeyPair":{"pubKey":"BYyMxvRtrlxdmvxNHUK3HpzLiWV8+tdFXQ1yXfH5FQsI","privKey":"uNe8L9OZfXhM1yfKBrMCJ8uXs/b96QYcb4eNGUK2SGo="},"lastRemoteEphemeralKey":"BdkMqanCZbHDaXwt6GoKW0uQ7LMTqcmLABetGFHpAvlO","previousCounter":0,"rootKey":"uIQI2TNEZ209eaRIp6SSfuRYZTWLnla1QPXApA/Ro4g="},"indexInfo":{"baseKey":"BU6iRgej+VVAa+DveMTM/fzffkVwtOPvScWZ5rWTtzEp","baseKeyType":1,"closed":-1,"used":1759877806506,"created":1759877806506,"remoteIdentityKey":"BR0UkY+iiUvtYfd/3+yvDGKBTV98EzII6falTiW2vvVu"},"_chains":{"BYyMxvRtrlxdmvxNHUK3HpzLiWV8+tdFXQ1yXfH5FQsI":{"chainKey":{"counter":4,"key":"i4+bzfg6QCmVCtzFyAi9uE6aL6p0fWintE6VLqO7kOU="},"chainType":1,"messageKeys":{}}},"pendingPreKey":{"signedKeyId":15,"baseKey":"BU6iRgej+VVAa+DveMTM/fzffkVwtOPvScWZ5rWTtzEp","preKeyId":12606216}}},"version":"v1"}