{"_sessions":{"BeTWdu+by0iT2N/6oyCmkxILGP34xzeS3VIEtc+3YYNa":{"registrationId":1269283510,"currentRatchet":{"ephemeralKeyPair":{"pubKey":"BclTKNVtLcmrBKNY9eahlu92VLhPVvfzOdu1mYW+ato7","privKey":"cNdp7GugJlbDiB78DmwtTXyD0yw/h1hBwbe5jtbdQks="},"lastRemoteEphemeralKey":"BYt4D0Aofc3JjxYVwOXdstH/zBw3aZZQvxJdOnXElj0d","previousCounter":0,"rootKey":"z9K5HwU83wzuYF4JnOmmGKCN7sKX9R07OLn9lIuC8wI="},"indexInfo":{"baseKey":"BeTWdu+by0iT2N/6oyCmkxILGP34xzeS3VIEtc+3YYNa","baseKeyType":1,"closed":-1,"used":1759877806716,"created":1759877806716,"remoteIdentityKey":"BRe4noZcNGoI1oy7gyV4Wp2JBq06z1lmqxCrqn1jYqc1"},"_chains":{"BclTKNVtLcmrBKNY9eahlu92VLhPVvfzOdu1mYW+ato7":{"chainKey":{"counter":4,"key":"+hn4SQk0U6YtYGyWBjbU+8OCe90DZXgH6SGpZKnK8F4="},"chainType":1,"messageKeys":{}}},"pendingPreKey":{"signedKeyId":1,"baseKey":"BeTWdu+by0iT2N/6oyCmkxILGP34xzeS3VIEtc+3YYNa","preKeyId":9808814}}},"version":"v1"}