{"_sessions":{"BV6Ur5XbMb4AmclKK40hJ4B8NMppmDwyjVfZCVnwar4Z":{"registrationId":1835406437,"currentRatchet":{"ephemeralKeyPair":{"pubKey":"BU0LrjG2Bv+9M+bbB45U2k056c7mmfqUrNUEyqyZ0QB4","privKey":"MKrudNLrC2hITZGqmwSwwG8x++X2HQ0PEz+jhN0vs2Y="},"lastRemoteEphemeralKey":"BcEIOqTKdARxdIuh9zDidFP9c1/f0CD1xFHL6F1ggZZr","previousCounter":0,"rootKey":"C9edpoptXpNgvTqyFa4+NMze/7692tNIMhWD7gSYOy0="},"indexInfo":{"baseKey":"BV6Ur5XbMb4AmclKK40hJ4B8NMppmDwyjVfZCVnwar4Z","baseKeyType":1,"closed":-1,"used":1759877806428,"created":1759877806428,"remoteIdentityKey":"BU1dEpDpBEXwRN5e0fP0xSl/7gQKXDdaHPB2O+z/zKYa"},"_chains":{"BU0LrjG2Bv+9M+bbB45U2k056c7mmfqUrNUEyqyZ0QB4":{"chainKey":{"counter":4,"key":"914ZhZ4GwEdIcyteB4voWOnpwq1V6wTUkQtOyocw4cg="},"chainType":1,"messageKeys":{}}},"pendingPreKey":{"signedKeyId":0,"baseKey":"BV6Ur5XbMb4AmclKK40hJ4B8NMppmDwyjVfZCVnwar4Z"}}},"version":"v1"}