{"_sessions":{"BZHElEYUwtdtJQ9ejGl+xwX8NIAbob6J52O3KQ8TTp4G":{"registrationId":931176403,"currentRatchet":{"ephemeralKeyPair":{"pubKey":"BUvpHFvBrZ+o9IvAAg4WNsThcNvKcfh2LcTTxloMmedH","privKey":"WIuOVF83juMUxIaIlZ9LGgwebPsq8a5jqkCLs9P+MHY="},"lastRemoteEphemeralKey":"BfIwxme943Fc4CdCJuHKv1f/BsJqf6KEO7PqxptptehX","previousCounter":0,"rootKey":"qTGnnsupi0xn79IW0Q3tRyo7zqsf/FzHhDmgXg3NL+M="},"indexInfo":{"baseKey":"BZHElEYUwtdtJQ9ejGl+xwX8NIAbob6J52O3KQ8TTp4G","baseKeyType":1,"closed":-1,"used":1759877806389,"created":1759877806389,"remoteIdentityKey":"BU3CWdjikDcapmue/aymSuZAfU/RNthWsTqFqaASrpt2"},"_chains":{"BUvpHFvBrZ+o9IvAAg4WNsThcNvKcfh2LcTTxloMmedH":{"chainKey":{"counter":4,"key":"yEbQq+Bi5Vb12+MdLmNUT+YtByukWWjzpwvF8p8KjRk="},"chainType":1,"messageKeys":{}}},"pendingPreKey":{"signedKeyId":1,"baseKey":"BZHElEYUwtdtJQ9ejGl+xwX8NIAbob6J52O3KQ8TTp4G"}}},"version":"v1"}