{"_sessions":{"BW9mnG7yTIKVqi39QcZO9bI731RfNnvn//T+AtaQyqg5":{"registrationId":677234268,"currentRatchet":{"ephemeralKeyPair":{"pubKey":"BVQLOfTL/fW6lEWmmAAPEDdmVdTv+o+ljfJoYnkb0CM4","privKey":"ACuCHQljkCGVpXEF/N8ixs9Ynd04qbGC3j7r6bZ5bUI="},"lastRemoteEphemeralKey":"BcaYDRMM4oR1bxY4041THQEIVXg8KNlWRmB45N7NgmZh","previousCounter":0,"rootKey":"nUXRRN4I5YzrtmUshE5tqqRlynQeGL+aCJ5TU3Zv8+o="},"indexInfo":{"baseKey":"BW9mnG7yTIKVqi39QcZO9bI731RfNnvn//T+AtaQyqg5","baseKeyType":1,"closed":-1,"used":1759877806552,"created":1759877806552,"remoteIdentityKey":"BWbHgRB6s6JG0KOwCyUP/9aW6qrdrfjJ7X8DGvROzClm"},"_chains":{"BVQLOfTL/fW6lEWmmAAPEDdmVdTv+o+ljfJoYnkb0CM4":{"chainKey":{"counter":4,"key":"YlOe+ll/IjH6BjHSevPbI2qol4FTwK8HPRAt75Z1LS4="},"chainType":1,"messageKeys":{}}},"pendingPreKey":{"signedKeyId":8,"baseKey":"BW9mnG7yTIKVqi39QcZO9bI731RfNnvn//T+AtaQyqg5","preKeyId":7608650}}},"version":"v1"}