{"_sessions":{"BYp/kYrhgvYk7FfO6+IQw3uy86IvRmFf6lsQlEv/4iMv":{"registrationId":257678420,"currentRatchet":{"ephemeralKeyPair":{"pubKey":"BbPM/VqOECcoGeEDRebg1tluRHpDDiNFAOt7Q3JnI0kL","privKey":"GIAwMd+AqwXNWy7hnheKeSe6HxMoerXKsbNThe63MGc="},"lastRemoteEphemeralKey":"BY/Do1XXyLGnBEnL4r/GCXAdN/omYDeSobJM45Og1Cc+","previousCounter":0,"rootKey":"Mqi3jGhoECdatewsracnb8E7ilo9BLllQr3oSc/mJxM="},"indexInfo":{"baseKey":"BYp/kYrhgvYk7FfO6+IQw3uy86IvRmFf6lsQlEv/4iMv","baseKeyType":1,"closed":-1,"used":1759877806710,"created":1759877806710,"remoteIdentityKey":"BSYVBosLKyzGb3cEVTNobdbWkWdGHYHWpP5PiDX1Jloj"},"_chains":{"BbPM/VqOECcoGeEDRebg1tluRHpDDiNFAOt7Q3JnI0kL":{"chainKey":{"counter":4,"key":"qYDubbTLPoF9dd5zRgOsP3SCRQxLsZAdswUZn6YXhk0="},"chainType":1,"messageKeys":{}}},"pendingPreKey":{"signedKeyId":11,"baseKey":"BYp/kYrhgvYk7FfO6+IQw3uy86IvRmFf6lsQlEv/4iMv","preKeyId":3879673}}},"version":"v1"}