{"_sessions":{"BYjtWFc+TrlHVkeX0PqGC/7sr43FKWxfnSHKP4WybVcK":{"registrationId":1838902112,"currentRatchet":{"ephemeralKeyPair":{"pubKey":"BRS1fJBaHfvtOqTBv0vhQlbFd4vr9zrvlgDPYLFlK/BH","privKey":"8NM/7DkDGGnxE/XiD4kCzkPTOAhs2vbKu7zdLoWSgGA="},"lastRemoteEphemeralKey":"BayEUDatnsGhEVeM6bxbrS/aPtBpSqsQalwOKLBIXOkq","previousCounter":0,"rootKey":"uk0KCdv5tdR8ba41nCbFuggcQ4xDVNeioeaPNdq835M="},"indexInfo":{"baseKey":"BYjtWFc+TrlHVkeX0PqGC/7sr43FKWxfnSHKP4WybVcK","baseKeyType":2,"closed":-1,"used":1759877573291,"created":1759877573291,"remoteIdentityKey":"BT4y3vu1Rb4klLEEvlQv8jpoQnTpaJSBgsaBICNu69sj"},"_chains":{"BayEUDatnsGhEVeM6bxbrS/aPtBpSqsQalwOKLBIXOkq":{"chainKey":{"counter":0,"key":"4J7Wr8iTsNHl4mhN3Lq+YI7SEa6OOzwtAxnvvSYEYHE="},"chainType":2,"messageKeys":{}},"BRS1fJBaHfvtOqTBv0vhQlbFd4vr9zrvlgDPYLFlK/BH":{"chainKey":{"counter":4,"key":"CAflAVJaYS7ECLTfvVh0TzecTe+6tYZ1uaH3XLlRg5w="},"chainType":1,"messageKeys":{}}}}},"version":"v1"}