{"_sessions":{"BUR5+mZCHjYcPsBo9LsWDekWh29L1yXuNHpEnwLdCxF9":{"registrationId":1873035854,"currentRatchet":{"ephemeralKeyPair":{"pubKey":"BfvJlBMqSVusdT0xSxjdu3A12Da4CtulqJoDnDXDxGMq","privKey":"YAfZD0kC9h+3EAiaiua1mDDGwHGUx2MpkBOrau78Kko="},"lastRemoteEphemeralKey":"BRqusfjwDxF3D3YVumThNuU7cnqMAFlYxsBLgxWf8dF9","previousCounter":0,"rootKey":"V/wwg/2Z/fgoNNrbGuThofczkXCpuZpTRIhG0xgubSo="},"indexInfo":{"baseKey":"BUR5+mZCHjYcPsBo9LsWDekWh29L1yXuNHpEnwLdCxF9","baseKeyType":1,"closed":-1,"used":1759877806599,"created":1759877806599,"remoteIdentityKey":"BaCxFZCHWwXh0FijD2TVfgMImmtrf+KIk3yYKdozvoE8"},"_chains":{"BfvJlBMqSVusdT0xSxjdu3A12Da4CtulqJoDnDXDxGMq":{"chainKey":{"counter":4,"key":"EymmW7kPhuG/l7L/JHmG51d6ElWa0CUKTqhtfhDU3to="},"chainType":1,"messageKeys":{}}},"pendingPreKey":{"signedKeyId":6,"baseKey":"BUR5+mZCHjYcPsBo9LsWDekWh29L1yXuNHpEnwLdCxF9","preKeyId":15733685}}},"version":"v1"}