{"_sessions":{"BTjpAjkapm1XxBi374pr1LKvHECPC4zFvUZgLZ3RrEBl":{"registrationId":672305084,"currentRatchet":{"ephemeralKeyPair":{"pubKey":"BdACfMZmeo1saKckmBMaa/9kB1VvGErpfV/EoHbpt0dH","privKey":"yIGoNM8OKRYvcFs8mnI/+O9ujwYaFff8g1aciAY+Gns="},"lastRemoteEphemeralKey":"Bdcm8+rvkzl4kPbM0+r8Vfrq/sMPD9lCsEx+NeiYDa5U","previousCounter":0,"rootKey":"ZEkwEnCZZT3/2ec3SX1U9Ira7PrTcYFMQV/RRBWysAc="},"indexInfo":{"baseKey":"BTjpAjkapm1XxBi374pr1LKvHECPC4zFvUZgLZ3RrEBl","baseKeyType":1,"closed":-1,"used":1759877806627,"created":1759877806627,"remoteIdentityKey":"BSob92cjAYcdPwhqPC0YphajORRINsIXOL+N+OcRUCAq"},"_chains":{"BdACfMZmeo1saKckmBMaa/9kB1VvGErpfV/EoHbpt0dH":{"chainKey":{"counter":4,"key":"EZWYBb1yDqyKh90iWgXhe1u0f33TXtBN643+sUbzvk8="},"chainType":1,"messageKeys":{}}},"pendingPreKey":{"signedKeyId":2,"baseKey":"BTjpAjkapm1XxBi374pr1LKvHECPC4zFvUZgLZ3RrEBl","preKeyId":1653604}}},"version":"v1"}