{"_sessions":{"BWh7IkUWB0i7fCcOcy0500QtOT11CD66GJQVE39nJ6Ib":{"registrationId":783136797,"currentRatchet":{"ephemeralKeyPair":{"pubKey":"BX+cEZMDUOyaqP36raFjrjMS2zAeAQvTcWQBNFTHAe1b","privKey":"8MFnU2+tCSh6AI3+tR4pgTl1nh2c45TRrheuBmL/0mg="},"lastRemoteEphemeralKey":"BX/mAWTCECx715DNd9E6q103MLpYsJpDxeNR90zxX81b","previousCounter":0,"rootKey":"mk4nKcmdQ8CFY4Lp3d6fMrwH4czr5VOTxAjd4mtsBcc="},"indexInfo":{"baseKey":"BWh7IkUWB0i7fCcOcy0500QtOT11CD66GJQVE39nJ6Ib","baseKeyType":1,"closed":-1,"used":1759877806579,"created":1759877806579,"remoteIdentityKey":"BfnL3JFc3uqvHbrGmPxbN5jrIyrIYle/bC4RtfZgYVV3"},"_chains":{"BX+cEZMDUOyaqP36raFjrjMS2zAeAQvTcWQBNFTHAe1b":{"chainKey":{"counter":4,"key":"0iRtu2I7MRAC6pQEEUFw75BFsnfjd39vupOI7spNKYI="},"chainType":1,"messageKeys":{}}},"pendingPreKey":{"signedKeyId":3,"baseKey":"BWh7IkUWB0i7fCcOcy0500QtOT11CD66GJQVE39nJ6Ib"}}},"version":"v1"}