{"_sessions":{"BR0nKs0wRydY7ivkP/pkE3K7jjwgscQ1HNi0r0G/fIAw":{"registrationId":1308266856,"currentRatchet":{"ephemeralKeyPair":{"pubKey":"BWbQ/fyTcNsWWRDbQ7yKE7IbHrDgFWNZyEUdcPcGyvAK","privKey":"SAju+zFOGQRmMOtYOe9Hj/INjy/MAhtz5T144VYfE1M="},"lastRemoteEphemeralKey":"BbOj//DljeQtvbHG4g88PqXdBzypc3SZG0UdSPDgiFYF","previousCounter":0,"rootKey":"VZMc2hHPir3x6lBK6s4CRK7YR0sEDbfQ7T5yPsr9M4g="},"indexInfo":{"baseKey":"BR0nKs0wRydY7ivkP/pkE3K7jjwgscQ1HNi0r0G/fIAw","baseKeyType":1,"closed":-1,"used":1759877806394,"created":1759877806394,"remoteIdentityKey":"BZQFiFaFeuhx/+05MDJg/9BCiTVZO0zE6QWyINzFi6Qw"},"_chains":{"BWbQ/fyTcNsWWRDbQ7yKE7IbHrDgFWNZyEUdcPcGyvAK":{"chainKey":{"counter":4,"key":"cKSCft/GERsDTiAlDbiPT8lS7TI7NtgF7DfyCS9DTAg="},"chainType":1,"messageKeys":{}}},"pendingPreKey":{"signedKeyId":14,"baseKey":"BR0nKs0wRydY7ivkP/pkE3K7jjwgscQ1HNi0r0G/fIAw","preKeyId":16081989}}},"version":"v1"}