{"_sessions":{"BTZdLYhbMzMcR6Z0uVSnHiJTmDyH6X0naqM+aQK7CPlm":{"registrationId":1041992134,"currentRatchet":{"ephemeralKeyPair":{"pubKey":"BYURDovgSB1Zo5PaAHl3En96WbWwS6kUNUVa3Rclop9Q","privKey":"iLFRPC5M2qm6eD2KGC8UMFswG6Bpdc2J9HYpdXWNj1Y="},"lastRemoteEphemeralKey":"BYalxVCdSuaz3SwG0UxRKpvETJLe8psfLtlF80dEEOQt","previousCounter":0,"rootKey":"30e/A9jp1iTNcXvToRTZFZ8V3l+IoMYW5qwpJH2YDAE="},"indexInfo":{"baseKey":"BTZdLYhbMzMcR6Z0uVSnHiJTmDyH6X0naqM+aQK7CPlm","baseKeyType":1,"closed":-1,"used":1759877806556,"created":1759877806556,"remoteIdentityKey":"BWxmou9xNWA+AfU5E0nDAKufbVf4FK2Lz1e87zymJRAA"},"_chains":{"BYURDovgSB1Zo5PaAHl3En96WbWwS6kUNUVa3Rclop9Q":{"chainKey":{"counter":4,"key":"9CGIl/ooUID0F+NrrCkbIY0DoCMRmGSt7WogulpOibs="},"chainType":1,"messageKeys":{}}},"pendingPreKey":{"signedKeyId":0,"baseKey":"BTZdLYhbMzMcR6Z0uVSnHiJTmDyH6X0naqM+aQK7CPlm"}}},"version":"v1"}