{"_sessions":{"BY7Tt1pp82Yco6OgydAzzJW78aMAhrWNalgsRKQ4mZUj":{"registrationId":81,"currentRatchet":{"ephemeralKeyPair":{"pubKey":"BRpfpMwljGEAdkF7uxCRettKKC9TuxF9d08yDcLU3dVL","privKey":"QKgJy6HR3Q4Fp9ARmJ1B6Mi7/TV7aA65FtcCjAdR13k="},"lastRemoteEphemeralKey":"Bc6Ol6zNDpA5CnRQpQpaDG469FVV1AkwUuOwSnQD6OB2","previousCounter":0,"rootKey":"S6pbQpzbgc/qm0lFcD7XHAuut8K8p2Ax9OwkDCVdX80="},"indexInfo":{"baseKey":"BY7Tt1pp82Yco6OgydAzzJW78aMAhrWNalgsRKQ4mZUj","baseKeyType":1,"closed":-1,"used":1759877806770,"created":1759877806770,"remoteIdentityKey":"BQppBuSMAQ5tYEMZ2OPVKHGVaUkVBrpjW9vaaABsecxW"},"_chains":{"BRpfpMwljGEAdkF7uxCRettKKC9TuxF9d08yDcLU3dVL":{"chainKey":{"counter":4,"key":"UjdiWnlirU/GJktSUPhD80P/nSixNu1wDjJFGx80T1Y="},"chainType":1,"messageKeys":{}}},"pendingPreKey":{"signedKeyId":1,"baseKey":"BY7Tt1pp82Yco6OgydAzzJW78aMAhrWNalgsRKQ4mZUj"}}},"version":"v1"}