{"_sessions":{"BWhg3T8uWMixhbiR0J3wFB0HIIjZs5qXt0jWzEa4o8Vh":{"registrationId":200,"currentRatchet":{"ephemeralKeyPair":{"pubKey":"BT2F3qILeG/3eOynhU+04tymP61RJTt9BZnkZQDUFMNk","privKey":"mAYsV9EnniY/2pcKQ9G6S0uNB3WmbRi2PF627RxO1Fg="},"lastRemoteEphemeralKey":"BY2i3H0BxNAASa0USt5/TMrSM22n+/1cAfmKH6olPQIS","previousCounter":0,"rootKey":"nJCTenz9UUGJoH42wlQeqWb5UAky7zsDOZOO1hFhN7U="},"indexInfo":{"baseKey":"BWhg3T8uWMixhbiR0J3wFB0HIIjZs5qXt0jWzEa4o8Vh","baseKeyType":1,"closed":-1,"used":1759875634757,"created":1759875634757,"remoteIdentityKey":"BdIjdBUkyXBAlagqpC++Vu/slQ23YywlQb5VP8reLiRo"},"_chains":{"BT2F3qILeG/3eOynhU+04tymP61RJTt9BZnkZQDUFMNk":{"chainKey":{"counter":84,"key":"FYTGZsF9dzprnZuUJXTpOBcNFNklACzjZNQk3kDbp3M="},"chainType":1,"messageKeys":{}}},"pendingPreKey":{"signedKeyId":1,"baseKey":"BWhg3T8uWMixhbiR0J3wFB0HIIjZs5qXt0jWzEa4o8Vh","preKeyId":35}}},"version":"v1"}