{"_sessions":{"BYAUc/JScdv+WMH1wXNXo73IHhIwvKEem1cBncdZiCI7":{"registrationId":88,"currentRatchet":{"ephemeralKeyPair":{"pubKey":"BTP1fH/M8T3zjXoSSvs7A9HA87KTCWMBmhKV9qXyKnwY","privKey":"eH4tx+Czj9C1RyTCVxLRU9sH7C1yNytY8hyoCKJPXn0="},"lastRemoteEphemeralKey":"BcBOCrp0/4nNzS++Ak87E06JySZRKHF1qS6bjKInzBQg","previousCounter":0,"rootKey":"WZLXLlnQ+SFAr51zI4jOuizjzS1TknPBqHYEBacR+EE="},"indexInfo":{"baseKey":"BYAUc/JScdv+WMH1wXNXo73IHhIwvKEem1cBncdZiCI7","baseKeyType":1,"closed":-1,"used":1759877806768,"created":1759877806768,"remoteIdentityKey":"BfdjlI6UPVIBHkHJ9Bb3+st8Psyf5deRxTvfDrmO1sk5"},"_chains":{"BTP1fH/M8T3zjXoSSvs7A9HA87KTCWMBmhKV9qXyKnwY":{"chainKey":{"counter":4,"key":"32JyqAigM8Elt6Tj/VxiPORNhm5GOTdtGamALqsKP9w="},"chainType":1,"messageKeys":{}}},"pendingPreKey":{"signedKeyId":1,"baseKey":"BYAUc/JScdv+WMH1wXNXo73IHhIwvKEem1cBncdZiCI7"}}},"version":"v1"}