{"_sessions":{"BYI/ow9PZ+n5ak+jD8PXp1kHek+UDTHh0qu11wY/bsZg":{"registrationId":619993619,"currentRatchet":{"ephemeralKeyPair":{"pubKey":"BVYK5FUmFlnT8+HPEmuVry5+wzbeTPJl8uxzQrRpwyI+","privKey":"KIHmM0Tt7GwuJwrJPZOUDyoPjgnI8GJFeeGLReYQElc="},"lastRemoteEphemeralKey":"BZqt40Fx6UVEWj9XAGxli56c45iinTtgM6Sz9UEjAwhn","previousCounter":0,"rootKey":"kv69p8sTkDsnkuJCEi7pgv8ZXop70TkqLnNM9XGZIrE="},"indexInfo":{"baseKey":"BYI/ow9PZ+n5ak+jD8PXp1kHek+UDTHh0qu11wY/bsZg","baseKeyType":1,"closed":-1,"used":1759877806588,"created":1759877806588,"remoteIdentityKey":"BRRTN0VFUu4H1JAXwfFcvKyalfK7zDc4dKIwQ81FK45+"},"_chains":{"BVYK5FUmFlnT8+HPEmuVry5+wzbeTPJl8uxzQrRpwyI+":{"chainKey":{"counter":4,"key":"fBy7+HLY0l/Rxi93u1l862IPRzc8H2DiXKRf4XAw4h0="},"chainType":1,"messageKeys":{}}},"pendingPreKey":{"signedKeyId":16237204,"baseKey":"BYI/ow9PZ+n5ak+jD8PXp1kHek+UDTHh0qu11wY/bsZg","preKeyId":8585}}},"version":"v1"}