{"_sessions":{"BWHhqLlvMPtycfxDqnz+6OrXlVZKeJEsbRxO8BO7E6Q6":{"registrationId":182747574,"currentRatchet":{"ephemeralKeyPair":{"pubKey":"BXomFkSZhVDGMRRHIlT3NL/Su1rGZVj42CCBoTNReF8F","privKey":"+PNnx9GofMSK2K6PToigWTC0n/4eXoWwyOznCg1+GFY="},"lastRemoteEphemeralKey":"BYbb1G/FtxprdFsHEXsd2CMAxpZolaoxXBWKXuAXRqoM","previousCounter":0,"rootKey":"rODwBAsBWup/sULC6hmJU43j/sbfcXyA2gCX6tqV0D0="},"indexInfo":{"baseKey":"BWHhqLlvMPtycfxDqnz+6OrXlVZKeJEsbRxO8BO7E6Q6","baseKeyType":1,"closed":-1,"used":1759877806704,"created":1759877806704,"remoteIdentityKey":"BSZ8o6rPsYy7fhanTuLLor2lMPnrwqOUEoP0EmLblQ0S"},"_chains":{"BXomFkSZhVDGMRRHIlT3NL/Su1rGZVj42CCBoTNReF8F":{"chainKey":{"counter":4,"key":"Bdq5QqwsuEkNCdAtv0ppgsF4VVVoaCxVA+TZTvMhVIQ="},"chainType":1,"messageKeys":{}}},"pendingPreKey":{"signedKeyId":8159607,"baseKey":"BWHhqLlvMPtycfxDqnz+6OrXlVZKeJEsbRxO8BO7E6Q6","preKeyId":1784}}},"version":"v1"}