{"_sessions":{"BaO99gtnBiAWH4U6+Qp/hgwqaINP11IhSjXM0STHEnU3":{"registrationId":1103925309,"currentRatchet":{"ephemeralKeyPair":{"pubKey":"BTmte8jMN0OrJ8CFWnccXCC0LMnI/9Eg/Rfkr/TtZqNA","privKey":"2L9iGVj5IZ23rDX9kLdpokBNCneNxTNityvNJnkALWw="},"lastRemoteEphemeralKey":"BcdQZ11zj1ZEYraWASHetjCNvChQrrjTrbuPaXUwzv5s","previousCounter":0,"rootKey":"2yh0QaxXDSvtmlt1/pmmVKscSUpe4pKrbAWaCpqlelM="},"indexInfo":{"baseKey":"BaO99gtnBiAWH4U6+Qp/hgwqaINP11IhSjXM0STHEnU3","baseKeyType":1,"closed":-1,"used":1759877806618,"created":1759877806618,"remoteIdentityKey":"BXATleJu32U3ZO44a6C2WcXukiOVK86r5JTLMF6ylDIv"},"_chains":{"BTmte8jMN0OrJ8CFWnccXCC0LMnI/9Eg/Rfkr/TtZqNA":{"chainKey":{"counter":4,"key":"7kS2+aX8VAv759XJ1+II+HnOQGSZWR6jSdWJno5Bkic="},"chainType":1,"messageKeys":{}}},"pendingPreKey":{"signedKeyId":18,"baseKey":"BaO99gtnBiAWH4U6+Qp/hgwqaINP11IhSjXM0STHEnU3","preKeyId":1524545}}},"version":"v1"}