{"_sessions":{"BTv/6FCoAmnv2bLiP2+zu2axx+TaqGrm3NltFroABpVG":{"registrationId":1657023701,"currentRatchet":{"ephemeralKeyPair":{"pubKey":"BdbtBPTcZIWQ+CrYog7ckH7/PTWPR5ZictyYxYtbXtQI","privKey":"eIvfwj59StJc+SbK3wWf3osXcimdUp4A4Ya9RFTfGEA="},"lastRemoteEphemeralKey":"BX+32X1x1D6dxkZomeBtEeoVj+HPe++NnzeBs/mCTmhi","previousCounter":0,"rootKey":"zf6ecrKk442ZA1BowQzpOA5jAc7T4+Jt6CCfCVd6zbo="},"indexInfo":{"baseKey":"BTv/6FCoAmnv2bLiP2+zu2axx+TaqGrm3NltFroABpVG","baseKeyType":1,"closed":-1,"used":1759877806586,"created":1759877806585,"remoteIdentityKey":"BUDOlboUx4uj7U4lc7WMSmn3A4mKGZBpk4mX3aQbAk0x"},"_chains":{"BdbtBPTcZIWQ+CrYog7ckH7/PTWPR5ZictyYxYtbXtQI":{"chainKey":{"counter":4,"key":"PpjDLoIOsW9rPZ20s0YQDESum+/N8RffxZLu6lNO/y8="},"chainType":1,"messageKeys":{}}},"pendingPreKey":{"signedKeyId":7,"baseKey":"BTv/6FCoAmnv2bLiP2+zu2axx+TaqGrm3NltFroABpVG","preKeyId":14379626}}},"version":"v1"}