{"_sessions":{"BQtpYdTK8Qyy0zF6iNC5E0TxlOv5l59JCfSgoq3G6fE5":{"registrationId":1978524547,"currentRatchet":{"ephemeralKeyPair":{"pubKey":"BZqS0ne02TjVpzGeLZngRom9FCHkqCiX4+EfGbN0cj5v","privKey":"EDEoFDGGg75nQqZCV9LqkWWOBhvDc96Anc1F8984C08="},"lastRemoteEphemeralKey":"BTL3WrlDb+qrSYVNyctsDl7xxDYfTO7SUEWmmmFugnB6","previousCounter":0,"rootKey":"/qugyaxY5WH0XAVDjxhggKe0oBoPARZIWL5mBlOPtqA="},"indexInfo":{"baseKey":"BQtpYdTK8Qyy0zF6iNC5E0TxlOv5l59JCfSgoq3G6fE5","baseKeyType":1,"closed":-1,"used":1759877806595,"created":1759877806595,"remoteIdentityKey":"BeKVsa+E7uA3k/P/KF201N2eOTXSLTDFFF5GjQBqPUc0"},"_chains":{"BZqS0ne02TjVpzGeLZngRom9FCHkqCiX4+EfGbN0cj5v":{"chainKey":{"counter":4,"key":"g6XMfHE+PfzTThGw92OI4TnPaONAiMdVHpuWEKsOiJg="},"chainType":1,"messageKeys":{}}},"pendingPreKey":{"signedKeyId":11,"baseKey":"BQtpYdTK8Qyy0zF6iNC5E0TxlOv5l59JCfSgoq3G6fE5","preKeyId":149539}}},"version":"v1"}