{"_sessions":{"BaEIL7c3TfulbQdhAazRsb4rxMmETIhqRAWN3utDicBI":{"registrationId":1513440149,"currentRatchet":{"ephemeralKeyPair":{"pubKey":"Bb20OcyuPJV8o2m3avDBcbJlb3hou6AgBZJCR6CPwkxU","privKey":"4HSII/uCfv4NfCaEv+aD8z+bTOUKqF77C98Jo8B+724="},"lastRemoteEphemeralKey":"BaiO4O3Sq3URyULHMsXK8ZqYh3Tn5ZMsgi1Bmcjn7+k+","previousCounter":0,"rootKey":"HziBXjtQ7+5JJO6cTijW9a9GIshc+DVlL7q8G+JkrUk="},"indexInfo":{"baseKey":"BaEIL7c3TfulbQdhAazRsb4rxMmETIhqRAWN3utDicBI","baseKeyType":1,"closed":-1,"used":1759877806643,"created":1759877806643,"remoteIdentityKey":"BVftzp3i13F57Dx48s78DoSH/SWviQwR7q5EAhpZg1IJ"},"_chains":{"Bb20OcyuPJV8o2m3avDBcbJlb3hou6AgBZJCR6CPwkxU":{"chainKey":{"counter":4,"key":"mDkB5b6iTBizOnQ/uQhbghRi8FNwGtLjx7DKDix3PAk="},"chainType":1,"messageKeys":{}}},"pendingPreKey":{"signedKeyId":1,"baseKey":"BaEIL7c3TfulbQdhAazRsb4rxMmETIhqRAWN3utDicBI","preKeyId":5410300}}},"version":"v1"}