{"_sessions":{"BSCNxV5F/kQ5yQTRjTWo9V/07leyeMeMh30YFR2+Rj18":{"registrationId":1018434240,"currentRatchet":{"ephemeralKeyPair":{"pubKey":"BVcBoma0wxaRyTS7ycTxicezi+l1AEMt+9LNahplRQJp","privKey":"mAXLVPvKeuTgMIm+jLGbpv+BQjLjG/3yfEImwJCagVY="},"lastRemoteEphemeralKey":"BWzllVXKBbUhsiEAquem5mflylntDgbZ1ILGP3wXGNoJ","previousCounter":0,"rootKey":"Art1vU4l8tDhvDyQMfxl7EinOdp2AdpqKmQv2wfTteA="},"indexInfo":{"baseKey":"BSCNxV5F/kQ5yQTRjTWo9V/07leyeMeMh30YFR2+Rj18","baseKeyType":1,"closed":-1,"used":1759877806435,"created":1759877806435,"remoteIdentityKey":"BbCun3hFkT+PggH6gM9DMhjTnBW38LSBcC7ikFkLU0BR"},"_chains":{"BVcBoma0wxaRyTS7ycTxicezi+l1AEMt+9LNahplRQJp":{"chainKey":{"counter":4,"key":"LvsnUoA9B5pmyidhFYMFh+v4wEaaJHBnfoCmsToX42M="},"chainType":1,"messageKeys":{}}},"pendingPreKey":{"signedKeyId":4,"baseKey":"BSCNxV5F/kQ5yQTRjTWo9V/07leyeMeMh30YFR2+Rj18","preKeyId":13861923}}},"version":"v1"}