{"_sessions":{"BZuJ3K0fZuYFfuPm2b7IqQIQWs3QyQfEooEzZyZKmYJP":{"registrationId":2023126655,"currentRatchet":{"ephemeralKeyPair":{"pubKey":"BQNeN+jCs4/GPlDW5ZWw1WWUpLjB4wXkKVxIAuI7fQcW","privKey":"WNwSYUZiX/jf3yfTThUtdlCKu6V1axWL3qaoNao1NVQ="},"lastRemoteEphemeralKey":"Bc35YzJKiWxbw9Cqu6t4j0IYbuhdOHpFn3q89sQVkQ9g","previousCounter":0,"rootKey":"mSKncZ7bQ64Av0rL2E8twFfmBdMcCAVilWfuFtF2Pe0="},"indexInfo":{"baseKey":"BZuJ3K0fZuYFfuPm2b7IqQIQWs3QyQfEooEzZyZKmYJP","baseKeyType":1,"closed":-1,"used":1759877806569,"created":1759877806569,"remoteIdentityKey":"BRVTwH27ek8BZ/jMfjmMaBsSJKggCTzd6HMTOMyF7e0y"},"_chains":{"BQNeN+jCs4/GPlDW5ZWw1WWUpLjB4wXkKVxIAuI7fQcW":{"chainKey":{"counter":4,"key":"TMmnTOKClwktUqjkx1TPt1QxqCuENaRLvABlykLWmkc="},"chainType":1,"messageKeys":{}}},"pendingPreKey":{"signedKeyId":18,"baseKey":"BZuJ3K0fZuYFfuPm2b7IqQIQWs3QyQfEooEzZyZKmYJP","preKeyId":9671020}}},"version":"v1"}