{"_sessions":{"Bd5w0LUuWQjKkx1DjmuLeZFzggT/yHmJPH6iwamIgBRx":{"registrationId":1452658481,"currentRatchet":{"ephemeralKeyPair":{"pubKey":"BXLqFNuihwM4XWmsalM+AhNfUiqsTVypWFNJdvGnGstu","privKey":"IM4xUX0bZS49Pkw9FNhUDDdMAWjFe5ypWTPANolTSEI="},"lastRemoteEphemeralKey":"Ba1GuS4dHQO1qbQwftsP3RQ61gYIneDIJScKtSjVay19","previousCounter":0,"rootKey":"UYX0EeB1CkdOyS/GH+5GfvDJo1saVWdY9o0dWtmDSqQ="},"indexInfo":{"baseKey":"Bd5w0LUuWQjKkx1DjmuLeZFzggT/yHmJPH6iwamIgBRx","baseKeyType":1,"closed":-1,"used":1759877806440,"created":1759877806440,"remoteIdentityKey":"BQxsieY9yLKJI859bO4O5uS8sOkOl2PrF1Av8Zs3GShH"},"_chains":{"BXLqFNuihwM4XWmsalM+AhNfUiqsTVypWFNJdvGnGstu":{"chainKey":{"counter":4,"key":"odUdfh7sa8oF10bIuOpTH5Yh6ah3ukOJfJeFzxnOof8="},"chainType":1,"messageKeys":{}}},"pendingPreKey":{"signedKeyId":1,"baseKey":"Bd5w0LUuWQjKkx1DjmuLeZFzggT/yHmJPH6iwamIgBRx","preKeyId":6785051}}},"version":"v1"}