{"_sessions":{"BQ67Z5hiVhbPjbssroLiCOicUj/VmI7BC+5tjEyR5n8a":{"registrationId":384891823,"currentRatchet":{"ephemeralKeyPair":{"pubKey":"Bf9fyjVCA2JW6G5Q78dsrUOP94Lbjn/CnKLxd+9HWVhU","privKey":"COuhnSj/j3Sw0us7pZHZtrVAhf4zlHJQuotwuYIuAl4="},"lastRemoteEphemeralKey":"BZB7ZH8k1anjuWlHvDCbIwpalTpGypwIZRnWkHwKABFi","previousCounter":0,"rootKey":"V2g8tat7999gjUrOPLQ7q3sBRrC1n6DcGfypqm0EdrE="},"indexInfo":{"baseKey":"BQ67Z5hiVhbPjbssroLiCOicUj/VmI7BC+5tjEyR5n8a","baseKeyType":1,"closed":-1,"used":1759877806455,"created":1759877806455,"remoteIdentityKey":"BWxD4AXcKy0iZ3MRB67U9RLg6M12FCeHSpVFg5eKMnhk"},"_chains":{"Bf9fyjVCA2JW6G5Q78dsrUOP94Lbjn/CnKLxd+9HWVhU":{"chainKey":{"counter":4,"key":"qFITPvKJ80mYwLe4j3XgkeOEMW7DYbQGbw0W+AbePMM="},"chainType":1,"messageKeys":{}}},"pendingPreKey":{"signedKeyId":0,"baseKey":"BQ67Z5hiVhbPjbssroLiCOicUj/VmI7BC+5tjEyR5n8a"}}},"version":"v1"}