{"_sessions":{"BSP8TCaZJwBKK/+/x2RWbgdiuy1f9jEUJJ9sLnyZv5xk":{"registrationId":843514813,"currentRatchet":{"ephemeralKeyPair":{"pubKey":"BUE0i+nQ23a9xFS89dTVwFJ2+1Xog5qnaWuIkvKvjuld","privKey":"uGGpAAiaK1QDrCz9dZrbc6TMxENZB2JZgll0d3KR3lY="},"lastRemoteEphemeralKey":"BeofSrPbrPrqtjg717e7jWRAAvY42dERDfT/kk6S8LAf","previousCounter":0,"rootKey":"KWnJa/NIxIkWY3+Gu28fdLJ5iy+2y5pgoSMBy2/MASM="},"indexInfo":{"baseKey":"BSP8TCaZJwBKK/+/x2RWbgdiuy1f9jEUJJ9sLnyZv5xk","baseKeyType":1,"closed":-1,"used":1759877806653,"created":1759877806653,"remoteIdentityKey":"BeU6tukR5DQkUO1tADbJeidG3dxaIYor5AdB+tUg2OUQ"},"_chains":{"BUE0i+nQ23a9xFS89dTVwFJ2+1Xog5qnaWuIkvKvjuld":{"chainKey":{"counter":4,"key":"S7Tux35qydtRCRtzI3gAGDaENfgXAiP4J9hbNFg01HE="},"chainType":1,"messageKeys":{}}},"pendingPreKey":{"signedKeyId":2,"baseKey":"BSP8TCaZJwBKK/+/x2RWbgdiuy1f9jEUJJ9sLnyZv5xk","preKeyId":3192073}}},"version":"v1"}