{"_sessions":{"BVkYOx5kEYq/UYp3juKITFfJUOjfi0lY1olqJwfqqNhX":{"registrationId":1659252038,"currentRatchet":{"ephemeralKeyPair":{"pubKey":"BVt9u/ds51skNcBMLmWfVtjBDUN87lQCB9fl5B7J40QC","privKey":"UNY9CJtOVL01LSCOVYgsGe4dlt18oHRXvWWAC9EzpFk="},"lastRemoteEphemeralKey":"BZINExFlOfKi7JOolX2nmPDt1w1iZIL3Re6aKrZCoCAH","previousCounter":0,"rootKey":"60pFAQ3i6yk5hix4xgqznPLlfVQlEY1i0CTE5vhvPFI="},"indexInfo":{"baseKey":"BVkYOx5kEYq/UYp3juKITFfJUOjfi0lY1olqJwfqqNhX","baseKeyType":1,"closed":-1,"used":1759877806618,"created":1759877806618,"remoteIdentityKey":"BcWrr3CUhjS1X9bvtWVZ2BihrjoDTwG5E4i+U330xMdF"},"_chains":{"BVt9u/ds51skNcBMLmWfVtjBDUN87lQCB9fl5B7J40QC":{"chainKey":{"counter":4,"key":"7VeieqqfBLVOFD16R5WExfL55cG/oK2EQhKgJLuEJaI="},"chainType":1,"messageKeys":{}}},"pendingPreKey":{"signedKeyId":7,"baseKey":"BVkYOx5kEYq/UYp3juKITFfJUOjfi0lY1olqJwfqqNhX","preKeyId":6732453}}},"version":"v1"}