{"_sessions":{"BaWVieMutyCDLBvJKuZqa3xUdaucRasUdIn7xErOgFpD":{"registrationId":65517364,"currentRatchet":{"ephemeralKeyPair":{"pubKey":"BTem7LE9ewNv9VpKFcnqFaOsikUJqARYKZiOVdlyXnEQ","privKey":"SAlwPLd3G+Z8BD257/ewePt5i9sc0ZJOcIobvEm0qmc="},"lastRemoteEphemeralKey":"Begadlsw+nkRsIbLavnRzMPCL9IYioI5lFiFTax3JbYW","previousCounter":0,"rootKey":"NbpCCS644PqiFRaUT7IT35DbqXAyfjPjcfs3F1g3OZc="},"indexInfo":{"baseKey":"BaWVieMutyCDLBvJKuZqa3xUdaucRasUdIn7xErOgFpD","baseKeyType":1,"closed":-1,"used":1759877806680,"created":1759877806680,"remoteIdentityKey":"BYSc185wvkjnyF5oVg2/zpWp9LplZIe7ls0VkDUGxc8h"},"_chains":{"BTem7LE9ewNv9VpKFcnqFaOsikUJqARYKZiOVdlyXnEQ":{"chainKey":{"counter":4,"key":"U8F47ahhKeLHKaUI/jC7CbBodhc7mzg6H453+hdHFi4="},"chainType":1,"messageKeys":{}}},"pendingPreKey":{"signedKeyId":1,"baseKey":"BaWVieMutyCDLBvJKuZqa3xUdaucRasUdIn7xErOgFpD","preKeyId":16664608}}},"version":"v1"}