{"_sessions":{"BbTLQtJPY8kFWWVmZpUNqK9DF97w3povC8+5vLi6/Y8L":{"registrationId":1455031949,"currentRatchet":{"ephemeralKeyPair":{"pubKey":"BapffziSabb6vdbEu5Kbca254zTXvPvS2ZPfMiFmLI0t","privKey":"wHKeUJ2oyBVWGxZ48v4wg5UVDRLvZQPtmK4zbccyMmQ="},"lastRemoteEphemeralKey":"BRt17U/Dx69XqIuEowZwnydHGV6yrfEPAqsZU8jhKQlU","previousCounter":0,"rootKey":"o7xqrXZCwifk32bZQeWiY+1Qqu4yFlsfEKh8IPwG5Tg="},"indexInfo":{"baseKey":"BbTLQtJPY8kFWWVmZpUNqK9DF97w3povC8+5vLi6/Y8L","baseKeyType":1,"closed":-1,"used":1759877806693,"created":1759877806693,"remoteIdentityKey":"BY+PHSH03r7XB0arZeXSCeq/dTKxX5VnKvdq77LEaaFI"},"_chains":{"BapffziSabb6vdbEu5Kbca254zTXvPvS2ZPfMiFmLI0t":{"chainKey":{"counter":4,"key":"7eUQA3q9vy0mMICmfc2GWlng0wMsE54Gyu+AHYd5ueY="},"chainType":1,"messageKeys":{}}},"pendingPreKey":{"signedKeyId":2,"baseKey":"BbTLQtJPY8kFWWVmZpUNqK9DF97w3povC8+5vLi6/Y8L"}}},"version":"v1"}