{"_sessions":{"BYLyIJDBrR/gCeR5IH6dpTXNU/WJNr4oFbVEymSASkkU":{"registrationId":966145271,"currentRatchet":{"ephemeralKeyPair":{"pubKey":"BfZ1OAlsj7+E6rR6W0PGVWew0I50ttZjaeQeOIOADVo9","privKey":"IFHPkFgK+wwh8LZWJrGG2EhDhiUdXSmW4DLUR3duqU4="},"lastRemoteEphemeralKey":"BZdOUl0cEAVTTCYtaa6XKvqxOfiwPhj4RuoHmSR0BvIn","previousCounter":0,"rootKey":"SgVzTwz5OdLPLykH8Cy5TPv3ajnICuvAJ2PK03EQbUg="},"indexInfo":{"baseKey":"BYLyIJDBrR/gCeR5IH6dpTXNU/WJNr4oFbVEymSASkkU","baseKeyType":1,"closed":-1,"used":1759877806773,"created":1759877806773,"remoteIdentityKey":"BRj+BgAb9g0uuC1dNjnJtR79iNYfKfFQD5o7eTF0DPgj"},"_chains":{"BfZ1OAlsj7+E6rR6W0PGVWew0I50ttZjaeQeOIOADVo9":{"chainKey":{"counter":4,"key":"Umupwy4XWcGSXKuyUtj1nINBrPiOuSqZ0pzspXJJQcE="},"chainType":1,"messageKeys":{}}},"pendingPreKey":{"signedKeyId":0,"baseKey":"BYLyIJDBrR/gCeR5IH6dpTXNU/WJNr4oFbVEymSASkkU","preKeyId":10062162}}},"version":"v1"}