{"_sessions":{"BbTpzvliggdNKgJ1Xv/H8Ztfz0O6vPALhZd9CIxWXmkV":{"registrationId":407251850,"currentRatchet":{"ephemeralKeyPair":{"pubKey":"BR0L5QGbhQkHNEsi5+YKM6pLreFCVUTn5wjByPZaKxZE","privKey":"6NMSXdsrUsQv+KVOuyALX2t6foNBMAMPd2X1sgr9UU0="},"lastRemoteEphemeralKey":"BbM4bXiu8Y5DKtOctqYyw3GCODR5yDsVd+BVpzCDV4w1","previousCounter":0,"rootKey":"qNwh68V4dqh92AL6hwHifRS4w41c9mVL3YytdGV0Zcw="},"indexInfo":{"baseKey":"BbTpzvliggdNKgJ1Xv/H8Ztfz0O6vPALhZd9CIxWXmkV","baseKeyType":1,"closed":-1,"used":1759877806698,"created":1759877806698,"remoteIdentityKey":"BW/PH/U1ZiAkyABzN0vdmubYHY6gXIM2Nv5sVr8LnLw+"},"_chains":{"BR0L5QGbhQkHNEsi5+YKM6pLreFCVUTn5wjByPZaKxZE":{"chainKey":{"counter":4,"key":"sjCBTnifdUQMc1bAgYfUoB8CleyxOYHT7yWBAah5n6E="},"chainType":1,"messageKeys":{}}},"pendingPreKey":{"signedKeyId":7,"baseKey":"BbTpzvliggdNKgJ1Xv/H8Ztfz0O6vPALhZd9CIxWXmkV","preKeyId":13107104}}},"version":"v1"}