{"_sessions":{"BaUrJpe7+7EV5CIvd5c/vUTQ/bc5qhYGsPP1oV7ZpzZb":{"registrationId":874420758,"currentRatchet":{"ephemeralKeyPair":{"pubKey":"BSL8c9jtcvfXHTsAOaBooxQpl4/+RvuPyUqX6M6ph0sQ","privKey":"6Hulv1IXcjQ1xv/o368Nd7iC77shq/guW3nae9zxd3k="},"lastRemoteEphemeralKey":"BfG/hY/FYxMIjzaW8ateLdAFKGVp6GU6PS6HhqTvqlFR","previousCounter":0,"rootKey":"TmcKF51GFoRFENz0+BI7HzgYKHv1/d9TMI/ngWdt8v8="},"indexInfo":{"baseKey":"BaUrJpe7+7EV5CIvd5c/vUTQ/bc5qhYGsPP1oV7ZpzZb","baseKeyType":1,"closed":-1,"used":1759877806604,"created":1759877806604,"remoteIdentityKey":"BceaFWn84T2ZPHgqwKfpj9g9jp69/2hF+lrtcsdLnxlw"},"_chains":{"BSL8c9jtcvfXHTsAOaBooxQpl4/+RvuPyUqX6M6ph0sQ":{"chainKey":{"counter":4,"key":"/3kXjIbM7PaF1zjCjd5N61MtHkd69OnS6Pf94FLcyIo="},"chainType":1,"messageKeys":{}}},"pendingPreKey":{"signedKeyId":1,"baseKey":"BaUrJpe7+7EV5CIvd5c/vUTQ/bc5qhYGsPP1oV7ZpzZb"}}},"version":"v1"}