{"_sessions":{"BWxAZ1SnYtOhH6g1FOVmB5GVAc2MdLB5iIgZ6ue0cp1U":{"registrationId":786162205,"currentRatchet":{"ephemeralKeyPair":{"pubKey":"BZMD2uUXgrnc6jcpc4o8pGx81tbEJNlBPnujOqBczDUD","privKey":"8JKnw6aiyZCx6UUk50bYA5UOsbOZ4oN4GRn2R8+tH3o="},"lastRemoteEphemeralKey":"BR36fCrDl1czPecxLFUc9nAs66juNs7yJD8Ey3xJs/sl","previousCounter":0,"rootKey":"cPwGFWkRSoJ1NWMSOiQ3dtG/rLihswJD5QL0C0LPLgY="},"indexInfo":{"baseKey":"BWxAZ1SnYtOhH6g1FOVmB5GVAc2MdLB5iIgZ6ue0cp1U","baseKeyType":1,"closed":-1,"used":1759877806436,"created":1759877806436,"remoteIdentityKey":"Bbk8UoiTFrQls60QP9JVmj+NV+86Rvc/H9vWtPh0npxw"},"_chains":{"BZMD2uUXgrnc6jcpc4o8pGx81tbEJNlBPnujOqBczDUD":{"chainKey":{"counter":4,"key":"fSXuw0Yv2BwCglCXmGEUVS/SlZTasRc8ZToH0xWG4C0="},"chainType":1,"messageKeys":{}}},"pendingPreKey":{"signedKeyId":0,"baseKey":"BWxAZ1SnYtOhH6g1FOVmB5GVAc2MdLB5iIgZ6ue0cp1U","preKeyId":14199084}}},"version":"v1"}