{"_sessions":{"BUG7qsnQ9zxhtyLjvGzZt06+KnKCvlBhYy51freZrelI":{"registrationId":62816878,"currentRatchet":{"ephemeralKeyPair":{"pubKey":"BXkCCuoiG1RVZZujqoaoYxdqF6RtdNJLgvw7TId4hX9x","privKey":"eGW91KTL9NsQGIi2NOlxmTt3bvC/OoPBcuFD5Wiq1F0="},"lastRemoteEphemeralKey":"BWvD/+qGzjGXX03IHcrQfP9oHXXCRZ7MI3Gos6fxwqZX","previousCounter":0,"rootKey":"qyhjQlZ/tCq3CujHO0ltlwPQNbs4rRo2yzJ43Zy5Jt0="},"indexInfo":{"baseKey":"BUG7qsnQ9zxhtyLjvGzZt06+KnKCvlBhYy51freZrelI","baseKeyType":1,"closed":-1,"used":1759877806685,"created":1759877806685,"remoteIdentityKey":"BXi2aiYfM5pzo3iPwP90/K4YPotzHZIQrhloJdSbJRoD"},"_chains":{"BXkCCuoiG1RVZZujqoaoYxdqF6RtdNJLgvw7TId4hX9x":{"chainKey":{"counter":4,"key":"BKKiSgesPlfAqAQ1C3SajAZDKghoRqP0W+d1J1mH3Po="},"chainType":1,"messageKeys":{}}},"pendingPreKey":{"signedKeyId":2,"baseKey":"BUG7qsnQ9zxhtyLjvGzZt06+KnKCvlBhYy51freZrelI","preKeyId":2887530}}},"version":"v1"}