{"_sessions":{"BcPei7oIBgek+FO8TycwbXgZ5soVGppbxS2A8VlTXTEO":{"registrationId":2032163039,"currentRatchet":{"ephemeralKeyPair":{"pubKey":"BR7jxPXHBi33/2dqgqijN7dwop4ItCnZCSbd22J46aEe","privKey":"gCLnjbKFxquPzpuRRoYIY9x0yNh1T8S6bWZ2PKtZknM="},"lastRemoteEphemeralKey":"BQc86rMwlvnQGZGglkRFA5Yort/WFgkB5Nua+FHW8G8+","previousCounter":0,"rootKey":"0YM1D6n1L0l+QxF5Ut7SykNyAbcKXDOozoelc1f9zXM="},"indexInfo":{"baseKey":"BcPei7oIBgek+FO8TycwbXgZ5soVGppbxS2A8VlTXTEO","baseKeyType":1,"closed":-1,"used":1759877806437,"created":1759877806437,"remoteIdentityKey":"BeOvxp/ILd/JNGDU2bc9x0aKoBiofAHdLR8Wk9lrpwAK"},"_chains":{"BR7jxPXHBi33/2dqgqijN7dwop4ItCnZCSbd22J46aEe":{"chainKey":{"counter":4,"key":"QnxjEC+FACaKXXSjy6sN3h/hUKhP1hkRUCARXVWWFsY="},"chainType":1,"messageKeys":{}}},"pendingPreKey":{"signedKeyId":2,"baseKey":"BcPei7oIBgek+FO8TycwbXgZ5soVGppbxS2A8VlTXTEO","preKeyId":16208770}}},"version":"v1"}