{"_sessions":{"BflOrstARE8XwczZpqXoFP4FcVTitGqaouV+ZRjju5xs":{"registrationId":1525330561,"currentRatchet":{"ephemeralKeyPair":{"pubKey":"BZgtd9IfxV4zes2b4pGgfySVKYvs6RN96LVKe0UO1tBB","privKey":"yAJ1Vw/qD11x2HpG84VSCuu3tun1AScMTO1hlKjW1Ek="},"lastRemoteEphemeralKey":"BZSNQniVScWg5KTaqsTZXVhzkBrur32A9FBoAMwRAVgr","previousCounter":0,"rootKey":"Q+bZtoDuf0LpIGXEu591qAA/FfizTmgmyhvkVtvwxgw="},"indexInfo":{"baseKey":"BflOrstARE8XwczZpqXoFP4FcVTitGqaouV+ZRjju5xs","baseKeyType":1,"closed":-1,"used":1759877806445,"created":1759877806445,"remoteIdentityKey":"BVpqbpc1AyV8386oD11c4ADMoms8jVjQ5zrpoNCLP6FY"},"_chains":{"BZgtd9IfxV4zes2b4pGgfySVKYvs6RN96LVKe0UO1tBB":{"chainKey":{"counter":4,"key":"CNdaPghlyzYAy0qZ5lRCDQYSdSqVYaXEKXNfCiB2j3g="},"chainType":1,"messageKeys":{}}},"pendingPreKey":{"signedKeyId":1,"baseKey":"BflOrstARE8XwczZpqXoFP4FcVTitGqaouV+ZRjju5xs","preKeyId":10303166}}},"version":"v1"}