{"_sessions":{"Badg3K0ZmsVaV6+/IFW/1MUCSTsNHewG1FohJvlNjicC":{"registrationId":2129552055,"currentRatchet":{"ephemeralKeyPair":{"pubKey":"BcHZ9y7B11O5/EizOEs2FvX3U+XKmVKelKPfX5jZ84cI","privKey":"OKHwngqT9M0dq6QUTVl3CSATZnPLu62v8sw/T7DG83g="},"lastRemoteEphemeralKey":"BTvyO1yF4k6qP7kTmrcS3TxH2BdSu2YxK/VVZCSDDHJb","previousCounter":0,"rootKey":"Mv0B+urULoQ8zCk1j6WTV18vJcQVvUFLLBuTXqd/qUE="},"indexInfo":{"baseKey":"Badg3K0ZmsVaV6+/IFW/1MUCSTsNHewG1FohJvlNjicC","baseKeyType":1,"closed":-1,"used":1759877806511,"created":1759877806511,"remoteIdentityKey":"BZSxmm9nXpkwLcvXFCFynjAcZr99WyauHGOqwiUTdPoU"},"_chains":{"BcHZ9y7B11O5/EizOEs2FvX3U+XKmVKelKPfX5jZ84cI":{"chainKey":{"counter":4,"key":"ZZCuxiLQznn6Ro/lvUUfbYE2sckMlBh0CKD6u7htkxM="},"chainType":1,"messageKeys":{}}},"pendingPreKey":{"signedKeyId":5,"baseKey":"Badg3K0ZmsVaV6+/IFW/1MUCSTsNHewG1FohJvlNjicC"}}},"version":"v1"}