{"_sessions":{"BckqyUAQzANdy8ERDMEf68sFbrHiylGr/Ty/TszfUv8e":{"registrationId":1235599969,"currentRatchet":{"ephemeralKeyPair":{"pubKey":"BeRyWCkRUt+vFK/yqyqwKG6msFEyryOA1WZqn19kSX14","privKey":"EMWg3qMRPYtBn9/oqtV0D+AnhX7LHHRab/m3r2lEtVY="},"lastRemoteEphemeralKey":"BYeixfDdP429rd9X86j0ct1TWibeofQTZe0VyKAGd+wt","previousCounter":0,"rootKey":"f/cIuDknOuIiFFl8Y06wAdUPHXXjdgRqWCWX40sHsAc="},"indexInfo":{"baseKey":"BckqyUAQzANdy8ERDMEf68sFbrHiylGr/Ty/TszfUv8e","baseKeyType":1,"closed":-1,"used":1759877806749,"created":1759877806749,"remoteIdentityKey":"BchEFZuBrEXsT756NSXwRgU2U4jo/Zhu0JLCws6e08J/"},"_chains":{"BeRyWCkRUt+vFK/yqyqwKG6msFEyryOA1WZqn19kSX14":{"chainKey":{"counter":4,"key":"l/bPf+NxKcZuZJlbWd3KaQzl66R8cTHN7KWvS4NTrjk="},"chainType":1,"messageKeys":{}}},"pendingPreKey":{"signedKeyId":1,"baseKey":"BckqyUAQzANdy8ERDMEf68sFbrHiylGr/Ty/TszfUv8e"}}},"version":"v1"}