{"_sessions":{"BYCFvukZ+WUauFrvn4SPGHHmKDrmOVSA6wjiMhx+O+E/":{"registrationId":94,"currentRatchet":{"ephemeralKeyPair":{"pubKey":"BQtzr0wop/gthDNMZqR3EiKJ60aDKB3Mpbf+/CTbsUd3","privKey":"APArAUH16HJDDyvupFhU4rSWLuDiIhZjqWlwu9shJG4="},"lastRemoteEphemeralKey":"Bfbsnh5WOyOrC034RxIp8geZ2Y9Q/YVQbZPcgQxssXVP","previousCounter":0,"rootKey":"7umkThQvcLerMKvJkAV9+utjBbP3XA6v5URgT1DVVcU="},"indexInfo":{"baseKey":"BYCFvukZ+WUauFrvn4SPGHHmKDrmOVSA6wjiMhx+O+E/","baseKeyType":1,"closed":-1,"used":1759877806769,"created":1759877806769,"remoteIdentityKey":"BdFOdjDazgsCnHSmfly922cKwJI07pvBVUbVa9B4qatq"},"_chains":{"BQtzr0wop/gthDNMZqR3EiKJ60aDKB3Mpbf+/CTbsUd3":{"chainKey":{"counter":4,"key":"zh/iqyFgCWLu01z0x4/tu5QzL6KY0w394lseDMQ0K9o="},"chainType":1,"messageKeys":{}}},"pendingPreKey":{"signedKeyId":1,"baseKey":"BYCFvukZ+WUauFrvn4SPGHHmKDrmOVSA6wjiMhx+O+E/"}}},"version":"v1"}