{"_sessions":{"BVyZdBppfkQ8R8zDcaySfcLkj+mQZ1EmgohizZ0vzZVl":{"registrationId":670295075,"currentRatchet":{"ephemeralKeyPair":{"pubKey":"BQ69xuNhEneTmxzxw89uJ/42M0LqFvAugFebOCdv09gI","privKey":"4KxM2yyqWsCsoSHPKjczZH+K27DcIlVyYZ1RcPJg50I="},"lastRemoteEphemeralKey":"BTaxOWVbc01masudiGUOsFD9WzRBgCyOp0SplMOQBkAE","previousCounter":0,"rootKey":"aY6dQ4oY5CvGfdQEXndR5MdyUlzPwvCJLAjZYLcLDlo="},"indexInfo":{"baseKey":"BVyZdBppfkQ8R8zDcaySfcLkj+mQZ1EmgohizZ0vzZVl","baseKeyType":1,"closed":-1,"used":1759877806447,"created":1759877806447,"remoteIdentityKey":"BY8dQcVdycEEeodKRqR1bee+MwHK5sOCJDfq167gqbc7"},"_chains":{"BQ69xuNhEneTmxzxw89uJ/42M0LqFvAugFebOCdv09gI":{"chainKey":{"counter":4,"key":"ICwqsJ0JFe1jm6Oip7gW6+dC6Z3ARAsCESBQHhrp6hQ="},"chainType":1,"messageKeys":{}}},"pendingPreKey":{"signedKeyId":22,"baseKey":"BVyZdBppfkQ8R8zDcaySfcLkj+mQZ1EmgohizZ0vzZVl","preKeyId":14105111}}},"version":"v1"}