{"_sessions":{"Bfce20ESq01NiJWYIEF1GnIvy3E3MGHtLg4w4TstP6JF":{"registrationId":1166765551,"currentRatchet":{"ephemeralKeyPair":{"pubKey":"BQaKMOQrm0FKydYUjniGcaLxfu0HTDreU05i0GUG43lJ","privKey":"2DAXL1VlXhXGyCCHy5bQRHy1gqWY+PCxTszwdhob0Vs="},"lastRemoteEphemeralKey":"BUKPvmFIten+vy2kH+iIf4KvTm+RBndQMocywmsJrW9L","previousCounter":0,"rootKey":"h9ex5PQxGG6w2svg5tgBVkZoY5Wa1z2nY3P2FSK7G7Y="},"indexInfo":{"baseKey":"Bfce20ESq01NiJWYIEF1GnIvy3E3MGHtLg4w4TstP6JF","baseKeyType":1,"closed":-1,"used":1759877806388,"created":1759877806388,"remoteIdentityKey":"Bf5NRCUWmn60T2gTADN1kPDOc4oBN6sDzfnsqVkjkDQ0"},"_chains":{"BQaKMOQrm0FKydYUjniGcaLxfu0HTDreU05i0GUG43lJ":{"chainKey":{"counter":4,"key":"3Pd+P9NlXyjgXyOeppFklGjNz40o4XUBF1omJmQNHzE="},"chainType":1,"messageKeys":{}}},"pendingPreKey":{"signedKeyId":11,"baseKey":"Bfce20ESq01NiJWYIEF1GnIvy3E3MGHtLg4w4TstP6JF","preKeyId":3544040}}},"version":"v1"}