{"_sessions":{"BXdckMCOQJAeXNPDGFTMNli7UxQtDaBHO18clirnBj1U":{"registrationId":1881387994,"currentRatchet":{"ephemeralKeyPair":{"pubKey":"BXzY913fycRwUBy1iE+drNIx649g3PLbHOH7+rrYRsJ6","privKey":"EHmmIZQqTtOYYPcJxW29E89LcVodZkReBew7hYVQDms="},"lastRemoteEphemeralKey":"BaIy60c+ns5QYysBp4gcHbG4OeVPxq8Tx0HfBeV2NYZL","previousCounter":0,"rootKey":"NmOWB10+I6t2nPogNb+hjxB+y/6MQECu7XYSIW59sBk="},"indexInfo":{"baseKey":"BXdckMCOQJAeXNPDGFTMNli7UxQtDaBHO18clirnBj1U","baseKeyType":1,"closed":-1,"used":1759877806418,"created":1759877806418,"remoteIdentityKey":"Bee6AwYWqA2D7JBPcKZWVzchGDdA9GWTlPK8wIjgwykg"},"_chains":{"BXzY913fycRwUBy1iE+drNIx649g3PLbHOH7+rrYRsJ6":{"chainKey":{"counter":4,"key":"T01aCnKFv7pQrc2lgDYZeT0k0OnaMhoDH9G5bArpVT8="},"chainType":1,"messageKeys":{}}},"pendingPreKey":{"signedKeyId":14,"baseKey":"BXdckMCOQJAeXNPDGFTMNli7UxQtDaBHO18clirnBj1U","preKeyId":15846604}}},"version":"v1"}