{"_sessions":{"BQru48fe37RUNhXnossz4Zk10w8gSpHKCdKER1XxS+Rn":{"registrationId":2,"currentRatchet":{"ephemeralKeyPair":{"pubKey":"BQLY1n6mF+x6yYCjbAMTvarOalxEkJEGhsyj7+ka7LdA","privKey":"iG9dS29rfu++CpqMc5PBjhGaXsCta0OvAsum0SnfbW4="},"lastRemoteEphemeralKey":"BdI6LGeM4qsFgdRxdc7cKucDn3Eu7JywbU2KYM98jEIh","previousCounter":0,"rootKey":"RyO5/EaSjTY5UIy+Wahckk89dn198LY1m4igtOguDZU="},"indexInfo":{"baseKey":"BQru48fe37RUNhXnossz4Zk10w8gSpHKCdKER1XxS+Rn","baseKeyType":1,"closed":-1,"used":1759877806763,"created":1759877806763,"remoteIdentityKey":"BRzZpKwhxiV8aCGENVxrhhb6/fU82hGRU+yWjFrd3e1B"},"_chains":{"BQLY1n6mF+x6yYCjbAMTvarOalxEkJEGhsyj7+ka7LdA":{"chainKey":{"counter":4,"key":"SuOXvuzvZV5hAv4brTzuSPnbRqb6+GDMx7edEgjtsac="},"chainType":1,"messageKeys":{}}},"pendingPreKey":{"signedKeyId":1,"baseKey":"BQru48fe37RUNhXnossz4Zk10w8gSpHKCdKER1XxS+Rn","preKeyId":13}}},"version":"v1"}