{"_sessions":{"BfYuVkUg1bb22/qHwwbD1JefHaEoHTsSfWS7zNPsw9tY":{"registrationId":538708877,"currentRatchet":{"ephemeralKeyPair":{"pubKey":"BUnRJ9GIFNeuwXzvdCPfWJKEr/qcnoeMyI67gfFED8F/","privKey":"SKXnjNzxZZXEGiMr3fHnbTcktwKAsiH7EZn5FPDwl2k="},"lastRemoteEphemeralKey":"BbdtxN1yghyhs++a8Uz6ecJ1b/5Qvk1CYURF6fn4LS4b","previousCounter":0,"rootKey":"Y6U7ojEBA3T61boqHSBngRtUqrOWUL+v/xDiUcUPOa4="},"indexInfo":{"baseKey":"BfYuVkUg1bb22/qHwwbD1JefHaEoHTsSfWS7zNPsw9tY","baseKeyType":1,"closed":-1,"used":1759877806630,"created":1759877806630,"remoteIdentityKey":"BUajC/EhHq9SIP2IRZ+cq/P1EGiYDuyJP43aKLlAOIEX"},"_chains":{"BUnRJ9GIFNeuwXzvdCPfWJKEr/qcnoeMyI67gfFED8F/":{"chainKey":{"counter":4,"key":"XYxT6msYi4e9BB38r7mi8yKjCV+2hDb8T15iqi57FRQ="},"chainType":1,"messageKeys":{}}},"pendingPreKey":{"signedKeyId":27,"baseKey":"BfYuVkUg1bb22/qHwwbD1JefHaEoHTsSfWS7zNPsw9tY","preKeyId":13779478}}},"version":"v1"}