{"_sessions":{"Bbr3y4fiD8P+PcfX5Ac1Yxbzj90GkW0Bk0WDYnxUFfgl":{"registrationId":1280358962,"currentRatchet":{"ephemeralKeyPair":{"pubKey":"BUBqnkfhjrprs6YCMmmQgiUrmre3roYeFDF/weWwtMBy","privKey":"8AsQC1O7DpglOdRoG5SQRMZiO2qguwmRCq1fBy5MvVE="},"lastRemoteEphemeralKey":"Bc9Ii1v2pfJlI09eo7HQRdeBz21qToIhoqYHAfU8WRlD","previousCounter":0,"rootKey":"dosySI2u+lVS42s4oiOLnswE9mVRzmfrs099pzLcZbE="},"indexInfo":{"baseKey":"Bbr3y4fiD8P+PcfX5Ac1Yxbzj90GkW0Bk0WDYnxUFfgl","baseKeyType":1,"closed":-1,"used":1759877806615,"created":1759877806615,"remoteIdentityKey":"BQqSLwbYLwiw2LNimJK7H4BS5QYm+dNXuMswStFtGCtt"},"_chains":{"BUBqnkfhjrprs6YCMmmQgiUrmre3roYeFDF/weWwtMBy":{"chainKey":{"counter":4,"key":"ooBRfu2hJnkfZHDT3qgEEHKBHrH510wp52Waz0b2jPw="},"chainType":1,"messageKeys":{}}},"pendingPreKey":{"signedKeyId":1,"baseKey":"Bbr3y4fiD8P+PcfX5Ac1Yxbzj90GkW0Bk0WDYnxUFfgl"}}},"version":"v1"}