{"_sessions":{"BWL+Bquk/K02g0moCViBxP38S1D9KlVkbtHVRwAF5ugp":{"registrationId":591786818,"currentRatchet":{"ephemeralKeyPair":{"pubKey":"BYXSq3tEdEXlJdSLEfv2YYEYjVIUzKw+K52NlXjd8KIy","privKey":"AP4haupZBDea7fTSKwC1lCAZCNzvQqKyCgAg1TgRZ2U="},"lastRemoteEphemeralKey":"BbF054beA6Vk8xtZ0eS15u6rqAoNJEEgmtHBPpEYoyIQ","previousCounter":0,"rootKey":"i4RMLMTqtW+nazkoHlalctj4R/tKl06G8V7j11pyCQg="},"indexInfo":{"baseKey":"BWL+Bquk/K02g0moCViBxP38S1D9KlVkbtHVRwAF5ugp","baseKeyType":1,"closed":-1,"used":1759877806462,"created":1759877806462,"remoteIdentityKey":"Betlc40zgG27CcbJrMvE8QbO9PNwkbxeEKhh+d5knuoZ"},"_chains":{"BYXSq3tEdEXlJdSLEfv2YYEYjVIUzKw+K52NlXjd8KIy":{"chainKey":{"counter":4,"key":"Y+V5WZUXQ+2EoEHYLMGsB9rcoLd/qTbVxrkgBONz4mM="},"chainType":1,"messageKeys":{}}},"pendingPreKey":{"signedKeyId":4,"baseKey":"BWL+Bquk/K02g0moCViBxP38S1D9KlVkbtHVRwAF5ugp","preKeyId":5101330}}},"version":"v1"}