{"_sessions":{"BeGpB0ONH94F5GwRPmj591JjnTwrcmqrYYB5oHqTr4Ym":{"registrationId":1504580746,"currentRatchet":{"ephemeralKeyPair":{"pubKey":"Bb4RJS1VDZGyyiIsnZVPr5dHs/Jy9HNRWHgnSO1Gdo1M","privKey":"uDdOvskyNJhHNp9qAkInmv7O/qtXKzDBrIsmlbveBnI="},"lastRemoteEphemeralKey":"BafWr/a6ATHt1PM9aGJdjrU1QXtC4NEHjF+4oasFFo9K","previousCounter":0,"rootKey":"vXSryfWXAfsi7wi6F64F3DvfZLX+Hxbm3+k7AjyZSC0="},"indexInfo":{"baseKey":"BeGpB0ONH94F5GwRPmj591JjnTwrcmqrYYB5oHqTr4Ym","baseKeyType":1,"closed":-1,"used":1759877806509,"created":1759877806509,"remoteIdentityKey":"BTZnomxKSH2NDDULsJV5EMhHJMCnLovzHtSJYKwLRb9Q"},"_chains":{"Bb4RJS1VDZGyyiIsnZVPr5dHs/Jy9HNRWHgnSO1Gdo1M":{"chainKey":{"counter":4,"key":"bRQmiop15ijXfbmv76Tpb5r3t5CWDI7D84pQ63Hwd3M="},"chainType":1,"messageKeys":{}}},"pendingPreKey":{"signedKeyId":0,"baseKey":"BeGpB0ONH94F5GwRPmj591JjnTwrcmqrYYB5oHqTr4Ym","preKeyId":13329560}}},"version":"v1"}