{"_sessions":{"Ba4Mvxt4qBnyOwDlEnGCdTBycvOE2PQ3VXdQelL+7Dcd":{"registrationId":889948880,"currentRatchet":{"ephemeralKeyPair":{"pubKey":"BXnqcV880RPSs9j11rArfm7hh5h7b2mX535TDPWw2BQM","privKey":"mLFVzkqrl/xQ/ViVCLLCOVDfe14Sr2/kwaAqrkNwekE="},"lastRemoteEphemeralKey":"BdxczYpduDEElKmM6ZAO4rkqcsGOA6IokZ8vreJls7g3","previousCounter":0,"rootKey":"hiLAcNZbpbm+MD3lQiZPapZ0yvOM6lXLboHqvsbcK5Q="},"indexInfo":{"baseKey":"Ba4Mvxt4qBnyOwDlEnGCdTBycvOE2PQ3VXdQelL+7Dcd","baseKeyType":1,"closed":-1,"used":1759877806699,"created":1759877806699,"remoteIdentityKey":"BbTN4nRofaR9yKk+Eyr9mxUZ2psSi5xDtmQ6XSgRMa4q"},"_chains":{"BXnqcV880RPSs9j11rArfm7hh5h7b2mX535TDPWw2BQM":{"chainKey":{"counter":4,"key":"b0u/kFcqgXcOyKjrPnpydFNDZ4SjO2HcnOppzaKPXKw="},"chainType":1,"messageKeys":{}}},"pendingPreKey":{"signedKeyId":3,"baseKey":"Ba4Mvxt4qBnyOwDlEnGCdTBycvOE2PQ3VXdQelL+7Dcd","preKeyId":15066090}}},"version":"v1"}