{"_sessions":{"BbKgG+gpx2cqkBQW+WTdWOAwCajWMU5aRDBW+wNFUWs9":{"registrationId":1131906358,"currentRatchet":{"ephemeralKeyPair":{"pubKey":"BXitr8KBdS4bWuksonvStgeTUjXfg+B+rUJnL70VEZlU","privKey":"AP7UOwnPciyAoV1Am6Avm+PD0x6Ur1hNmeFN1nF8kGA="},"lastRemoteEphemeralKey":"Bf2K1P52u3dxhVDpUUm+AJ13rARjqko56aO6/nzlOb9F","previousCounter":0,"rootKey":"UBG41MVU+Hc15sU2YW6EvsSHiCb4ES/bOEo+Trl4N+8="},"indexInfo":{"baseKey":"BbKgG+gpx2cqkBQW+WTdWOAwCajWMU5aRDBW+wNFUWs9","baseKeyType":1,"closed":-1,"used":1759877806515,"created":1759877806515,"remoteIdentityKey":"BYIoVTiEcGgOAVdgjoXQrgu/uIjxiAO+oISRjy+Nem5S"},"_chains":{"BXitr8KBdS4bWuksonvStgeTUjXfg+B+rUJnL70VEZlU":{"chainKey":{"counter":4,"key":"JWQEAq3WzibqCJTBaAUwgYMy7KH9piXEIIpIca8AZhc="},"chainType":1,"messageKeys":{}}},"pendingPreKey":{"signedKeyId":1,"baseKey":"BbKgG+gpx2cqkBQW+WTdWOAwCajWMU5aRDBW+wNFUWs9","preKeyId":2310896}}},"version":"v1"}