{"_sessions":{"BU5lakK4T6aaK8HgNacROyhVa26f2SKD0vXLG0k4ZoAJ":{"registrationId":769671508,"currentRatchet":{"ephemeralKeyPair":{"pubKey":"Bfa7h7DuHrIYQMVk9iZyxx9eKK6SU7VhXqXpZ3XVsr4P","privKey":"4Kf68Ml/A9O4Sw8KASajPWXRrNbZ6V6XpN58BNdDNkM="},"lastRemoteEphemeralKey":"BTGXsdx4p0BWxyAarEA+eIxDudCQXH1Bw5ZfCeAjqOV7","previousCounter":0,"rootKey":"JG8RroGv0WYg5bPeSpwCU6Qr814F7f7HHEY33sQfTEI="},"indexInfo":{"baseKey":"BU5lakK4T6aaK8HgNacROyhVa26f2SKD0vXLG0k4ZoAJ","baseKeyType":1,"closed":-1,"used":1759877806570,"created":1759877806570,"remoteIdentityKey":"BXo2f9OWnWk0wygpVCMNi13uY7mUIWRNxTE5zWbi7CZV"},"_chains":{"Bfa7h7DuHrIYQMVk9iZyxx9eKK6SU7VhXqXpZ3XVsr4P":{"chainKey":{"counter":4,"key":"3jL95lxe0kTsA9gYAfVIHb6EVJEdIRC5mdWwOeUHHjA="},"chainType":1,"messageKeys":{}}},"pendingPreKey":{"signedKeyId":2,"baseKey":"BU5lakK4T6aaK8HgNacROyhVa26f2SKD0vXLG0k4ZoAJ","preKeyId":14432811}}},"version":"v1"}