{"_sessions":{"BU2v8dppxGYw/FRnf6hnF41eQf4lQwyezq0fDEBRCKcy":{"registrationId":14255,"currentRatchet":{"ephemeralKeyPair":{"pubKey":"BW9XeU1wNRlIi9WBOzMzxYKcF9fC5ztAcL1SqT+badh7","privKey":"AHhoyDJv3b8XuYZGSgM5vfm3PegQTC5V/KCm2PLcakQ="},"lastRemoteEphemeralKey":"BTfefQ47YzxwDJJgZYwj/6x/DMla+0tAW6ksufUmkXRf","previousCounter":0,"rootKey":"OI2/e1vVagnM6UJxlAt4mWW+PFVqf3skjQv1wXBEX7g="},"indexInfo":{"baseKey":"BU2v8dppxGYw/FRnf6hnF41eQf4lQwyezq0fDEBRCKcy","baseKeyType":1,"closed":-1,"used":1759877806745,"created":1759877806745,"remoteIdentityKey":"BaHT6IFgnYG/3KK4rca/GDSvR+jZr8Rl4b/wm0TqQCNi"},"_chains":{"BW9XeU1wNRlIi9WBOzMzxYKcF9fC5ztAcL1SqT+badh7":{"chainKey":{"counter":4,"key":"2bSMtAkuOxnAONgsUilvR/fwP6U4Rm6dEnduhCjB0hs="},"chainType":1,"messageKeys":{}}},"pendingPreKey":{"signedKeyId":1,"baseKey":"BU2v8dppxGYw/FRnf6hnF41eQf4lQwyezq0fDEBRCKcy"}}},"version":"v1"}