{"_sessions":{"BSSEgVM+y7TT5GWPFTsMRJuglFiU7VyUwvhJEcrG5fJ8":{"registrationId":535607215,"currentRatchet":{"ephemeralKeyPair":{"pubKey":"BXnlAOsK48Th147IAtpoSb5tDJoGu71vWvGE4QCmq2NO","privKey":"gI+hkMOhXTgB76r0q7vkTv1j2nNmekZ/RYnjVmV2e2w="},"lastRemoteEphemeralKey":"BbWSfWQyU0nn+SKS+ObNTG6pIXy9nvfWulIBSUg3K5Ea","previousCounter":0,"rootKey":"KNz5R5yQwt4SJisrSppT2l7fPnXFOf0eBXI87yOpUkY="},"indexInfo":{"baseKey":"BSSEgVM+y7TT5GWPFTsMRJuglFiU7VyUwvhJEcrG5fJ8","baseKeyType":1,"closed":-1,"used":1759877806592,"created":1759877806592,"remoteIdentityKey":"BaX+jHtMUrLi2ObWbMQ7aOC+tVQuEZbMsnAf6Z6ddrci"},"_chains":{"BXnlAOsK48Th147IAtpoSb5tDJoGu71vWvGE4QCmq2NO":{"chainKey":{"counter":4,"key":"LSklSWAgIZ5VIgnI/WGAzx5hmXZEw0vBQPt2wfhY/ag="},"chainType":1,"messageKeys":{}}},"pendingPreKey":{"signedKeyId":0,"baseKey":"BSSEgVM+y7TT5GWPFTsMRJuglFiU7VyUwvhJEcrG5fJ8","preKeyId":12770839}}},"version":"v1"}