{"_sessions":{"BVyyms3s3DFNU4Wcwmh818D6JwKOF+2pyMMiWxR57BcT":{"registrationId":1954425798,"currentRatchet":{"ephemeralKeyPair":{"pubKey":"BZ5zt73QA/4V1X6hmf+7qPQHV6FqdGSI9qRaYbBgO1Jv","privKey":"+ON+aq5plHFrFS4OFsLZviNmlXmkx/dZPb5PCoxvCW4="},"lastRemoteEphemeralKey":"Bf+iMK1opJ3ds7/2ezYlGghgf/3EOIzUkZ/VBGPiUQh4","previousCounter":0,"rootKey":"pEwbITNtqsuZez6k5H6ndsahzkvBTBSPvzKODxUb2yo="},"indexInfo":{"baseKey":"BVyyms3s3DFNU4Wcwmh818D6JwKOF+2pyMMiWxR57BcT","baseKeyType":1,"closed":-1,"used":1759877806697,"created":1759877806697,"remoteIdentityKey":"Be2/izmsjanTdJ5ShsgPF9VdBwHZcnjIpcVDGQOR6t8n"},"_chains":{"BZ5zt73QA/4V1X6hmf+7qPQHV6FqdGSI9qRaYbBgO1Jv":{"chainKey":{"counter":4,"key":"gGMuCJ2uCgo3+YMEmbZnpHDkYkzDBotdvfqLC5GTq6A="},"chainType":1,"messageKeys":{}}},"pendingPreKey":{"signedKeyId":4,"baseKey":"BVyyms3s3DFNU4Wcwmh818D6JwKOF+2pyMMiWxR57BcT","preKeyId":10689009}}},"version":"v1"}