{"_sessions":{"BTjYHFz5RS+LcyvkL2AHFxU4NhJcB+GD7XGMsLqEmHAw":{"registrationId":715149511,"currentRatchet":{"ephemeralKeyPair":{"pubKey":"BfffLg7NkgDsEYhDO9Yo7sV39JywOmxjhy2vPqp+w0sc","privKey":"EEErzzT2IWR2VdXE7cHEgM/08MQPW2qjSM5ve16HW0s="},"lastRemoteEphemeralKey":"Bf7HzTtsGyNMEqcMstu+SChBm5VIVWPt33cliQ56hL8o","previousCounter":0,"rootKey":"RwqrcgbHNpq28VXWSv/9WRaJMJ4vP4IudENruJywJdc="},"indexInfo":{"baseKey":"BTjYHFz5RS+LcyvkL2AHFxU4NhJcB+GD7XGMsLqEmHAw","baseKeyType":2,"closed":1759877793958,"used":1759877793100,"created":1759877793100,"remoteIdentityKey":"BZeFzn1X75/tBFSNPBobOaDCrdOvVyiUQccWShK5KH9y"},"_chains":{"Bf7HzTtsGyNMEqcMstu+SChBm5VIVWPt33cliQ56hL8o":{"chainKey":{"counter":0,"key":"QrU5TdSOPhssNP8wKzpNGI0BISdtowsKVC7Rd/nlwzc="},"chainType":2,"messageKeys":{}},"BfffLg7NkgDsEYhDO9Yo7sV39JywOmxjhy2vPqp+w0sc":{"chainKey":{"counter":-1,"key":"JULov2bd78kHXkY+tgJdK8zarF8VcbTBodmEFO15cJ8="},"chainType":1,"messageKeys":{}}}},"BcVe3jPHLkyf2iJFa0SFgWom8c/XP67F2Ms0e/HaZcQd":{"registrationId":715149511,"currentRatchet":{"ephemeralKeyPair":{"pubKey":"BbhWR8nT6Bi1BcsjSpLzh9C5DdB+k6Nxxt/yd7p+bbB9","privKey":"eBczmtCMZWUZURtFm+cvscb09Nx+vLu2gg4iFoMp4FA="},"lastRemoteEphemeralKey":"BcGXA2KV1REwQtUV4iaWl37Kf677uLYrvYgHetR7v7Zy","previousCounter":0,"rootKey":"t2bvSiVJ+bWCFfqDujRXL5Sj9FZB/11ScB+WleV5QpI="},"indexInfo":{"baseKey":"BcVe3jPHLkyf2iJFa0SFgWom8c/XP67F2Ms0e/HaZcQd","baseKeyType":2,"closed":-1,"used":1759877793959,"created":1759877793959,"remoteIdentityKey":"BZeFzn1X75/tBFSNPBobOaDCrdOvVyiUQccWShK5KH9y"},"_chains":{"BcGXA2KV1REwQtUV4iaWl37Kf677uLYrvYgHetR7v7Zy":{"chainKey":{"counter":0,"key":"iWb/THyYvtKdGkH7QOn7EqcHlduFiofQheAIVD/hxeE="},"chainType":2,"messageKeys":{}},"BbhWR8nT6Bi1BcsjSpLzh9C5DdB+k6Nxxt/yd7p+bbB9":{"chainKey":{"counter":4,"key":"1K3BvQ9K7KhOQunbp2VI8HAt7qS/BPnhvqYdUYxT0kA="},"chainType":1,"messageKeys":{}}}}},"version":"v1"}