{"_sessions":{"BcTrBhXXItYCSXPtFDQp62S10bNAH+tXfpZzCADr3moB":{"registrationId":51041881,"currentRatchet":{"ephemeralKeyPair":{"pubKey":"BUMhDIp6zCEUQ0pbKWxqRk3IjlbCQ2Fte8Cvm+Ps2/FS","privKey":"+Eaba7k83RFAhiM7WREn7/yO8wtAvAm+VroO231aFFE="},"lastRemoteEphemeralKey":"BXVETYh4Z+n+77GO0NImhP2fVROs9K87pfgxqMSgp30I","previousCounter":0,"rootKey":"jtJ1lbPSHzKLx5EBB2LP1zXeBfQH7CRKJ+v1BThpc6A="},"indexInfo":{"baseKey":"BcTrBhXXItYCSXPtFDQp62S10bNAH+tXfpZzCADr3moB","baseKeyType":1,"closed":-1,"used":1759877806409,"created":1759877806409,"remoteIdentityKey":"BceDouBuh0BjCxlqM06Ni9rVBQ+iW7iThZlAgvchYdcy"},"_chains":{"BUMhDIp6zCEUQ0pbKWxqRk3IjlbCQ2Fte8Cvm+Ps2/FS":{"chainKey":{"counter":4,"key":"UPJ2Zz+IW6uEkhRHItb+1Ll/ZGxMwIZpAQWtqaB9dRM="},"chainType":1,"messageKeys":{}}},"pendingPreKey":{"signedKeyId":8,"baseKey":"BcTrBhXXItYCSXPtFDQp62S10bNAH+tXfpZzCADr3moB"}}},"version":"v1"}