{"_sessions":{"BSIB15A6HL57jbQCED9RkVNPz2gkPU7RvdTAHPYkcTJA":{"registrationId":1245524300,"currentRatchet":{"ephemeralKeyPair":{"pubKey":"BekiEJgRJ4jJ/Lbh/fNwcjB1a3aYu4TqNC7oYtKQWaYc","privKey":"cIlLpl68hcEtXqKrIkUrfpAgl57nMZBnc5nzrPX/4XQ="},"lastRemoteEphemeralKey":"BUAgxTMxGOCyt1ZkZ1q6Z/WENgEntXgxsbySzt7FlJV5","previousCounter":0,"rootKey":"YdQ7rA8e5Ra6nQ7NZR2z/guZQLbVDQ60SfaMNDeYwkM="},"indexInfo":{"baseKey":"BSIB15A6HL57jbQCED9RkVNPz2gkPU7RvdTAHPYkcTJA","baseKeyType":1,"closed":-1,"used":1759877806700,"created":1759877806700,"remoteIdentityKey":"BfCD1l0I5urRkCzdNcB7cLmwui6wafMnNbmFDOkxNVRh"},"_chains":{"BekiEJgRJ4jJ/Lbh/fNwcjB1a3aYu4TqNC7oYtKQWaYc":{"chainKey":{"counter":4,"key":"ZKaqgCluod68v7LG6vD1xcfAKMUyE0LNcf98INy/M/w="},"chainType":1,"messageKeys":{}}},"pendingPreKey":{"signedKeyId":0,"baseKey":"BSIB15A6HL57jbQCED9RkVNPz2gkPU7RvdTAHPYkcTJA","preKeyId":15256525}}},"version":"v1"}