{"_sessions":{"BQBLhDP8KjrCy8tar/yKAcvN1LQbXPy93jUX1SAFgQ59":{"registrationId":1208503175,"currentRatchet":{"ephemeralKeyPair":{"pubKey":"BQuM+cINCEAGOFxgm3/7fQblmgoT9l14dyg0zMZcKsVi","privKey":"qDiI5h7nacVAFPktYqSOXKpjxDYimZ15nXpAtj42U0Q="},"lastRemoteEphemeralKey":"BR/7f8YQt8AsWVSsFDJbUkJEvAxZX6x46vwBYcXTwAx0","previousCounter":0,"rootKey":"m+v+SQQVh4RPC+X+RMCzvPNUZyoDodVSVnpvXXxmTdk="},"indexInfo":{"baseKey":"BQBLhDP8KjrCy8tar/yKAcvN1LQbXPy93jUX1SAFgQ59","baseKeyType":1,"closed":-1,"used":1759877806482,"created":1759877806482,"remoteIdentityKey":"BUHI2aK8Mouq+4dOEp2kcvpgrAGcDfcQ4E6/QJQDd1I9"},"_chains":{"BQuM+cINCEAGOFxgm3/7fQblmgoT9l14dyg0zMZcKsVi":{"chainKey":{"counter":4,"key":"P+eIzPrSFcEdi2UGDrcUbiCMDUsCjWUoDE0kXTM5HKA="},"chainType":1,"messageKeys":{}}},"pendingPreKey":{"signedKeyId":3,"baseKey":"BQBLhDP8KjrCy8tar/yKAcvN1LQbXPy93jUX1SAFgQ59","preKeyId":12585364}}},"version":"v1"}