{"_sessions":{"Beg9jC34/Xep8s211BHYMg5+8/CvWI8KHmnCf8AbfEkz":{"registrationId":510074875,"currentRatchet":{"ephemeralKeyPair":{"pubKey":"BRHknVLPjNzVFwV73l8C3CB3mjRwIfn1+DDTZiAguptS","privKey":"OGRjXx/LrckJNACo2S/nAY//RQJwJju1w1fgjASDo30="},"lastRemoteEphemeralKey":"BRmIhZCFKhmv+opRDxyDN49qlLQHZgORApHAVKyIoeIF","previousCounter":0,"rootKey":"4iEYv3nwtiXPXMMjk0XtDBYWs0ueORABopjPR2Vg2Oc="},"indexInfo":{"baseKey":"Beg9jC34/Xep8s211BHYMg5+8/CvWI8KHmnCf8AbfEkz","baseKeyType":1,"closed":-1,"used":1759877806584,"created":1759877806584,"remoteIdentityKey":"BcHEwoIXy8e4KnyKnzPEVg0thkyLyhUjJzkeyM/20bNt"},"_chains":{"BRHknVLPjNzVFwV73l8C3CB3mjRwIfn1+DDTZiAguptS":{"chainKey":{"counter":4,"key":"Hd42XvcCQYw5ESRhURIlnU/KN7P8qWztZSAXgcZpIpk="},"chainType":1,"messageKeys":{}}},"pendingPreKey":{"signedKeyId":1,"baseKey":"Beg9jC34/Xep8s211BHYMg5+8/CvWI8KHmnCf8AbfEkz","preKeyId":7520838}}},"version":"v1"}