{"_sessions":{"BQ04OCk0RTvYLUgkC2x4+Z3o1shBOLyGz83RJHW3jdo5":{"registrationId":14112,"currentRatchet":{"ephemeralKeyPair":{"pubKey":"BYT8KpssEBD7oOGOtSQvt6W+mwpf5YmneWP13NghVzd4","privKey":"WEXrWNRRAgRoxgKfskhRjFQRh/p+MWlvPZhg/gP860g="},"lastRemoteEphemeralKey":"BeE/jWjfvpc6jaH5XSOkDmIDWG5XsVXXAO/PLI5ZpEAQ","previousCounter":0,"rootKey":"exRufLQ8Aa/HsSiEUMZfb74/y8R8VbWCZx2ng/7uitE="},"indexInfo":{"baseKey":"BQ04OCk0RTvYLUgkC2x4+Z3o1shBOLyGz83RJHW3jdo5","baseKeyType":1,"closed":-1,"used":1759877806748,"created":1759877806748,"remoteIdentityKey":"BdTiRv7TcX7mgfYSv3cG2iuYc12XXzEivs7pGKiERXc3"},"_chains":{"BYT8KpssEBD7oOGOtSQvt6W+mwpf5YmneWP13NghVzd4":{"chainKey":{"counter":4,"key":"WiGSXpQp+neifOgnrTLB2aQynte5X0zrSQz+VJgXZUk="},"chainType":1,"messageKeys":{}}},"pendingPreKey":{"signedKeyId":1,"baseKey":"BQ04OCk0RTvYLUgkC2x4+Z3o1shBOLyGz83RJHW3jdo5","preKeyId":266}}},"version":"v1"}