{"_sessions":{"BSXG/SPZuzXuBPbSQ3UjPHvuIVqIbeVft5+gDDMXKJhR":{"registrationId":1410313419,"currentRatchet":{"ephemeralKeyPair":{"pubKey":"BQ9rdwBi6W1Xod8Gf3bRl9a4uVy5JbsODqzOSt8uL6N/","privKey":"cNswT6+fc1zuCIyceOdmxt7UDL+1IhIb2qCJd3kBCkE="},"lastRemoteEphemeralKey":"BbXVm0UbTe2wT5in0ufVNpVLAUu6Y402XDbJAYkgocAW","previousCounter":0,"rootKey":"qLBTk44TLy/ekhKsA4r1D+Ubywu0YwTVCybOEHx8p+E="},"indexInfo":{"baseKey":"BSXG/SPZuzXuBPbSQ3UjPHvuIVqIbeVft5+gDDMXKJhR","baseKeyType":1,"closed":-1,"used":1759877806587,"created":1759877806587,"remoteIdentityKey":"Bb+zezgWcLEEk7wOqyJ4CdRy0rvehQ71IPt1jckY9HlY"},"_chains":{"BQ9rdwBi6W1Xod8Gf3bRl9a4uVy5JbsODqzOSt8uL6N/":{"chainKey":{"counter":4,"key":"MuApL1WFf7vqUEVHLCu5Nkk76wV78ccw9S34qELaADM="},"chainType":1,"messageKeys":{}}},"pendingPreKey":{"signedKeyId":0,"baseKey":"BSXG/SPZuzXuBPbSQ3UjPHvuIVqIbeVft5+gDDMXKJhR","preKeyId":12711016}}},"version":"v1"}