{"_sessions":{"BYhRAqWCt5y+UN+uPmFDD3WQlFlKnKMNOmWonmdD/5Qv":{"registrationId":1714331861,"currentRatchet":{"ephemeralKeyPair":{"pubKey":"BRUBg8RRDJmhwdeKh4DgMif1GHAD3pxsO6VUvokrJf1d","privKey":"wI2s4OedesyPmVttv5NCnLQ9tcfB3bf+uthnjxaDt1A="},"lastRemoteEphemeralKey":"BRV/ccNPCi1LQbY74nsw7jQDZJH8rVXK09YeO1s4Uuxq","previousCounter":0,"rootKey":"wU4T16lBrXxdLobGM0xxmH3c1t96oO/PrP/1t0BCpkk="},"indexInfo":{"baseKey":"BYhRAqWCt5y+UN+uPmFDD3WQlFlKnKMNOmWonmdD/5Qv","baseKeyType":1,"closed":-1,"used":1759877806550,"created":1759877806550,"remoteIdentityKey":"BTVbZv4mq2hyff6eUmIkSCcJ1y/2awgdQ+qvMtZro0wT"},"_chains":{"BRUBg8RRDJmhwdeKh4DgMif1GHAD3pxsO6VUvokrJf1d":{"chainKey":{"counter":4,"key":"GV7ZMMBhyOS9+xDhLL/ij0dGKMmqA9PHBHmkb2DbMzk="},"chainType":1,"messageKeys":{}}},"pendingPreKey":{"signedKeyId":1,"baseKey":"BYhRAqWCt5y+UN+uPmFDD3WQlFlKnKMNOmWonmdD/5Qv","preKeyId":9711269}}},"version":"v1"}