{"_sessions":{"BUm8YagPO9kktIjabQMYA0WBoluzwB6lueUbNwhRRpNx":{"registrationId":1567911516,"currentRatchet":{"ephemeralKeyPair":{"pubKey":"BTJeLGZoYJSmXIhCVr99FDRgxGyeEKzSeMcea8LYnEVO","privKey":"MGKUP4pFMKxbrWf1EZl8y0t7+CH1TZYfUaFQYjj8CnI="},"lastRemoteEphemeralKey":"Bf7uBezfh3YNYkU2/UPGj/OPdHh8/UB2YrUIgNIDEb9Y","previousCounter":0,"rootKey":"LECW5Un1dvRbgialGBRdwCzWs7e9Lw9Qpn1fmiBcyYY="},"indexInfo":{"baseKey":"BUm8YagPO9kktIjabQMYA0WBoluzwB6lueUbNwhRRpNx","baseKeyType":1,"closed":-1,"used":1759877806491,"created":1759877806491,"remoteIdentityKey":"BZJfOtUpLgTsbygpU+VriMsVZHkQsFNxncT3GCAZwkwr"},"_chains":{"BTJeLGZoYJSmXIhCVr99FDRgxGyeEKzSeMcea8LYnEVO":{"chainKey":{"counter":4,"key":"Y1sJk7nYONehujfJsCgGTDuo7ETRQkHCVdIh8IV1Cu8="},"chainType":1,"messageKeys":{}}},"pendingPreKey":{"signedKeyId":2,"baseKey":"BUm8YagPO9kktIjabQMYA0WBoluzwB6lueUbNwhRRpNx","preKeyId":655118}}},"version":"v1"}