{"_sessions":{"BV8z+McVUSIeMYW6CcdHVpZm3iF/czjFNG6b0UrlSbla":{"registrationId":944723714,"currentRatchet":{"ephemeralKeyPair":{"pubKey":"BReZS2mhIBMCmD4MioNzXDA0c6jjemNXyRWtn3vMli9o","privKey":"GIhjnabyK6zyBvRf+nvc6HOtq50pOuHO8tsiGhqj324="},"lastRemoteEphemeralKey":"BaJuNroiaa+r/BPoyyv2Tg5/9+mgFT7kUmULj8FhPFdG","previousCounter":0,"rootKey":"87BsrWMluiPfRiblA4YZGv/ECUNyR9vSKb9LDSystIY="},"indexInfo":{"baseKey":"BV8z+McVUSIeMYW6CcdHVpZm3iF/czjFNG6b0UrlSbla","baseKeyType":1,"closed":-1,"used":1759877806495,"created":1759877806495,"remoteIdentityKey":"BVtVSnDDuDvVJSRVW8chmbg7VNkVlEj+D/wh/0smYi0V"},"_chains":{"BReZS2mhIBMCmD4MioNzXDA0c6jjemNXyRWtn3vMli9o":{"chainKey":{"counter":4,"key":"mgMrEEbm3dNe8FBFHjlVvnZNsjxd/bXswhsOHUERdjc="},"chainType":1,"messageKeys":{}}},"pendingPreKey":{"signedKeyId":4,"baseKey":"BV8z+McVUSIeMYW6CcdHVpZm3iF/czjFNG6b0UrlSbla","preKeyId":867339}}},"version":"v1"}