{"_sessions":{"Bbm78BMIlBUmArU3/Ku7LCTS9fgGqBImopN5MXg9jMhe":{"registrationId":2144308592,"currentRatchet":{"ephemeralKeyPair":{"pubKey":"BVmGeSEfv5aq1xp3qwTaeQtGG3elcH6Jmxq+f/XXK74+","privKey":"YEzXuuHqyBIMzv2X+fdsaaBnBuNTRSvgZhrwXu4iW1E="},"lastRemoteEphemeralKey":"BYpJF6FmtlnNF5PfVNGajoeuL/29k5Lu0DpwHTpKOssG","previousCounter":0,"rootKey":"LgyxAZy3Za0e7NvT3bDv9O6OPIdcnbocraZaws7klhU="},"indexInfo":{"baseKey":"Bbm78BMIlBUmArU3/Ku7LCTS9fgGqBImopN5MXg9jMhe","baseKeyType":1,"closed":-1,"used":1759877806503,"created":1759877806503,"remoteIdentityKey":"BSc3fTI6L9gIxytsYVxx/CReHs2UWRIXBdzMUBdt5CRs"},"_chains":{"BVmGeSEfv5aq1xp3qwTaeQtGG3elcH6Jmxq+f/XXK74+":{"chainKey":{"counter":4,"key":"WvicTW10bNQsMfcrOwE3zOvacg4D75u+iRcMhK8JeKw="},"chainType":1,"messageKeys":{}}},"pendingPreKey":{"signedKeyId":0,"baseKey":"Bbm78BMIlBUmArU3/Ku7LCTS9fgGqBImopN5MXg9jMhe","preKeyId":14881286}}},"version":"v1"}