{"_sessions":{"BVxiMF+VSXLuQeJ8ceYjQ/EqKT1ibALHsiKa1y+Gj3cM":{"registrationId":196,"currentRatchet":{"ephemeralKeyPair":{"pubKey":"BeZYgQNFKp+W8OiA7YNNtSGQCxnNgNwIjYA7FLa1GuMZ","privKey":"SDAMfTBHqvqxNWYYmkgVM1Ub6CxPNHjQE94om/5GWW4="},"lastRemoteEphemeralKey":"BfHFnGxPH1BbMK0hYEtpiPnl2bStyBcUvFtySWVRs+Mt","previousCounter":0,"rootKey":"8l0aq9UOe0QTqn9K439W/8MH12AcV4KS8Q1SZNhVRwA="},"indexInfo":{"baseKey":"BVxiMF+VSXLuQeJ8ceYjQ/EqKT1ibALHsiKa1y+Gj3cM","baseKeyType":1,"closed":-1,"used":1759875634755,"created":1759875634755,"remoteIdentityKey":"BbphndBzC4YAunGrO3r7wNGxvjzWpRwfsuk0zReQ1MRf"},"_chains":{"BeZYgQNFKp+W8OiA7YNNtSGQCxnNgNwIjYA7FLa1GuMZ":{"chainKey":{"counter":84,"key":"bwaj8DxtxtCW7o6aGQ29YisQGxQekvjsn2gPtw5ZaE4="},"chainType":1,"messageKeys":{}}},"pendingPreKey":{"signedKeyId":1,"baseKey":"BVxiMF+VSXLuQeJ8ceYjQ/EqKT1ibALHsiKa1y+Gj3cM"}}},"version":"v1"}