{"_sessions":{"BSuVRMmO1KfYgvHlusn7haE4yl4UIKnu0JZOitNc1mp/":{"registrationId":1873730832,"currentRatchet":{"ephemeralKeyPair":{"pubKey":"Be21ZCNHxnRAzo+3AI24o1219sBsxRAxRPSmdIkuAZFB","privKey":"mO57dPWR8SZsqTeH5DNnCgUdTQZy22554sgl6to5N1o="},"lastRemoteEphemeralKey":"BXxBESHYATKWZkypPAQznhOF3CW2FKkLqM6ysz3jvq1T","previousCounter":0,"rootKey":"Z33Wf5mS4CbWCu1RQ/UnZcxostp8MGfGjMEUlKLfZsY="},"indexInfo":{"baseKey":"BSuVRMmO1KfYgvHlusn7haE4yl4UIKnu0JZOitNc1mp/","baseKeyType":1,"closed":-1,"used":1759877806551,"created":1759877806551,"remoteIdentityKey":"BZ97a1Z+zhMPqCa+uxNtZs/fjW1OzRzjIAE+zIeXNFk1"},"_chains":{"Be21ZCNHxnRAzo+3AI24o1219sBsxRAxRPSmdIkuAZFB":{"chainKey":{"counter":4,"key":"6YwwDeFRhwmTwW4LHQabXf1UQSC4LAy9P5H+DvwJLQA="},"chainType":1,"messageKeys":{}}},"pendingPreKey":{"signedKeyId":6,"baseKey":"BSuVRMmO1KfYgvHlusn7haE4yl4UIKnu0JZOitNc1mp/","preKeyId":6088126}}},"version":"v1"}