{"_sessions":{"BRXN+EQOTqxR3rR8cAJu15FT/S2QucZuTGDiPlNZ6s1a":{"registrationId":387043301,"currentRatchet":{"ephemeralKeyPair":{"pubKey":"BfIWFSTDdwM8glQ9JmPePea4GhJMZ96z/DHKNPF/f5Vd","privKey":"kOClalmA3qRGpEhqJCXFK8YpSZFApPPrG95mmhb9xG8="},"lastRemoteEphemeralKey":"BQBPtUN67R3EOJeiqzj5Zfqdnrh0OUGSJFWkHlycKTUF","previousCounter":0,"rootKey":"IhTCX8RMNnaQHFJTlfkhL5x7wnmnygOV7wJNJKLx5zw="},"indexInfo":{"baseKey":"BRXN+EQOTqxR3rR8cAJu15FT/S2QucZuTGDiPlNZ6s1a","baseKeyType":1,"closed":-1,"used":1759877806703,"created":1759877806703,"remoteIdentityKey":"BT9kX+JXyurZpk7apJc1EtZnfWuyIk6sVuruIwTI+NFh"},"_chains":{"BfIWFSTDdwM8glQ9JmPePea4GhJMZ96z/DHKNPF/f5Vd":{"chainKey":{"counter":4,"key":"xmOpBXjVs1a4aT++2Xkq3ex5dCbDAMamW2jVvAjHWoo="},"chainType":1,"messageKeys":{}}},"pendingPreKey":{"signedKeyId":3,"baseKey":"BRXN+EQOTqxR3rR8cAJu15FT/S2QucZuTGDiPlNZ6s1a","preKeyId":2228423}}},"version":"v1"}