{"_sessions":{"Bc5HgIavoYn5Lxq+YJUh1Jw7F1a5P+BkxPlbBEuIuSFD":{"registrationId":122308271,"currentRatchet":{"ephemeralKeyPair":{"pubKey":"BSAIQQn80E8khlRfxF38PU86Wk2ZsBfEFaJWxOgFJ5wd","privKey":"6D08mQYUppGO3kS9XoC1aCfno3kv8iclGpW9/RNEKG8="},"lastRemoteEphemeralKey":"BfBd8DB2A1uWnlAwAqSAxl1aFQ48hHiS9PgYBBczvc5N","previousCounter":0,"rootKey":"NhOhNBo76m/n+wDWx39pbr1xBSX6K4a5v0+sRP4KEMo="},"indexInfo":{"baseKey":"Bc5HgIavoYn5Lxq+YJUh1Jw7F1a5P+BkxPlbBEuIuSFD","baseKeyType":1,"closed":-1,"used":1759877806634,"created":1759877806634,"remoteIdentityKey":"BdnhyAGqaqqVY0/5tIKjdRShdic+AhspAxgqO1L4wwNs"},"_chains":{"BSAIQQn80E8khlRfxF38PU86Wk2ZsBfEFaJWxOgFJ5wd":{"chainKey":{"counter":4,"key":"2L1iUv6GiF+zm1Xi+z2Xa2gz5Q/AB3Q3WCSTx9sVpdg="},"chainType":1,"messageKeys":{}}},"pendingPreKey":{"signedKeyId":2,"baseKey":"Bc5HgIavoYn5Lxq+YJUh1Jw7F1a5P+BkxPlbBEuIuSFD","preKeyId":3655801}}},"version":"v1"}