{"_sessions":{"BeUIi9Yp01lon7qtQFZv4OOglXfQwGjYyz2V0QswiyoX":{"registrationId":33440076,"currentRatchet":{"ephemeralKeyPair":{"pubKey":"BQzjMe2tidfFrDGOc3//XBPJ5vkqpuOzGw6EU8HS23MU","privKey":"eO/u3PIWPOxun+8gEeW37xgf/QG1UKVHC1rpCHnK1kk="},"lastRemoteEphemeralKey":"BSD52dXlsbV9P4BT+njDaI/bg/FFAgaz/hZsFf8Eypks","previousCounter":0,"rootKey":"IMCZW0f/Q1xjU0S2HKWoVwHBNv8K7MeO+YoiZrNpOL4="},"indexInfo":{"baseKey":"BeUIi9Yp01lon7qtQFZv4OOglXfQwGjYyz2V0QswiyoX","baseKeyType":1,"closed":-1,"used":1759877806403,"created":1759877806403,"remoteIdentityKey":"BTinLN5mpwhk/7vI/xxoI69QzAFAjKBVlhXIXd4KQ7xT"},"_chains":{"BQzjMe2tidfFrDGOc3//XBPJ5vkqpuOzGw6EU8HS23MU":{"chainKey":{"counter":4,"key":"MsgguXrk1zPZUUOr27w6EefSl+/afIgwVVwRuTrnrUo="},"chainType":1,"messageKeys":{}}},"pendingPreKey":{"signedKeyId":0,"baseKey":"BeUIi9Yp01lon7qtQFZv4OOglXfQwGjYyz2V0QswiyoX","preKeyId":10704037}}},"version":"v1"}