{"_sessions":{"BVd27Zn43dBe7vrOIUXssoCNqhNWWstAoj51zrd4UxNQ":{"registrationId":135106869,"currentRatchet":{"ephemeralKeyPair":{"pubKey":"BfbAlWw8CHr5b4P7GSlOBUyahGkueTxTJOWPgZur2Ot2","privKey":"0L/9zF3ktPXu0pUhVsXGGakk3LkkkuTaMmEUJizYbGI="},"lastRemoteEphemeralKey":"BTMwBWbv5mLgHI8yELAGtgxSdPkgxknWXSZZYxoTkBxO","previousCounter":0,"rootKey":"Yh3XcSt8KvMSVnGtK5tNeqYPMelj63H5pDlO/gbNVSY="},"indexInfo":{"baseKey":"BVd27Zn43dBe7vrOIUXssoCNqhNWWstAoj51zrd4UxNQ","baseKeyType":1,"closed":-1,"used":1759877806609,"created":1759877806609,"remoteIdentityKey":"BZGwxqcrxZEM5/NNQ/kof6ydfrDR0LKWsPUtJbtBZQdh"},"_chains":{"BfbAlWw8CHr5b4P7GSlOBUyahGkueTxTJOWPgZur2Ot2":{"chainKey":{"counter":4,"key":"n/xJYyTxsOUXDI05d4C4iF+GtURjr77Z8un/cx4wGeM="},"chainType":1,"messageKeys":{}}},"pendingPreKey":{"signedKeyId":6,"baseKey":"BVd27Zn43dBe7vrOIUXssoCNqhNWWstAoj51zrd4UxNQ","preKeyId":11065403}}},"version":"v1"}