{"_sessions":{"BfgoCCysLJbhaa/meosRd4hBevUxNAhj/mfiuMLXlBYD":{"registrationId":400343858,"currentRatchet":{"ephemeralKeyPair":{"pubKey":"BS4SK1G2bAEa9WDRWxxGKXMzZOzg6Gklj3UsaLRW/j5I","privKey":"aMuna8voBjI/SZchkAYtDGOYtKlBjXVaXnUSRSVBIXY="},"lastRemoteEphemeralKey":"BRgPTW53Kr5RATDE7qIqqLu321Fmgu15tllaxbbDljZ+","previousCounter":0,"rootKey":"jKUj5XMtabTrf1PZu9VmB0+rbEPuZq081JvMXydcnDw="},"indexInfo":{"baseKey":"BfgoCCysLJbhaa/meosRd4hBevUxNAhj/mfiuMLXlBYD","baseKeyType":1,"closed":-1,"used":1759877806681,"created":1759877806681,"remoteIdentityKey":"BUbHhLY5bWLEdUywwpNzEVGxjBo111Etx+tTt2Vyc8Zn"},"_chains":{"BS4SK1G2bAEa9WDRWxxGKXMzZOzg6Gklj3UsaLRW/j5I":{"chainKey":{"counter":4,"key":"xITI+l90x6z3QC3fZ5ia92dc0y27ll0bTa/3cWBvMEg="},"chainType":1,"messageKeys":{}}},"pendingPreKey":{"signedKeyId":1,"baseKey":"BfgoCCysLJbhaa/meosRd4hBevUxNAhj/mfiuMLXlBYD","preKeyId":11115040}}},"version":"v1"}