{"_sessions":{"Bai85Zo8fsEINU9rGxCI6PmO+vWNN5VnnF2+1LOvB6lI":{"registrationId":1117548812,"currentRatchet":{"ephemeralKeyPair":{"pubKey":"BZ+z1tScZHLgb3arNN1CezI2yH0m7pYzUnyAKBVZMhd0","privKey":"OAqLZneFX6uFNikEjh/jtJKQpLQmqrVXor331p4Hf00="},"lastRemoteEphemeralKey":"BQU3jCJj//XYNhqF9Pb0Nbahbslr2CqTfkNtId6SXc0N","previousCounter":0,"rootKey":"gVXiazhAVCLR/i5DDunrT6g0+iocJQlS0O/ngUgbf7c="},"indexInfo":{"baseKey":"Bai85Zo8fsEINU9rGxCI6PmO+vWNN5VnnF2+1LOvB6lI","baseKeyType":1,"closed":-1,"used":1759877806421,"created":1759877806421,"remoteIdentityKey":"BfPzhT+iyESLU0SPpnXyZaVh11pwmGwYn2aXMoSujlwe"},"_chains":{"BZ+z1tScZHLgb3arNN1CezI2yH0m7pYzUnyAKBVZMhd0":{"chainKey":{"counter":4,"key":"7QWiH/mPdyvVtxoOlGreBnrCPETheuiraa1z0yplD+A="},"chainType":1,"messageKeys":{}}},"pendingPreKey":{"signedKeyId":0,"baseKey":"Bai85Zo8fsEINU9rGxCI6PmO+vWNN5VnnF2+1LOvB6lI","preKeyId":5246424}}},"version":"v1"}