{"_sessions":{"BeL7q8rKlr5BdQHgtedP/9qWKqNXsd3h93jZTfIYUVsH":{"registrationId":333438661,"currentRatchet":{"ephemeralKeyPair":{"pubKey":"BX1uS8hPJ38oIifSZb9yxfzUEivL1aU8NP2DCgdfwndc","privKey":"IAOsgWC+vlVaQvzCWYDaVUsH4BDA3Ca03+MPvl0McHs="},"lastRemoteEphemeralKey":"BYuqbHW/rxYiRcbaThoLHP/ZKMv7AQE/haieD0A7adhL","previousCounter":0,"rootKey":"Gf8XBg3rEmVLmxr3/T1/nkMwbX3kKzDRCh+VV/ZuxAo="},"indexInfo":{"baseKey":"BeL7q8rKlr5BdQHgtedP/9qWKqNXsd3h93jZTfIYUVsH","baseKeyType":1,"closed":-1,"used":1759877806734,"created":1759877806734,"remoteIdentityKey":"BfDe2+IxwaTLXuc1qZBBBCETQFbQHjJzspVGwieq69sA"},"_chains":{"BX1uS8hPJ38oIifSZb9yxfzUEivL1aU8NP2DCgdfwndc":{"chainKey":{"counter":4,"key":"q5vCLyLuE4HblYENApMxeA8U471SMaNXWRw4MDh3dKE="},"chainType":1,"messageKeys":{}}},"pendingPreKey":{"signedKeyId":0,"baseKey":"BeL7q8rKlr5BdQHgtedP/9qWKqNXsd3h93jZTfIYUVsH","preKeyId":16103984}}},"version":"v1"}