{"_sessions":{"Bcm4xZAVA4N1vUAq/4jwt3PbOJyzCyUNHMwBX3scamFx":{"registrationId":1416655142,"currentRatchet":{"ephemeralKeyPair":{"pubKey":"BWyddO1/7Fj43YesHMEuHc8EgXmRFutl9GvyeoVUrqox","privKey":"WN95wZk2SZ+9FJT4M4WGQCgY21fZOMlPvG8rohIJVHk="},"lastRemoteEphemeralKey":"BTaXyE6jFQzorlOHj+jfHZsghpnEfT+1p/ilwg8lZ4d8","previousCounter":0,"rootKey":"8kfG40prq3D5gTXZD3G8QxaVmc/sULvCr8nAN6p3p+U="},"indexInfo":{"baseKey":"Bcm4xZAVA4N1vUAq/4jwt3PbOJyzCyUNHMwBX3scamFx","baseKeyType":1,"closed":-1,"used":1759877806449,"created":1759877806449,"remoteIdentityKey":"BYS+nj0EWllNSulxfDbjT87qzLLT5xxT6vFi3MBUZJBj"},"_chains":{"BWyddO1/7Fj43YesHMEuHc8EgXmRFutl9GvyeoVUrqox":{"chainKey":{"counter":4,"key":"QQHhVJwZOQUcvMGZZ3PicmxTMKTb2NQPlKDt2CmC18A="},"chainType":1,"messageKeys":{}}},"pendingPreKey":{"signedKeyId":3,"baseKey":"Bcm4xZAVA4N1vUAq/4jwt3PbOJyzCyUNHMwBX3scamFx","preKeyId":15346387}}},"version":"v1"}