{"_sessions":{"BUk14Ekyshl5Hg2QBEJs7VgltZCGn7go67cRjDJinJhj":{"registrationId":2096299657,"currentRatchet":{"ephemeralKeyPair":{"pubKey":"BS6Wlyy1RCZtJ+wBXqW+DuP0czkhFjltPkmEI/TIOJdt","privKey":"aEGqm0LzJzchQDs7ywgY4Aarx0KP1dCrNiYtd346zFs="},"lastRemoteEphemeralKey":"BZ4uUv6MV/VvtGvmO3rpa4YVpodIAODWE5BSrFx0rB06","previousCounter":0,"rootKey":"CcbIsYH8naIyNQqestppK+6v2n9IRlMbeVEwJMrrMuM="},"indexInfo":{"baseKey":"BUk14Ekyshl5Hg2QBEJs7VgltZCGn7go67cRjDJinJhj","baseKeyType":1,"closed":-1,"used":1759877806648,"created":1759877806648,"remoteIdentityKey":"BWdADWCQeD81BPuPUAEipyJZgFJo48wjMfEplf9S0FkW"},"_chains":{"BS6Wlyy1RCZtJ+wBXqW+DuP0czkhFjltPkmEI/TIOJdt":{"chainKey":{"counter":4,"key":"51n7tgIjc6Qn9xpXubqIGqOPL4kMjXyNpiC27jvviPM="},"chainType":1,"messageKeys":{}}},"pendingPreKey":{"signedKeyId":0,"baseKey":"BUk14Ekyshl5Hg2QBEJs7VgltZCGn7go67cRjDJinJhj","preKeyId":12442163}}},"version":"v1"}