{"_sessions":{"BazW7rdyabKZ6RUu138ZJNU2ikpIvhe0+nbQzg5mvSEg":{"registrationId":225,"currentRatchet":{"ephemeralKeyPair":{"pubKey":"BbhA+bNZhnJJdJgDz4suUQioCOHBHkhle0cS64p4RJke","privKey":"WJmmVeNFvjqEck3vtJ+vpKR94CkPZGgVVsXDOWE6a0Y="},"lastRemoteEphemeralKey":"BRCxMfWb3t8fjzbQXrL5w8NHOxcPUq/8eVASteYl1cQK","previousCounter":3,"rootKey":"4kv5KUPC7Ajs60/BIvTBCqQ0iTbetzF83mFm0MuEyus="},"indexInfo":{"baseKey":"BazW7rdyabKZ6RUu138ZJNU2ikpIvhe0+nbQzg5mvSEg","baseKeyType":1,"closed":1759876818828,"used":1759876396542,"created":1759875634758,"remoteIdentityKey":"BVh4IKWMG+5Qhygj/lyXKM2trA9M0KxUHKlAZS8fU8x6"},"_chains":{"BQVDXg1EcKh3fPOwNbBveEHu10YLOJyhFeubc4fg4UA6":{"chainKey":{"counter":1},"chainType":2,"messageKeys":{}},"BcqSLFVD1+jeEjrMXrRTY7j+5kNZFAB1Mld6LjuQwV4R":{"chainKey":{"counter":1},"chainType":2,"messageKeys":{}},"BZC0rnaKq5FjVrYqZLn+01/Y0tirN6GDC7q6TbLHpzdX":{"chainKey":{"counter":0},"chainType":2,"messageKeys":{}},"BYTRrGVo+AEiuVui17L+N5LF/BOsK5EmeLLDgXn5fmBu":{"chainKey":{"counter":1},"chainType":2,"messageKeys":{}},"BYvdtZmo/Pnmg0fLq+acYrvdE4zxVG51ogQyL5CQGENW":{"chainKey":{"counter":5},"chainType":2,"messageKeys":{}},"BW39RaUTIY2sEJC4GV2SwbOcI2Hkwq/LK0S+K1YD5Pkf":{"chainKey":{"counter":0},"chainType":2,"messageKeys":{}},"BRCxMfWb3t8fjzbQXrL5w8NHOxcPUq/8eVASteYl1cQK":{"chainKey":{"counter":1,"key":"RjDq1Q1YYSSM4t+vs/UtmXHS06VbRlyHpyDa8gnhcSg="},"chainType":2,"messageKeys":{}},"BbhA+bNZhnJJdJgDz4suUQioCOHBHkhle0cS64p4RJke":{"chainKey":{"counter":11,"key":"jXGdTFNCUDj7bi3dLBSvFhTgmm2tp3lb7n8HHoEpbBs="},"chainType":1,"messageKeys":{}}}},"BdnCoFqt8ZZLH4gWHCb43GwUdgFXQysodOIqqNMGN+BV":{"registrationId":225,"currentRatchet":{"ephemeralKeyPair":{"pubKey":"BQwYEy1zZv8oNxwa4FY6ViIbTqEqxULSwnKfakGX6uZa","privKey":"WMxFA5wVJMrecfG5MPA4VXv5tuvN9rl5A9mIGqpyK3s="},"lastRemoteEphemeralKey":"BZyJ/VVgArjrHneeGQlGrWWNYt5Ik+Z3R899VlLSx+od","previousCounter":6,"rootKey":"Tc7ipJFMOeG7XSjjF+BBsqVJzhhBy3sd+ftqsqeKMlQ="},"indexInfo":{"baseKey":"BdnCoFqt8ZZLH4gWHCb43GwUdgFXQysodOIqqNMGN+BV","baseKeyType":2,"closed":-1,"used":1759881589046,"created":1759876818829,"remoteIdentityKey":"BVh4IKWMG+5Qhygj/lyXKM2trA9M0KxUHKlAZS8fU8x6"},"_chains":{"Bd9OCELg2yW0WGxtZCKU21E6m4nDkjtmbkYGFVR8SkI6":{"chainKey":{"counter":0},"chainType":2,"messageKeys":{}},"BUg+ISm86unQ/nlU0cQg1Yjfq2WS0wrOGFoOGkHK6dpj":{"chainKey":{"counter":1},"chainType":2,"messageKeys":{}},"BdMwxQA5qEF0Qq5unpa2LeRuPN7dBkmTMeGbvi9A7/8W":{"chainKey":{"counter":0},"chainType":2,"messageKeys":{}},"BZmBoWMEoAP5w53zxBKqXC8fyHQ1fC+Qwgall4wYYdZ6":{"chainKey":{"counter":0},"chainType":2,"messageKeys":{}},"BaJdrOHV9FhDNYIUG7g0q321x6rdXq/LM+xB/cN6rkBa":{"chainKey":{"counter":0},"chainType":2,"messageKeys":{}},"BbRzey+dPu/xqTGREFtLdCXMUJK9j22jJE6471AdaL4i":{"chainKey":{"counter":0},"chainType":2,"messageKeys":{}},"BbQyP13XhYbTqeDZYxveOZGgf3fc0UWL8OvueKud5fkb":{"chainKey":{"counter":0},"chainType":2,"messageKeys":{}},"BWabZSDrEpnFi6jNsAD8N/dY2QcfCC0Tbw2gF86jQlQw":{"chainKey":{"counter":0},"chainType":2,"messageKeys":{}},"BR5LaklTgDVqxro8wFgU8ZZANzykr8pVVajsIOWZsC4k":{"chainKey":{"counter":1},"chainType":2,"messageKeys":{}},"BcvM3A5eXx1UuIn1joxe6BxKhScc/BgjHMdpgdKHvHsf":{"chainKey":{"counter":0},"chainType":2,"messageKeys":{}},"BeoQWTP+6XxWWSRt37oZEKDSJCcJiVzqQzbKpn7UPuMP":{"chainKey":{"counter":0},"chainType":2,"messageKeys":{}},"BT67IAmtnlAbA0z5HNCLLpHjFV9ScoqqV8eArGSC+k9G":{"chainKey":{"counter":2},"chainType":2,"messageKeys":{}},"BV4N7mU8b7OTEiAMXY1YZqMxXVnJcsQLT+ZUXtarGURv":{"chainKey":{"counter":1},"chainType":2,"messageKeys":{}},"BcanLdxVmhVIYthWoDG6OV5z+2FvWDy98LYgRk9xBJVU":{"chainKey":{"counter":0},"chainType":2,"messageKeys":{}},"BZOXVPlirbwaxnmu2MIIqEvXzSbblpwrPFQhkDBPz1pK":{"chainKey":{"counter":0},"chainType":2,"messageKeys":{}},"BZJ2DUwZS/8Tq+IpWIqP4kM/D2EGoc/GZOhNUI9C/+0H":{"chainKey":{"counter":1},"chainType":2,"messageKeys":{}},"BechiXi/LKFae1768IpUnVOr5J5aHuMxb0qAfsnWsL0R":{"chainKey":{"counter":0},"chainType":2,"messageKeys":{}},"BXzty1gtAO+dLXQNPuLfm27xn1tY8ChmEAzGEP7gsTJo":{"chainKey":{"counter":0},"chainType":2,"messageKeys":{}},"BXXeeyfZLxPSwd3Q4BcIrwhUYFZch6Egb25rKudLyvZa":{"chainKey":{"counter":0},"chainType":2,"messageKeys":{}},"BWsFttQSJNKtQqI/0y9/BZ4iEFE1We3PDPKCfS6BShdL":{"chainKey":{"counter":1},"chainType":2,"messageKeys":{}},"BWUCI4nCR8o9zPjS/CaBr85cPq6qoCthkyDklJXrEGNa":{"chainKey":{"counter":0},"chainType":2,"messageKeys":{}},"BT7uwsFfCc6DRBlGAmfz0dSb6NFN26zCDKwDV2UdMltA":{"chainKey":{"counter":0},"chainType":2,"messageKeys":{}},"BTGyzWVtzHINH76NeF5e/UNZH1MNqGVxp6ew87eGy+VT":{"chainKey":{"counter":0},"chainType":2,"messageKeys":{}},"BUzutC1yWUJZXJJcmb99atEB+jcxTO503QRdusegC9QX":{"chainKey":{"counter":0},"chainType":2,"messageKeys":{}},"Bb9Ar14jFtxIWzH+DRjt6GWJeJOsHsjhrTgnjViGT2MY":{"chainKey":{"counter":1},"chainType":2,"messageKeys":{}},"BYSci8cBcbyPRRb2HggUYQycj2oPUcxY/8e7oaVITlsp":{"chainKey":{"counter":0},"chainType":2,"messageKeys":{}},"BQBPJMrICMHVLtQODoqLlHEY1HtmmD+bGl/ko0cpO04Q":{"chainKey":{"counter":0},"chainType":2,"messageKeys":{}},"BZyJ/VVgArjrHneeGQlGrWWNYt5Ik+Z3R899VlLSx+od":{"chainKey":{"counter":1,"key":"KDkOJwyzGGMFD0r/95+GiOvACNF9miixi3wq3aNgHKk="},"chainType":2,"messageKeys":{}},"BQwYEy1zZv8oNxwa4FY6ViIbTqEqxULSwnKfakGX6uZa":{"chainKey":{"counter":0,"key":"I0Mt1i1Eg9EH2MWjIKYZ2/e4S+KPzfpWzc578IifSS8="},"chainType":1,"messageKeys":{}}}}},"version":"v1"}