{"_sessions":{"BZTQJaDBKqlDBmvPpWSm3h2EIHhkplIMtS9uVgbQp+QG":{"registrationId":110462514,"currentRatchet":{"ephemeralKeyPair":{"pubKey":"BTCz6mLk/D1TD2hGPf0DNtEo/2b5aEN4n2qYf9i60s57","privKey":"uNLnNyEOZaIM1fjunsuuBYuHQ+nqs/V6EVP6px0cfVg="},"lastRemoteEphemeralKey":"BR3bmB9SEoe6gBmriTzh8MqlXMlgb6/hJ6jGs9gvQmhl","previousCounter":0,"rootKey":"Hf6KBh8uNqXUGK/4xiHgXBJh1z14Lh7xPrEgNr3DLU4="},"indexInfo":{"baseKey":"BZTQJaDBKqlDBmvPpWSm3h2EIHhkplIMtS9uVgbQp+QG","baseKeyType":1,"closed":-1,"used":1759877806616,"created":1759877806616,"remoteIdentityKey":"BUpiphCzlDYxPME+/qlidSQdOa0TzzIyj2Wbduidwrdc"},"_chains":{"BTCz6mLk/D1TD2hGPf0DNtEo/2b5aEN4n2qYf9i60s57":{"chainKey":{"counter":4,"key":"6PF24XNs1r89x7Lu3oFYK7inGpleBJK0sVktAKVljtY="},"chainType":1,"messageKeys":{}}},"pendingPreKey":{"signedKeyId":0,"baseKey":"BZTQJaDBKqlDBmvPpWSm3h2EIHhkplIMtS9uVgbQp+QG","preKeyId":15970434}}},"version":"v1"}