{"_sessions":{"BXXv0mF7IzUhMD/9m6ImFIFA6C99jhjc209R/euwGgY7":{"registrationId":1969003927,"currentRatchet":{"ephemeralKeyPair":{"pubKey":"BQ06SCcB8NGdOB+lrDb44Hdc6StbG0C48yo7rzXldOQL","privKey":"sAe2j/c+5xaOostbfbaddo4KjcmdHm8IOaUJRs6rMks="},"lastRemoteEphemeralKey":"Bc9VyWBkNWrIhtPwZrWD9YpokR0jQBEl+eeqjbjai68S","previousCounter":0,"rootKey":"sTrMHuEHYGgM0RXNSC4FBBZYTswXPtSQSXkLIGsMYhY="},"indexInfo":{"baseKey":"BXXv0mF7IzUhMD/9m6ImFIFA6C99jhjc209R/euwGgY7","baseKeyType":1,"closed":-1,"used":1759877806413,"created":1759877806413,"remoteIdentityKey":"BbDorjQiOlh2t3d9V/hCQVa08LvS8Tp5Ou3xUkydOa4k"},"_chains":{"BQ06SCcB8NGdOB+lrDb44Hdc6StbG0C48yo7rzXldOQL":{"chainKey":{"counter":4,"key":"DFLf87hNCD3Je41VL86dRHQ35VkpDHsP1UZsclJgCJc="},"chainType":1,"messageKeys":{}}},"pendingPreKey":{"signedKeyId":0,"baseKey":"BXXv0mF7IzUhMD/9m6ImFIFA6C99jhjc209R/euwGgY7","preKeyId":13052823}}},"version":"v1"}