{"_sessions":{"BZtHmI27b39ppSkPFDHAs1dJfYJv07sKo5JCSWECZGk4":{"registrationId":1792329292,"currentRatchet":{"ephemeralKeyPair":{"pubKey":"BYbxdujopZWqnnZl7ZCUfk3d/YqoySD3+sCbB6anaL9V","privKey":"gKfl/EZt7/ZngeWJ/e/HdqdDWQzEJFzMBmED0gQbOXc="},"lastRemoteEphemeralKey":"BVvT3HG9PoL+ti2xd1p9eS/iEz8DU6HIFzzQgsGi44Q9","previousCounter":0,"rootKey":"zpCMbeRpcAe+CHw+NTFNSV5x5N5va89WyGr+fcktbcg="},"indexInfo":{"baseKey":"BZtHmI27b39ppSkPFDHAs1dJfYJv07sKo5JCSWECZGk4","baseKeyType":1,"closed":-1,"used":1759877806601,"created":1759877806601,"remoteIdentityKey":"BV+Ow8eY1wzK7fcV/K8y1cb4xhsYjDdJm6LKbyxwxj0X"},"_chains":{"BYbxdujopZWqnnZl7ZCUfk3d/YqoySD3+sCbB6anaL9V":{"chainKey":{"counter":4,"key":"dAuJ10YTNsI/Mbe6SyjyggpY9Spa1o0B0OCd4F0F7Qs="},"chainType":1,"messageKeys":{}}},"pendingPreKey":{"signedKeyId":0,"baseKey":"BZtHmI27b39ppSkPFDHAs1dJfYJv07sKo5JCSWECZGk4","preKeyId":306098}}},"version":"v1"}