{"_sessions":{"BVtHaxCXOWO+QhWem/3fNQVMzoZ2RqEog2aEZzbJr+9z":{"registrationId":1531058096,"currentRatchet":{"ephemeralKeyPair":{"pubKey":"BVynhO6NMXjrMZMhwgYjQzbK4ODPufzPIpVCN7583pl+","privKey":"WG6IW9y/3ohEvnF3ZjiZvbwjm9B9GvCLtpgR1KpaUUs="},"lastRemoteEphemeralKey":"BchYxqO4+TLDzSdt9hsfy9kPlZHx2/9Ndqiq29A/cM9X","previousCounter":0,"rootKey":"EFvtFlBveND6bwtTYX7bhLWv01RlUcmAahzBOxgEo4U="},"indexInfo":{"baseKey":"BVtHaxCXOWO+QhWem/3fNQVMzoZ2RqEog2aEZzbJr+9z","baseKeyType":1,"closed":-1,"used":1759877806718,"created":1759877806718,"remoteIdentityKey":"BRYReBSTCSxmxGOTBEdRTQhVL3Z8eaZzPnAs6R5m8mh8"},"_chains":{"BVynhO6NMXjrMZMhwgYjQzbK4ODPufzPIpVCN7583pl+":{"chainKey":{"counter":4,"key":"bLxBgXvw0SATTVjrGDo7HQWdLgf+8LEKv7yHi07h/ww="},"chainType":1,"messageKeys":{}}},"pendingPreKey":{"signedKeyId":7,"baseKey":"BVtHaxCXOWO+QhWem/3fNQVMzoZ2RqEog2aEZzbJr+9z","preKeyId":9796877}}},"version":"v1"}