{"_sessions":{"BazxCeGY/Sf9hWCuq5GXxdZKpuiGPMZefFckOp9cqV5Z":{"registrationId":1489272847,"currentRatchet":{"ephemeralKeyPair":{"pubKey":"BdSw/CJcmE6t9jm0R3/XlgdP6qe5YYoS8EE6rY7r9ekW","privKey":"KAEv0uJKW58ZaoVtj0A5nmPAAJf/cLp47zaYbgmkc0A="},"lastRemoteEphemeralKey":"BRo0UWFR8xt/U8YOZK8MFr+cwa15BPtf0TXHymq8ONAE","previousCounter":0,"rootKey":"sT5iz6d0ddawwIMP79ah1v3zU7UH1+0CtJPGhlkAT1c="},"indexInfo":{"baseKey":"BazxCeGY/Sf9hWCuq5GXxdZKpuiGPMZefFckOp9cqV5Z","baseKeyType":1,"closed":-1,"used":1759877806747,"created":1759877806747,"remoteIdentityKey":"BbyV2PhlbLT+4eZw7dXR2Pr0coia4y1Lerbr5Ydq/bow"},"_chains":{"BdSw/CJcmE6t9jm0R3/XlgdP6qe5YYoS8EE6rY7r9ekW":{"chainKey":{"counter":4,"key":"ogpWcomeqThqGRG/jBZL12XCKLwZ08FUuVO9hzgWrlI="},"chainType":1,"messageKeys":{}}},"pendingPreKey":{"signedKeyId":1,"baseKey":"BazxCeGY/Sf9hWCuq5GXxdZKpuiGPMZefFckOp9cqV5Z"}}},"version":"v1"}