{"_sessions":{"BaoEVQGcIi/J8DvcKJkSFHIL6k9QD72pLwcChlNy8Xcp":{"registrationId":88591027,"currentRatchet":{"ephemeralKeyPair":{"pubKey":"BWsV6/DrpwigHXpK+MFnUQeDlp+wdWV2OuujE4ixTKY8","privKey":"OJzRXjn5/VfFM6Sg8X9CEj3+0hKLD0txDtaQfED/cFg="},"lastRemoteEphemeralKey":"BUGFpTMxtiLeD4tjfop6kHraElJynWpkdcgObJnf/5ZH","previousCounter":0,"rootKey":"YLZjoQi1YOLrcwYaRtHdM5QY3e2tC95cViyt2agIK2s="},"indexInfo":{"baseKey":"BaoEVQGcIi/J8DvcKJkSFHIL6k9QD72pLwcChlNy8Xcp","baseKeyType":1,"closed":-1,"used":1759877806590,"created":1759877806590,"remoteIdentityKey":"BaLP1gyhJ/AHPlImwAdD3/u5FKYT8PtUR0yl3oj/Hi8N"},"_chains":{"BWsV6/DrpwigHXpK+MFnUQeDlp+wdWV2OuujE4ixTKY8":{"chainKey":{"counter":4,"key":"9VEe70aCJh+XiwlL9mNvesO+a51290Q1T9l1w49ZcE8="},"chainType":1,"messageKeys":{}}},"pendingPreKey":{"signedKeyId":0,"baseKey":"BaoEVQGcIi/J8DvcKJkSFHIL6k9QD72pLwcChlNy8Xcp"}}},"version":"v1"}