{"_sessions":{"BZOe1b9dqXCQ+c9BPlgCpgisyiHee0pBi9hETXSHi5Ri":{"registrationId":1197599356,"currentRatchet":{"ephemeralKeyPair":{"pubKey":"BVU0oK0N6Qggxsrqg+10DH5t965TQ0FcEzJJQTAzGUVo","privKey":"ON0kSwe37psIiz5FjahIIwMsnNlO/T5ORgad/mwSfXI="},"lastRemoteEphemeralKey":"BfzArX3WalYx83cP/oW7fDkGgTAGkUIM73rGN2ROD4sl","previousCounter":0,"rootKey":"72niw0Hvdw3D7OdbQkeMMM/Cfrt7xF8Xvp5/RuK2Gq8="},"indexInfo":{"baseKey":"BZOe1b9dqXCQ+c9BPlgCpgisyiHee0pBi9hETXSHi5Ri","baseKeyType":1,"closed":-1,"used":1759877806774,"created":1759877806774,"remoteIdentityKey":"BclR4vTFfIq3+6qTaU0zqMwn96rGg6qUTKRk428jfCRB"},"_chains":{"BVU0oK0N6Qggxsrqg+10DH5t965TQ0FcEzJJQTAzGUVo":{"chainKey":{"counter":4,"key":"bNfmDR9weRDwZYoB6BwPZjpmdWUorg/8YwLkZdbkrjk="},"chainType":1,"messageKeys":{}}},"pendingPreKey":{"signedKeyId":1,"baseKey":"BZOe1b9dqXCQ+c9BPlgCpgisyiHee0pBi9hETXSHi5Ri","preKeyId":5814503}}},"version":"v1"}