{"_sessions":{"BZA0PNa53sx6rfT+O58Yc45mYtuE5T6bQJXStG8S3oYM":{"registrationId":1478851265,"currentRatchet":{"ephemeralKeyPair":{"pubKey":"BcEYZJiKfRu4vxDrypeCx8rWtNP68frdX0Kx+Aboq9on","privKey":"sM461Uie3RkZ70fGFT63ms0Q0Kx/Ls5xihQQhGolPnY="},"lastRemoteEphemeralKey":"Bdm2xYum31LLkfpR+JUA7j2l2DtC59LqWnA0Zm3vk4Ek","previousCounter":0,"rootKey":"HfYVDJTW+KEhbX5zxV8c8/SFtLPNgDRmXA8KQIjjb8w="},"indexInfo":{"baseKey":"BZA0PNa53sx6rfT+O58Yc45mYtuE5T6bQJXStG8S3oYM","baseKeyType":1,"closed":-1,"used":1759877806408,"created":1759877806408,"remoteIdentityKey":"BcoqdQi4zQRQ5V/4AHU1A9RaNGUXj7/O4uqYUujnEl80"},"_chains":{"BcEYZJiKfRu4vxDrypeCx8rWtNP68frdX0Kx+Aboq9on":{"chainKey":{"counter":4,"key":"o58q9LBuzKxmtbY+suDJRg9nd5N9eRavw51nWUg7zZY="},"chainType":1,"messageKeys":{}}},"pendingPreKey":{"signedKeyId":0,"baseKey":"BZA0PNa53sx6rfT+O58Yc45mYtuE5T6bQJXStG8S3oYM","preKeyId":11922741}}},"version":"v1"}