{"_sessions":{"BSzl5hSEdt6yG1xPtVuBiX5obS5dqOJB4e3+bsqNLslj":{"registrationId":1907971957,"currentRatchet":{"ephemeralKeyPair":{"pubKey":"BUgvu3DRMOSoOgs1qFPH8ZfGjBN3yy636pl/kMvX/4pz","privKey":"gATkf8yP6MQQ7d/+F00E7D/de5loJ2F5BN7nD59SHmc="},"lastRemoteEphemeralKey":"Bck8Dskavc4nGrIlHWsvr7ocYPdtx8Hjb34jdbiWooRw","previousCounter":0,"rootKey":"000ikDGOKBJEfoJtLSvGqwr4uS+EWuI0vIIpizgkcWw="},"indexInfo":{"baseKey":"BSzl5hSEdt6yG1xPtVuBiX5obS5dqOJB4e3+bsqNLslj","baseKeyType":1,"closed":-1,"used":1759877806568,"created":1759877806568,"remoteIdentityKey":"BbAvkk1dXIMJWwz4ZsXgtU2Y4lYQF/CqBCI1MWZT2e5g"},"_chains":{"BUgvu3DRMOSoOgs1qFPH8ZfGjBN3yy636pl/kMvX/4pz":{"chainKey":{"counter":4,"key":"U5kooItqzYPQ1vEwQjZAVBBstSJftZOFLjDQRXPUHig="},"chainType":1,"messageKeys":{}}},"pendingPreKey":{"signedKeyId":0,"baseKey":"BSzl5hSEdt6yG1xPtVuBiX5obS5dqOJB4e3+bsqNLslj","preKeyId":14126677}}},"version":"v1"}