{"_sessions":{"BWnfy3rorfCUwOrkTI9pBF+jrWdnwzgGz5onbpvATaUp":{"registrationId":88211872,"currentRatchet":{"ephemeralKeyPair":{"pubKey":"BXT1KpPYooMXE+dzEBizgOcw/V4Ar3bd07h+8nDDZ1BL","privKey":"AHAtZsw1wQ9I97XA75Ym9csyEcP3bK9+/zROiKlFV0s="},"lastRemoteEphemeralKey":"BXWHiMT6Y2pAyLMOJ24/AmLQFO089uj+Cvjv5R4LNfgi","previousCounter":0,"rootKey":"tQmK6X+WZHpnMnCZnf9i5blFjpK/V9JGtGlNwbt2wEc="},"indexInfo":{"baseKey":"BWnfy3rorfCUwOrkTI9pBF+jrWdnwzgGz5onbpvATaUp","baseKeyType":1,"closed":-1,"used":1759877806498,"created":1759877806498,"remoteIdentityKey":"BRwRR/9boi+xOl/wiIwkR9jrFFyWMise69fEzSor9BAd"},"_chains":{"BXT1KpPYooMXE+dzEBizgOcw/V4Ar3bd07h+8nDDZ1BL":{"chainKey":{"counter":4,"key":"1+Os99Xqxg5Y0a/FD9ghkdG0Pcbu2N71M5nL6Q2FtfQ="},"chainType":1,"messageKeys":{}}},"pendingPreKey":{"signedKeyId":0,"baseKey":"BWnfy3rorfCUwOrkTI9pBF+jrWdnwzgGz5onbpvATaUp"}}},"version":"v1"}