{"_sessions":{"BbGcUAw7Rb0D/qrqCn3RX6xPF8W3JQ33xCXAymXeTgZx":{"registrationId":546959770,"currentRatchet":{"ephemeralKeyPair":{"pubKey":"BR5E4D615NhuzI7pKHJPzdaTo1m2yvXZ1C3i0bTSSeVQ","privKey":"OA2T+fMpM1ovEmeYDJkbJButVmyIReAhw7mjDupg6lU="},"lastRemoteEphemeralKey":"BXe4nIGemKJOZr2IkxiPBthLJFl68ptP/lbS9o0CVrQS","previousCounter":0,"rootKey":"82d0lAe6Ji2jXTUuroOPgvXa13QLZrAabPKp/7mtXuo="},"indexInfo":{"baseKey":"BbGcUAw7Rb0D/qrqCn3RX6xPF8W3JQ33xCXAymXeTgZx","baseKeyType":1,"closed":-1,"used":1759877806514,"created":1759877806514,"remoteIdentityKey":"Bfjo7TtBEfm0UGMHidqDoA93t8eWEOL9U/8qgw+JJK5B"},"_chains":{"BR5E4D615NhuzI7pKHJPzdaTo1m2yvXZ1C3i0bTSSeVQ":{"chainKey":{"counter":4,"key":"jXVnXW9mYaFDDGwUueCCWzdl/sdprGs3uNp1TISEOAs="},"chainType":1,"messageKeys":{}}},"pendingPreKey":{"signedKeyId":0,"baseKey":"BbGcUAw7Rb0D/qrqCn3RX6xPF8W3JQ33xCXAymXeTgZx","preKeyId":3214440}}},"version":"v1"}