{"_sessions":{"BZnWXhLGG6/nr5Qy6MdzR7mGyxy20cR2H9BNi+rrzRlw":{"registrationId":15231288,"currentRatchet":{"ephemeralKeyPair":{"pubKey":"Ba7mMwHz0DJ70D02NP/5L6tIBfv0FkB6v+vZr7rYnhM1","privKey":"aOuw+cK+oUI4PXsTNxO0duVgyLrv0ux0aOc+UZ4Ap2g="},"lastRemoteEphemeralKey":"BfIkj0uUUNHX8CItBRZurRf1uGqtfi2VWqNN5ntGYsFI","previousCounter":0,"rootKey":"ne57n9IJ8qiv+0PSpthxke6QMWP4wCdTc2qpUGP6QGc="},"indexInfo":{"baseKey":"BZnWXhLGG6/nr5Qy6MdzR7mGyxy20cR2H9BNi+rrzRlw","baseKeyType":1,"closed":-1,"used":1759877806420,"created":1759877806420,"remoteIdentityKey":"BTroikd/l6F1j4Xbm8skOacggvmf+bmqdTsusmfo05EN"},"_chains":{"Ba7mMwHz0DJ70D02NP/5L6tIBfv0FkB6v+vZr7rYnhM1":{"chainKey":{"counter":4,"key":"WKkQl9ukXGKys+hIGVgR+zIdvjQKPb0SUJIMo0dzIdc="},"chainType":1,"messageKeys":{}}},"pendingPreKey":{"signedKeyId":0,"baseKey":"BZnWXhLGG6/nr5Qy6MdzR7mGyxy20cR2H9BNi+rrzRlw","preKeyId":9735663}}},"version":"v1"}