{"_sessions":{"Bcf0ZhBQ0y4gfDIciF9HiSFARSUeJtd+DGSfY4Jsq58e":{"registrationId":578267701,"currentRatchet":{"ephemeralKeyPair":{"pubKey":"BZr+OJjvHLi6dPsOiu+8eNJuNdPBW8npeIPwGX2EWJgB","privKey":"gHGG0UBUt0sgjB1khOd3qXgpkEnVduMlGlu811QWtnU="},"lastRemoteEphemeralKey":"BR/mx+w/heFZxKXUPpcMreRrtGSTGAnQt0p27ouPkKcP","previousCounter":0,"rootKey":"PI0NGur9Seel++Jma8dbtSoJOyZQ1MIgEER++AFiHLY="},"indexInfo":{"baseKey":"Bcf0ZhBQ0y4gfDIciF9HiSFARSUeJtd+DGSfY4Jsq58e","baseKeyType":1,"closed":-1,"used":1759877806581,"created":1759877806581,"remoteIdentityKey":"Bat6btZtz/a/0kxA4QkPL7TmgsAEvgO4gwYsYSZ+l40k"},"_chains":{"BZr+OJjvHLi6dPsOiu+8eNJuNdPBW8npeIPwGX2EWJgB":{"chainKey":{"counter":4,"key":"5TGCbel4LdTNugkX6oVxZWies/KAoW+hWnlz2c8CMUU="},"chainType":1,"messageKeys":{}}},"pendingPreKey":{"signedKeyId":3,"baseKey":"Bcf0ZhBQ0y4gfDIciF9HiSFARSUeJtd+DGSfY4Jsq58e","preKeyId":186146}}},"version":"v1"}