{"_sessions":{"BaAM+tfAS+iKi6VI13uKr8yUbVO9JuY7umwx8cJEwalE":{"registrationId":225,"currentRatchet":{"ephemeralKeyPair":{"pubKey":"Be7onEDDfWFJJAmUONrDfSuUeIVftGGJJLZbqukNsilh","privKey":"AD9+rj9pIT3ku0KU0wDmkq7/5IufYy5OVn62MacLYlE="},"lastRemoteEphemeralKey":"BXpizeYclAWtN1dbL/dhMxLNOnHPhxXqYUfCP94/6tlK","previousCounter":1,"rootKey":"PbwjRT/gSE7P8gEQCA1xaZRP1iRMOY0xuSIq7DDV68g="},"indexInfo":{"baseKey":"BaAM+tfAS+iKi6VI13uKr8yUbVO9JuY7umwx8cJEwalE","baseKeyType":1,"closed":-1,"used":1759880457963,"created":1759877806762,"remoteIdentityKey":"BVh4IKWMG+5Qhygj/lyXKM2trA9M0KxUHKlAZS8fU8x6"},"_chains":{"BXWLDMe9onUlzWZ1LQCXI7l+GfxOWpwx39VDXbTxQ8o9":{"chainKey":{"counter":1},"chainType":2,"messageKeys":{}},"BQpnlYODpI7R6SSc3gyfw6QHi1yHtJKmMDQm5x/IOXBf":{"chainKey":{"counter":1},"chainType":2,"messageKeys":{}},"BXpizeYclAWtN1dbL/dhMxLNOnHPhxXqYUfCP94/6tlK":{"chainKey":{"counter":0,"key":"57KDn/21J0apSlkEIG3xV/e15wyXMmtgMNS1ZJhar7Y="},"chainType":2,"messageKeys":{}},"Be7onEDDfWFJJAmUONrDfSuUeIVftGGJJLZbqukNsilh":{"chainKey":{"counter":-1,"key":"c271sWHA6AuUjy5JlHWbXEqfqRCWVRjHr0bJCRNrLmo="},"chainType":1,"messageKeys":{}}}}},"version":"v1"}