{"_sessions":{"BUSeInMEBCVrOfbYhDqjc5TvyfswZfVlEe1FkWEqYu0r":{"registrationId":2091571881,"currentRatchet":{"ephemeralKeyPair":{"pubKey":"BUoOPridygKHu9LvCnxzQW96Mw96sq66TPOBhSrs+QlX","privKey":"qKuBlkzkD1dYDHX9KAwW4isqGB9lRAO/A6CGKKlXsno="},"lastRemoteEphemeralKey":"BYirefV3GBB4MpSK4EOpulGsO5BiY4xIuYVM3trh2VhJ","previousCounter":0,"rootKey":"lDknuF+vbOd6QwY6RtdFd/CVdKZHx2HZRxx+XokEBNg="},"indexInfo":{"baseKey":"BUSeInMEBCVrOfbYhDqjc5TvyfswZfVlEe1FkWEqYu0r","baseKeyType":1,"closed":-1,"used":1759877806429,"created":1759877806429,"remoteIdentityKey":"BcGPBAgBN/MQzglh85igdPNFI7+BrvtS9sBDqI6VExQv"},"_chains":{"BUoOPridygKHu9LvCnxzQW96Mw96sq66TPOBhSrs+QlX":{"chainKey":{"counter":4,"key":"BE0Y61BFAV/TkeKUxMCYXfqDqAuWQn3JsjpVMPpUgTE="},"chainType":1,"messageKeys":{}}},"pendingPreKey":{"signedKeyId":1,"baseKey":"BUSeInMEBCVrOfbYhDqjc5TvyfswZfVlEe1FkWEqYu0r","preKeyId":11705146}}},"version":"v1"}