{"_sessions":{"BRRfzHCNgwE66GfkkvBSdW6EPvVxik4yOlxO/Nt/rpl3":{"registrationId":357550132,"currentRatchet":{"ephemeralKeyPair":{"pubKey":"BTEmCLEMlJ+sM2tFFGNrZNsmAX+5V0rli8cwDIXLXWlN","privKey":"sPES69a/A4oOXIIlmvKlt0Naf16zqg8l0YNcBeHrv0s="},"lastRemoteEphemeralKey":"BULjCmwQXh8ittD5QD1/iAuucOx6/vWUFZejFworqyoM","previousCounter":0,"rootKey":"OWYRqbJfMpMI3BuZSIUKmrBFOJcAFKZCgYGHDmXIuOA="},"indexInfo":{"baseKey":"BRRfzHCNgwE66GfkkvBSdW6EPvVxik4yOlxO/Nt/rpl3","baseKeyType":1,"closed":-1,"used":1759877806577,"created":1759877806577,"remoteIdentityKey":"BcI611xjRcf+TNU/Y8sZ3iC6hCXwocvRPUXpNG8EFAw/"},"_chains":{"BTEmCLEMlJ+sM2tFFGNrZNsmAX+5V0rli8cwDIXLXWlN":{"chainKey":{"counter":4,"key":"eMJAKC2YUcwD27b5fcJgJylzbEHAcTygHNfAstE+6DY="},"chainType":1,"messageKeys":{}}},"pendingPreKey":{"signedKeyId":9,"baseKey":"BRRfzHCNgwE66GfkkvBSdW6EPvVxik4yOlxO/Nt/rpl3","preKeyId":13157392}}},"version":"v1"}