{"_sessions":{"BY37Wy725iHrESQhQFKEY7jzcthuWcOr6XyjnT8jJaNQ":{"registrationId":1700200791,"currentRatchet":{"ephemeralKeyPair":{"pubKey":"BX5xPSry3pY7tuQ9OXim0xYCTRcMYkcEuveqoSOCBmw2","privKey":"yAcB3GEzLbyU1ANQu36o2Zy2yUL/bbqb0+0D+ykIo1E="},"lastRemoteEphemeralKey":"BY8pvYQEB3d0GVAIK7lQP16jjuJPbFsnn39X6/Ae0l8Q","previousCounter":0,"rootKey":"jduDCQ4F55YNTZiCn/ZpWQcnc1wUE6Iqivr8Pb9JcR0="},"indexInfo":{"baseKey":"BY37Wy725iHrESQhQFKEY7jzcthuWcOr6XyjnT8jJaNQ","baseKeyType":1,"closed":-1,"used":1759877806605,"created":1759877806605,"remoteIdentityKey":"BaR4xf9GZbozyoU8toFL4ePuvG6+0aKMpfver3ErD/gH"},"_chains":{"BX5xPSry3pY7tuQ9OXim0xYCTRcMYkcEuveqoSOCBmw2":{"chainKey":{"counter":4,"key":"tTk5vzuX5KcuWdZ07bLORUxJVw0XjEg0CagDeQHkSRM="},"chainType":1,"messageKeys":{}}},"pendingPreKey":{"signedKeyId":10,"baseKey":"BY37Wy725iHrESQhQFKEY7jzcthuWcOr6XyjnT8jJaNQ","preKeyId":5078286}}},"version":"v1"}