{"_sessions":{"BYbCctdcbCqZBXEzevuxErovOw7fYkNR6ietEyzpXvdw":{"registrationId":2145800282,"currentRatchet":{"ephemeralKeyPair":{"pubKey":"BbPnn4afpR2myNE4OZrIZOjqeFkuNOrieduvUgE0x85v","privKey":"GOesV7UeQidB03OTXyCyAqxxmJuNl448d6ZdlihrnX0="},"lastRemoteEphemeralKey":"BRlkbba1n4mNa3Sl2rsO55IAlg2SC0KGqWbjCUDxciUk","previousCounter":0,"rootKey":"y8g0npGbPWhoKrxxdxSd/RoKUUnYY9vUiOMe3bGwmIA="},"indexInfo":{"baseKey":"BYbCctdcbCqZBXEzevuxErovOw7fYkNR6ietEyzpXvdw","baseKeyType":1,"closed":-1,"used":1759877806632,"created":1759877806632,"remoteIdentityKey":"BVsnGWNVZcxYNDih8nwVVgCHeU+fP2A46r+QROPLkbJy"},"_chains":{"BbPnn4afpR2myNE4OZrIZOjqeFkuNOrieduvUgE0x85v":{"chainKey":{"counter":4,"key":"GEpw0sg8Hne27lo0QEtXU25EbQ7OAJ6p4qgVZRGlxS0="},"chainType":1,"messageKeys":{}}},"pendingPreKey":{"signedKeyId":1,"baseKey":"BYbCctdcbCqZBXEzevuxErovOw7fYkNR6ietEyzpXvdw","preKeyId":16761534}}},"version":"v1"}