{"_sessions":{"BVhAHVF6fxOCEoN2LHZHjnUrJKwllmzFpeX8vAiFryRk":{"registrationId":1993841111,"currentRatchet":{"ephemeralKeyPair":{"pubKey":"BbVXZeVZQN6n7tnUge2CGIxhWKo3KXvax9JHAUW1zUsl","privKey":"kOdF+RQ6P7Jb72k2jnxr0BIwG4hGjB2lb02brqaPQkw="},"lastRemoteEphemeralKey":"BSSjNgTugpvvCn+FiCPosH69FgvhYRyFinDG/msQGZJn","previousCounter":0,"rootKey":"yqpLVUbQDgAyoxLjxIQ2DLs/y/w13B+W0CKdn4Dve3k="},"indexInfo":{"baseKey":"BVhAHVF6fxOCEoN2LHZHjnUrJKwllmzFpeX8vAiFryRk","baseKeyType":1,"closed":-1,"used":1759877806594,"created":1759877806594,"remoteIdentityKey":"BVDC0uH4fIt2J6fnZCJMkqUL0nIlOXhoBY4QJc/Re9U1"},"_chains":{"BbVXZeVZQN6n7tnUge2CGIxhWKo3KXvax9JHAUW1zUsl":{"chainKey":{"counter":4,"key":"3vQSW65OeY6MqrzSF5YZLtrRDFnIagFmDptkCa0iNyg="},"chainType":1,"messageKeys":{}}},"pendingPreKey":{"signedKeyId":3,"baseKey":"BVhAHVF6fxOCEoN2LHZHjnUrJKwllmzFpeX8vAiFryRk","preKeyId":8984924}}},"version":"v1"}