{"_sessions":{"BeiNu3qXgS9BoXK2DqrDkc3HxoAAtiHIerqVG3taXy1X":{"registrationId":729,"currentRatchet":{"ephemeralKeyPair":{"pubKey":"BbJ23OXw2TajeGcDBJ4+Xbrs22PjHpMYZ7zUPX2FepFd","privKey":"QBDrVRe3HIWRxOQEQZVKUjAEu5RUmU3efY77w9emplQ="},"lastRemoteEphemeralKey":"BR0awRQGH/33D0IoIr9oL8nsCc9H8mj7Mpzor/Q8Lkwx","previousCounter":0,"rootKey":"TAbT3RRiZb63GzxrPS847/isXOqizksJrS/lUKeoDhM="},"indexInfo":{"baseKey":"BeiNu3qXgS9BoXK2DqrDkc3HxoAAtiHIerqVG3taXy1X","baseKeyType":1,"closed":-1,"used":1759877806726,"created":1759877806726,"remoteIdentityKey":"BefpfGWrUTTl+X+7kUHaJXONFlcmAYsYzbdwlUJbs3hg"},"_chains":{"BbJ23OXw2TajeGcDBJ4+Xbrs22PjHpMYZ7zUPX2FepFd":{"chainKey":{"counter":4,"key":"DndraWtbusAPH4/IJCfRwYprErJ+MLjuQt0JFbYSNNU="},"chainType":1,"messageKeys":{}}},"pendingPreKey":{"signedKeyId":1,"baseKey":"BeiNu3qXgS9BoXK2DqrDkc3HxoAAtiHIerqVG3taXy1X"}}},"version":"v1"}