{"_sessions":{"BQNlGTHW94pjcsE8Uj8PbZFbl/OE8oqOTVK+2l2gcn4N":{"registrationId":1397111962,"currentRatchet":{"ephemeralKeyPair":{"pubKey":"BaqFaLkivCLipK6EJ1ue2NJUlrfRFUuIlB7qmyJ0UZNh","privKey":"YPPbV35j4xxItJY2s0c1dQT5MnkMUjhoAIQlPeb961w="},"lastRemoteEphemeralKey":"BU435+kjomKUT33VGEHD/REjMjBuYriFuXwVPgQplg4m","previousCounter":0,"rootKey":"sc/uSXBi7c16s4ajYWK/ErTLkb55pbQm7GUf0YaVfig="},"indexInfo":{"baseKey":"BQNlGTHW94pjcsE8Uj8PbZFbl/OE8oqOTVK+2l2gcn4N","baseKeyType":1,"closed":-1,"used":1759877806564,"created":1759877806564,"remoteIdentityKey":"BZEcZ5uPRyz4VMrYtogjGNv7y5b6w79npvqrAYY8gVR2"},"_chains":{"BaqFaLkivCLipK6EJ1ue2NJUlrfRFUuIlB7qmyJ0UZNh":{"chainKey":{"counter":4,"key":"s7dVW+YjnivrY71r4L2Uo/CcUAvXBuLcQq/rgpE2VWQ="},"chainType":1,"messageKeys":{}}},"pendingPreKey":{"signedKeyId":1,"baseKey":"BQNlGTHW94pjcsE8Uj8PbZFbl/OE8oqOTVK+2l2gcn4N","preKeyId":7366600}}},"version":"v1"}