{"_sessions":{"BdwdfuVF0Cn3v6dvxp+fXnCki4TSUBZEm7B4IgYBxqF+":{"registrationId":1394166102,"currentRatchet":{"ephemeralKeyPair":{"pubKey":"Bc8xZRtcQ2SWS4noPVrRT5+Atwn77gmW3ng8CDCfQpM4","privKey":"0JkMlTneJiYMIaQS4Ha1s7NwHHIBmrT6OqdSi/uk8Gc="},"lastRemoteEphemeralKey":"BRU03oQlZFBoeD3xx8Ma7irANTYZ6Tvm4PX9r0ieLA8B","previousCounter":0,"rootKey":"eFgiCSvBZSJMLDdkP7NBKO94w4kSjnyz8T0MkEQQHnA="},"indexInfo":{"baseKey":"BdwdfuVF0Cn3v6dvxp+fXnCki4TSUBZEm7B4IgYBxqF+","baseKeyType":1,"closed":-1,"used":1759880408420,"created":1759880408420,"remoteIdentityKey":"BfhyeqahyaG7C0tFyrzeZcT7PULoAnwdTXv1hXvo1H9X"},"_chains":{"Bc8xZRtcQ2SWS4noPVrRT5+Atwn77gmW3ng8CDCfQpM4":{"chainKey":{"counter":1,"key":"YQWA1oIOgBl/D2dN0p6a9jTOHSt+CkFdlENFXmCVvYk="},"chainType":1,"messageKeys":{}}},"pendingPreKey":{"signedKeyId":4,"baseKey":"BdwdfuVF0Cn3v6dvxp+fXnCki4TSUBZEm7B4IgYBxqF+","preKeyId":12495053}}},"version":"v1"}