{"_sessions":{"BWtlnaCBSt692u2civLFyu/b8f2IV+kZOuimQjz9IMc3":{"registrationId":1041091562,"currentRatchet":{"ephemeralKeyPair":{"pubKey":"BXvttE1VQnoOZBS+xxQz1GKLqZ2BTpBROKr2nhw/L0l0","privKey":"GPnz1E40+XWJimmPnEc3xRFKWU2RE9tgG59x96GwiV8="},"lastRemoteEphemeralKey":"BYaUK8KsErtjW63UZdkMqZyEajb3JEvSoMiuJLtW45UW","previousCounter":0,"rootKey":"f6CvGy/KM8IL5jvfuCtgxrc8wbqh/w1w9G9RaU8BK+s="},"indexInfo":{"baseKey":"BWtlnaCBSt692u2civLFyu/b8f2IV+kZOuimQjz9IMc3","baseKeyType":1,"closed":-1,"used":1759877806647,"created":1759877806647,"remoteIdentityKey":"BV+4wN5m1l1bPzsLnuXGpIx4yPeW54QXC1XCiv74yBI1"},"_chains":{"BXvttE1VQnoOZBS+xxQz1GKLqZ2BTpBROKr2nhw/L0l0":{"chainKey":{"counter":4,"key":"EcovHxxfnM9lAtGtpSHZZ2dm7+jyrR0yFrMYooctpNo="},"chainType":1,"messageKeys":{}}},"pendingPreKey":{"signedKeyId":6,"baseKey":"BWtlnaCBSt692u2civLFyu/b8f2IV+kZOuimQjz9IMc3","preKeyId":812176}}},"version":"v1"}