{"version":8,"hash":{"type":"Buffer","data":"iAg9IHmJ3BANo7PJ/R8xrAh6TLvE0et9NucvacSZFh79RDokkh2azEdXg7EN2LRLAjoubQMgqaRx6m6d2K5FN55/3urUWbC65NeMpFjPQMQnqyrFmcpTUe7kvh13IVFHHHWfEVxRzGs5/Xs/DMW49sJKbP5e5kPXb60SrP9sx4U="},"indexValueMap":{"rWLd7G3sALWP/ISMnQJ2pSDhD/ETVvkaoVjOtwK8Gr0=":{"valueMac":{"type":"Buffer","data":"n9fBMKA/udA8w2Zf5QY9Ybil4YaPp97FOCTbMQZrDy4="}},"eyqexsgbwZiBgUae7ADpV7PKQPws5in75I960Lf8fdc=":{"valueMac":{"type":"Buffer","data":"61SpZ4x/0J+fBqhJelfhmYc01fFtTCkVf/bUbPSg3XI="}},"ujd2eKQ7AYU+FE+j0XuZOH7bkzEWvyYFQTE4MEumkqw=":{"valueMac":{"type":"Buffer","data":"X3yG4bO4qDCRmgFXUWMZa7yXCZfsOdfGr+5LitSchpo="}},"1JuYpjNPvNJLDdfflb7aQtMYsXdx04kFDjiJwoFazHc=":{"valueMac":{"type":"Buffer","data":"oN6eY9lzc7/rB8x0LahXrRlpVhQrJwyvU8GdNL1+d5M="}},"7Z9a97hN1TDDVHRo6fVmu+q0DZmTeGU59LKCCBy9e5k=":{"valueMac":{"type":"Buffer","data":"yEXUvUziqqyaDRyYYBwmWUfMKvEMPNcu4lbGxmRfekY="}},"WpbvLuRx/M/uojDtp+5zD7xFx1xZ+0ztANgehre39hE=":{"valueMac":{"type":"Buffer","data":"itaIQXRBTMZZ03fSI7CnaHZJvqwZfTIJV9E7YakZAso="}},"RfVITUi+vHvXtTma+w+F0GC1ca3hEkL6amoF6EfhcJU=":{"valueMac":{"type":"Buffer","data":"4w/knrNB7CwTNKNjZZLGRVdc23al6MpMtBjxorZor2o="}},"iGLGiQooEDP5qcrrDZc9P/JChsTc6Ut4c7kfCf9FsWw=":{"valueMac":{"type":"Buffer","data":"s/1aPJMNU3YqVRHiqyYlIeous8DztFMn/AyTg83Nkjc="}},"ST5WbhiK/k7xyjjh3Y/JAUsCTw6s3ozQVvinCYDiBMs=":{"valueMac":{"type":"Buffer","data":"a9el2vSc1Z1mVQqwBriTy0xH26OaGgyCLU3mqUTflSs="}},"YNO9ScjcOGHVagutLxwIr1aSIz2RrgY8spWdgYq1XdM=":{"valueMac":{"type":"Buffer","data":"flh8iDhOqXVe9g6qaxC4lUn0s6N8EXR22h6h7yseNzU="}},"hnnNt6TQPK3XgdEo8QEvfMcgKRT/65jtNDIm9uu+akc=":{"valueMac":{"type":"Buffer","data":"el8LEOhh9bom4Px9uKdSCz92Bw9triMw9VQIL2Oy8So="}},"mwDmI6NLno3TZmBwJQuRDhS+MjmSGCEROZLwj23gj8A=":{"valueMac":{"type":"Buffer","data":"gVnMcxg1gLAOA5yMjbM3weQtOW73CyF1WNCpgQOZYqQ="}},"+tS2xfTHfjJIHY97uI6yg54qkxMbE1TLXo3Ya3qfwxM=":{"valueMac":{"type":"Buffer","data":"n6/7TdtNU0DxxRgqH7P3ae8CvfZh3py7FittSRiKVi8="}},"qi4qxG5LlQklT+4Kud/N8Jdx4NWbwHTK5fdWVR8O+dw=":{"valueMac":{"type":"Buffer","data":"oSFh0BJkxj8WF2FrypcPHSnbkyx5cXzZtUGiTxGSP4o="}},"9UTfrzid601dpqBAPGTQuIjyzSEApuKvrcJ4BUFZRH8=":{"valueMac":{"type":"Buffer","data":"nkO4JkeRKMhpqeNckLU23wz3TbZPft0Z1G7dY7Mb4G8="}},"KYN4QS2TshcL8ikYGZ/qNT2AGvnny12vyVIrMbJP0XM=":{"valueMac":{"type":"Buffer","data":"FzZZi9udEbsYqVaE2k35P5msAXDmM6Sn22/wMDYNMG0="}},"SbRZyP+Q6SuqzSdDPgnL7YFxQKcREHtPjzeOCDEqock=":{"valueMac":{"type":"Buffer","data":"LJs7mLR5Ox8xhzVT9xD0m3/ZylUF1kR/CHMaHvHg3Y4="}},"6jMyQ/M4nj6lmqZZJxKp0WcOyCGIlzYoM9GfE6TZ08E=":{"valueMac":{"type":"Buffer","data":"rDb/J7dSqbzJIGZd6zzmNvAeVj3f7dcXAt89pzHu8hE="}},"1nT2kLO+3bX9sEIyWoARO1kUs+vsR6ZpSdeG6T+NSW8=":{"valueMac":{"type":"Buffer","data":"E3uSHxivmMn67aTtqsMqlawxYK1l6RLVsSsZgQ1jYGg="}},"TRVwfUeV4lxqwJ1v0o/0LHZNl6db7iQyNofN9e/7U78=":{"valueMac":{"type":"Buffer","data":"1R+k34JyZF3MgACiQ5VtYkBQlUAa1DtTAHnBMeCTH3o="}},"iAMR5RsMJj+sowoxpBo1e2cTAaw3YylYGR1uOCNx4vg=":{"valueMac":{"type":"Buffer","data":"LftxyY7IBsfVAQzo5otBmjTBD7Daz6J8sTqmM/uH4xM="}},"TgTobkpL1Dv9MG1qyYqxcyPQTbnPjirDdTJ3lEgMigg=":{"valueMac":{"type":"Buffer","data":"IsQvUqnsCyRusWJr68VI9sPWHU6E/AayuipgSRCzP+Q="}},"lrLOex/sOkD9ZjxxsxzQwuFjyBu5dM5niIex13ObKMs=":{"valueMac":{"type":"Buffer","data":"z2iYCH/G5Rhfx/EH407cHA37gK7s2RgFSni7OpLfOcM="}},"qsiitYid+pyZ6vI45nxSL7DXFsSTVfVYM+HiheZf/ls=":{"valueMac":{"type":"Buffer","data":"vdjUa9pDS3SuRHsjp7sFuqdDFSWRzd7XDlBYQhNSDIQ="}},"gGRXKjRTREs3i3c7RJx5qqnN8SwKue0YBcxpFIc6Jw8=":{"valueMac":{"type":"Buffer","data":"FuFSWkqR3FdcS5mzN83NzXlRooz+RMgVZjuWrGoE6bE="}},"P1nX6dZ125j7euy8rezO4P33iSjgs7+I5ivRD/svZy8=":{"valueMac":{"type":"Buffer","data":"Wnf9xKTfHQnsmxeEwCgE8nRvWAA4OXyQiaiE3y8vvpI="}},"d2kQQEn4KTXxMirs3CPTj3PWwhJsI/9eVjC4CYRD69w=":{"valueMac":{"type":"Buffer","data":"e175YvIZY+189ZW2YYhIoZ/za23i1ZAzmW8xt+iwg6A="}},"A/Bq/1I5//GUN89YUmdQ9qOzDNSm4a1q1Y5uDxEMhic=":{"valueMac":{"type":"Buffer","data":"PbJumpXqOMEyzasDRvcqDaSR7fzCsUmrX0MkLe8QlPs="}},"qLO8mgu/3FqBZPfHq0h3iBjh3T/LDvwJuoJqdFDQ7r8=":{"valueMac":{"type":"Buffer","data":"iZ+iO6bv4whtQ0tZvsUelD2+ZAAdKJxHsZ/JE9Mbpf4="}},"JHonvJW3pks5x9zLskoSTdkXBQQCt1WK2MztmaesnTU=":{"valueMac":{"type":"Buffer","data":"IAY4fdVIa6gt6Lc35/ZUzbFX0cE7pbdhWUqqslFbELc="}},"45oYqeIISZCBZ9KhGdn73seJIqeXelVpHDGVgCCRJ54=":{"valueMac":{"type":"Buffer","data":"VRHBYQfUyvf8xPX3P1OzJjI73R1AcqnD/Xdasy11rCI="}},"8EnFJvbhBPAMffUMUbKUKTQkFfueNzMMNY65urRjcf0=":{"valueMac":{"type":"Buffer","data":"K8yowID7RWdI7n9bA02gEsaqehuLkVNH+k/FvYzIVCg="}},"ibD8U0YPA/CgkkK9BsNpO4FyEf8eAjvt/nNlTbm4vSc=":{"valueMac":{"type":"Buffer","data":"ONt1FTfaEVK5nsrEA+rqnCy3KU5H1S+cjkPpujG9ld4="}},"rSGE/Sm+KVdlD4PDNhvV0QHNpME1a2VKQwGO2aPI+CI=":{"valueMac":{"type":"Buffer","data":"XHY67SHjay35hzi0bGMpuev95LYMOaOt/UQmaHaUS8c="}},"oNV0h+NCPhmZA+70SJN50n4H7wsoBvS0bGREXMaZwMc=":{"valueMac":{"type":"Buffer","data":"sEcJnk1SXxY9gou4hjA6xTrAQxB1MbUgo7vu80MWDUQ="}},"HTT0PYQSqH541UOF2RH5xMLM9BRjJ0CEfTQfvIkVBmI=":{"valueMac":{"type":"Buffer","data":"s58s4Xf8EV/KjgdkjrxF0eSO1VnPYtyxssrwH4LYAlY="}},"GtaDfclrWNbkO6nP3ssZYtQkGB+4DMRB3fwW0sLcziQ=":{"valueMac":{"type":"Buffer","data":"J//PHjGvT/bBnw0megcgiqfJZyWEQmZ0rILYoSEPoic="}},"WEtECWkkUEc1CNlzSDo/Yy6vbkq7u33LZwFuQ7Xn/Is=":{"valueMac":{"type":"Buffer","data":"XaGrJ8OAyFQx/ld1Y1ONc7Dk6dVdRXYv539fNlK+5JE="}},"P6aaLddk+RN9uuhvQ7lUYR5qlJ1/A4cbLBdG2rJltwo=":{"valueMac":{"type":"Buffer","data":"YfUJr5ajTc5VzWcGbf8QdhHXp7n1bjeiMhOOU9xnVr4="}},"0gPLKtr5tOB4Xckr7w+L78OJra/xZ2qouf5iaA7IuIE=":{"valueMac":{"type":"Buffer","data":"OZ54FNmKNFiMyiArq5sIhgFjuEoiFadxp8kvGyJLR1s="}},"4L9DXxcdYlCv3isz63UfOajDD+wWk7hU+xxBq38Nozg=":{"valueMac":{"type":"Buffer","data":"xVpooESmv2OWVKMuLQrAjYxCSFKWtklCofi/GPpoJ+Q="}},"x7ceNqH8OQeSCx9k5KIvXKUxYiutSR7R7yfSkXZCNvY=":{"valueMac":{"type":"Buffer","data":"Q7W9aIZg9MfJiRwcSb9lN5+xj0v6vhY9OoiuEsVdrQA="}},"aaysZnIy7ZnNbsc/z88brpcGFYOOWk46AEnzNql1xkQ=":{"valueMac":{"type":"Buffer","data":"yjG0krRbyjlLwV5IUuV1PZLbQy8HC9YJF+graiFo6Sc="}},"BBksKjdPj58CbIXP4Lm7Qiz7PmXnmZZIClfcCTchvn0=":{"valueMac":{"type":"Buffer","data":"5AinoTwroslGuH1SIEVjGTul5z6wreIIeylWCPUOUVM="}},"aj4l8vzw6w3E8DKpbeixL1cBu2KjTV3VlpUU+ROXraA=":{"valueMac":{"type":"Buffer","data":"4YHuUTG5JHFgZWdVOLWJ198D3U7TuJrhFtqXjzLoiLs="}},"Mn0qF4MalkDyTHNoGceOKj5fmJ4OUwuLQfG1QnKnny4=":{"valueMac":{"type":"Buffer","data":"deHP3fjCH4JnJIG5fEasTDTWSxhUGjF1JLybUkivlUY="}},"WQlUpZ9l1P+2v2A46ZTZcY9N9gVI11jJ9CnmODQ75Wk=":{"valueMac":{"type":"Buffer","data":"DR4ISUEF12K9eOmNxh8oWxKgDm4k02k0KBhxyk+aO4s="}},"FU0hZtlOVfy22wBYh1AQ9+NvRtssORxOMfTUCRmtmMY=":{"valueMac":{"type":"Buffer","data":"NRwlsdCZe+k0XY+G4UwBGMBlBnW5cOSmjRkwYs1IF3Q="}},"T4dhNxp/owmPI971DQjd3w2HPyn3D+cYfzpl6D5u73Q=":{"valueMac":{"type":"Buffer","data":"ki06C4khI+j35Ezg5+USNszl84BBbAlBAsEZForIm9I="}},"XvtdkO0reEyUvF35MNQezrNPa1sgcdov+PdTNDedz7w=":{"valueMac":{"type":"Buffer","data":"9JZrcHM2ZGleLY/9P+4opUo4hvde75YdQg6Zt11S0Tw="}},"72BhaHKQ94h0t98Dfi4SX3cNKu0iB4+CGxIssko3Q9k=":{"valueMac":{"type":"Buffer","data":"YKyD9dsiKExOJlN0h7Otx+zn0EoP0YZEr5n2IaUg0Qw="}},"04VQIygVn7AxUvqvBuuBk4SafnYIpWCOpxZrY36qKZU=":{"valueMac":{"type":"Buffer","data":"f7raHlVdHc3PEDDYqyqypyeQAXQ+2X4XCJzkUMP2TB8="}},"bFPB8XlWOUznwI6c5VErtuD6zpTdhvhajgwpQtAQUSk=":{"valueMac":{"type":"Buffer","data":"MVQvJQTXBUauhzsQtNJdaIfGiIQ2KjmcYc0Vuil7hfI="}},"d90S/TiYNhqKDiNOOYcS2X3HKRvI9+Z63czfdTfgmbo=":{"valueMac":{"type":"Buffer","data":"SjyM2ulmJyZiqbcoqOH+AEIB89orYbNPsi4G8j2jUkM="}},"IXgO3LZ4ju9RCzjLxZBHJcgoWaDR+HQPxLpC6iIlH8w=":{"valueMac":{"type":"Buffer","data":"j4iqMFvX+bvhV5FiXGaDiRb7NMZkyYWx+q2mKqOfuA0="}},"v1ykpZZ9XmA6/TAvrPDEOw8xg8l3PikIPnIrVVFOTNo=":{"valueMac":{"type":"Buffer","data":"OGd80bW+82VxVR6I/9EylZkP9CBsliS8ke0eYzTYi7A="}},"G8G2A5M+WO8YovKWG34M3W+Jw+a3QlUlcOW9fnqxONA=":{"valueMac":{"type":"Buffer","data":"/GHSTG0aUgrjpFTcuxhHOAY6qNxmUsmj+r4sGMlkxWI="}},"C1i6y8geyqySBfJovYF4kfxjzUWfwv996Xp2D3gE5aQ=":{"valueMac":{"type":"Buffer","data":"X0QeQeuewFiRtEj0OXMExuZ+yYs/j9y9BZAtk9oZWfg="}},"mL9FYk7sym3VWKaLhhSFF5sn/KmkQdMpm0LHGizrqKM=":{"valueMac":{"type":"Buffer","data":"jXWqVaqGG3Tq0UiV126ap7iQGzeFkdLiHeey3o3xkqU="}},"nJ+/nQN+sRvugZjYfaH4hMz/dKhXsT7fDM3mz9oCzSQ=":{"valueMac":{"type":"Buffer","data":"OyCSYE44G1mURI3ytx1M0CoLK+NfZMDpIyVOnVpo5dU="}},"MsAA1hY6dxAKCdt3Z1bmln9BMs+nlS/AmtpQfPshFLA=":{"valueMac":{"type":"Buffer","data":"0//Eh59zzW42rnblZVfkWrKaJPtTazW/g1U/FFzKsvs="}},"0rZjQ4xVe1Ucji3QcxIAzfdtwyUCP5ioeoFGW6oHx+M=":{"valueMac":{"type":"Buffer","data":"82/2QdjFX4Ri/XtHJF5GQjasGj7y+PvXQnW6R2QCIJE="}},"/LFws2LUD6SsDHdlJ5T/rw6bvVUG5U6xA/MQyK2DRLc=":{"valueMac":{"type":"Buffer","data":"S9DUcdO3oyZH53VvoqSjdH4x8zqaDPia3Bjvp1nJ7gU="}},"4hfgqywZ64kQrRGKjDrlLCEnyZpeBJ4p4jT0EmNxDMw=":{"valueMac":{"type":"Buffer","data":"795Iu+IFOpXWp14fLk6JoIO6nJE3pjntajRGHFADlyo="}},"X+QFmlUjLMlwmbJemUwKoykMiXjiBZGGhOxNhX/p9xs=":{"valueMac":{"type":"Buffer","data":"k9/fg95pF4MIXMe/A7g7elT0oxWKVjIzQYzHEKMVq3g="}},"cXrWxjKRHuKEGNdbVKttfmntbfozWbJiYLNnjEZPshA=":{"valueMac":{"type":"Buffer","data":"mw6EZufaYLeMAgvYFIm8xAmUrvpgBbeaz3IaIlF6MPU="}},"L0zWzlalzpdHqST5Yy6/T9DJb6DQUeaiLBNGWQ9XxkE=":{"valueMac":{"type":"Buffer","data":"0gmDtU3vwzZK5W3JsjvKnp2bLXA0tUQo//l3PwIOxMk="}},"P+AcsYqqEBc3WD2KmX9BxMgeR3WXa3TfwlfCL7XKt3s=":{"valueMac":{"type":"Buffer","data":"M25AMruQd6QpAlUzlNhilxd/gaYCa362+/zH3ckyoV4="}},"boGdDtZuM/+bvSYWooh0I/4zT4LDH8//qdDT61edJ/U=":{"valueMac":{"type":"Buffer","data":"pHA1IBVy6US5a29pRxyacNqCYlRWOCjHYqYEI8pZRxE="}},"/wrWKa3sHLNM/qEIrg8kDULk0auDzSGGTrBwhYlRmPY=":{"valueMac":{"type":"Buffer","data":"Mn7ifx9qyAuwaIha3nN5tILFoyZ0gfhMBn5wHrCLkgM="}},"9hTc4Tdl1AJj1utqhxpueNhbblTSWzds0rGnPZDGzuI=":{"valueMac":{"type":"Buffer","data":"rdzyDEn+X7sqEua9NZgtZmB4cV2TUStJGPA1dCIR8fs="}},"VHkit0aPVoY4+lpPvC7wLVI2x5wV7ibe/Hyy424+pdQ=":{"valueMac":{"type":"Buffer","data":"Cll3UGksHISAfD/Ij7sZuvuehmh+Cb/ugFRN6CIks60="}},"BnFI82z6MddYnY9j5ntgiJkLP8/qLBW6kLc67UtSWUA=":{"valueMac":{"type":"Buffer","data":"jqbYgjWaX3AMGQvRdt7JU0DgXJE6df5c5PfkcuW9e1U="}},"mqGpX6jSWQdl+nG9zZPOjEpvU5UpcpmnPMMImLYuZ2E=":{"valueMac":{"type":"Buffer","data":"gayBiyiGcoCCD30Ki5PjjOtRkCzanPPNxrEOYbUAqjs="}},"x6oTkygO3AoUQVvAZFmHtTNH06RJGK8ZxsyreHQGvIo=":{"valueMac":{"type":"Buffer","data":"OwXs2RlBiNsI32OFdg7A60Q5mtUTKjgamIKf7mB7tG4="}},"LF8ARoGo1IyHzKT19CxSODxXxAoSnIXQjR6EswZyhoM=":{"valueMac":{"type":"Buffer","data":"8jbB4fN1CN9ZfYkV/770h1veBpgL/DwuTniboBoiZJo="}},"vL3el0yl7Tk/sm61fz+7JsU2THGQd8DpYNfQCJ6IBlc=":{"valueMac":{"type":"Buffer","data":"7IZ+5/wFPm0z8Zw3XcEZuika9T18wHG7X4QW9h/0sfI="}},"dFBy0gqN+sYNMstus4fl8xdiJh8AShJm6cjHcQOFmnE=":{"valueMac":{"type":"Buffer","data":"x7gcdVZqwPMvHdjmUsbpM4D1jWOJ+Yf+/bHDc5YqLYs="}},"kJqJ75RQ/XheFf8rW00eLUQYC4fl/czHOcpjgBKU/cM=":{"valueMac":{"type":"Buffer","data":"Fm0TfOywU2VgkZfXrRPkE83P71LpRhAHkCNYGW0/nrU="}},"ddjKk4XMHZ+PtvUo1ptcZYHLwZ9FHnLjJutCthaSpwk=":{"valueMac":{"type":"Buffer","data":"9A1nkAz8EKPvVSWqsPuBFjDPhQJmWrj0VwINq5WwOMg="}},"Qeu4n+DU/PzSn8ET3uG+ZiSkd6/M6WJVbp+UfAeDKm4=":{"valueMac":{"type":"Buffer","data":"pRJvJqeANhQW2//EgX/JKF1CqdF13cSPN6HJ/E0kuBw="}},"1CYkzCMIRbuOynksYUOcbx16922c39zA6RcM4JzrmIw=":{"valueMac":{"type":"Buffer","data":"LYnlTgVnyVWYAa6te/wsmwYJcpODjvS6M+2ni1kNjLY="}},"nc/dxNcvY1yz30i5uEJhTROcipJhnqSCs2OQ8xSBvrs=":{"valueMac":{"type":"Buffer","data":"xDKD8cjjzglmirskg7MqjIs4drvB2HeH4TVuyOn0gII="}},"EYR6rfQDHu2lqIJRLD7uBz/S2zb9/QSaZsWuaVVEYvQ=":{"valueMac":{"type":"Buffer","data":"caspbpLcaRpBpdWz6qG0CahQUVvXTchF9UZ/RH4S+lk="}},"JbAyIgwhWjgojSoxsiRBPB4jFpzDsM4xpStlty4lwa4=":{"valueMac":{"type":"Buffer","data":"DuAfr7pBqoVQ2GZciuE9H8264HazmOBsdq5Y/2C+HH0="}},"qf8IW/gNUqMTd5rywyfEu4519W7WgnVtoEMxkp+rYlY=":{"valueMac":{"type":"Buffer","data":"WLDHVnCC0Xetn3CCD+5PlZ/pcqac8Hq6X+8MYfy6jzE="}},"R7+vgRm4d9RZnCE1XSM9je/3iVHqzSHE0Cykfqkx874=":{"valueMac":{"type":"Buffer","data":"En+07941DH7PTmBzL92dYWSFD+YvM7Kgf76xobhNhMM="}},"X+aqzBP4pmhWH9jLOIOlKtmqz3AmQr+QEys/s9PY6hw=":{"valueMac":{"type":"Buffer","data":"wX/pDmJGftlWqDd2OqnRnF2ccirh3YrDxy/0iDi7QE0="}},"I8I4t81Nw8xQSjwNaByKLvazrSZ53kkHa3tnY50GdCk=":{"valueMac":{"type":"Buffer","data":"fQ3Gk8mVbwbBtmaSWC16v1q5gzPHQNtzW+GPfyfkLDw="}},"EVfD7cg4Bs+p4ocBgElFEloqfA+beRg6pq6aNA206mA=":{"valueMac":{"type":"Buffer","data":"Mv9CTw2/TnOLaE+X54xIP0yrM/p6ijjoPFIW9MwxWXE="}},"492Z62vhIjHuTSSNoN9GE92g1l4bYsYPSLRksPkJxQA=":{"valueMac":{"type":"Buffer","data":"d87ziU1uIFDZehQenYs4pXEjdZhfFitZypMZIn22XLM="}},"kRJB2hI+IAJpoH1+6w57uQf0hQ8R6XmgOErigKJVm1E=":{"valueMac":{"type":"Buffer","data":"JsNK5te9uzwb5ZzEqURJm8UynQsiKB5aPg/JKQz4Jzw="}},"aI9wcWUZGhHrWc6OEG95UNJDdzv2ZUWn0odybYwe+14=":{"valueMac":{"type":"Buffer","data":"4hyoT2YnqFOHSeAZ7LcFYdnKjnNSqx1y/xfQO7UK0aE="}},"7MOlX7GnnVbyqoZiyPv5GyLDTWhIMv8MFdnBawgWGKE=":{"valueMac":{"type":"Buffer","data":"YaBjriw/lc3MQvpSf/IkUoYyKy1sYdt+cSldSEZBlBY="}},"QHuyRD5lkK1xzjRlQHrKMf4Ns6BOUjVgH997YZv3N+c=":{"valueMac":{"type":"Buffer","data":"uCaV9vF8NsvcusViZq8Lsh7+6CQYe/Kid3knVuEGQDQ="}},"bfaIAndc5NMdkPlVASbhxDkAoPuba1hhpFCagTKxEvA=":{"valueMac":{"type":"Buffer","data":"0gZJJ8Nm9LJXCMdag8lrbxtx8pptWxg4x6hsoIXMn+Q="}},"o0CQGoTRCSXWzPCyvrSEhuevYS052Mbx2FxIzlz8PaM=":{"valueMac":{"type":"Buffer","data":"A3uDjwGMkqOihvdZZKcWdcsnlWLKMYRXzBn5JLhWzgY="}},"4FtrUPQC7hACgA2Lmu9q6FR1gMZyLuTFNsG+di0N/kM=":{"valueMac":{"type":"Buffer","data":"/iVNO7pdHNq0TGngKsDJwj2d9fEB9xJ1QXchNnlEOHg="}},"kRTp6gGhBiMDZSwZYMh17T/c6ML3lk8+N5G7VnZeq3E=":{"valueMac":{"type":"Buffer","data":"Zn4nUzNeH7iU2QGMZshvcpl96R2rz2wvETjuLSOtSbI="}},"SAI/5i7dWrg9LBJvQMExhm0dZrA5KCPsQ7KwEczHp2Q=":{"valueMac":{"type":"Buffer","data":"e4EuI2CTF55QtjRt22SECoCeGGZs4hjWQ8vOVwcdmGY="}},"3j8yKol+YJeWa4sA2lNFD3aLBD0jYeUio6pj3Itl04c=":{"valueMac":{"type":"Buffer","data":"xhUhwwqV4NAmwTzr2qVp4HxCWt5hy8uZ4n+vS2mGmoY="}},"Jy0xNUHO0cYOqSiwWCiykdl9tICx+nOzR9hcc9jnwuQ=":{"valueMac":{"type":"Buffer","data":"6nWDeAJjL6XgEAjMjVs+q68Q5CvDMEVrH5Nbtn4zpSA="}},"fJM3m+m4NaCgC/9obKkcGHmEny6ZLq7U1IlKW+T1kaA=":{"valueMac":{"type":"Buffer","data":"y1e0cAh2xgq0DoGv7FAb18hZj+wBZ9JI0t9CCwHl7LY="}},"CG23AkUSPtFz03lQVCjd+Hcqu3H0YC5zopPMP+MDYyI=":{"valueMac":{"type":"Buffer","data":"jQ3bkhlealOLPcZbFWMPKBfMfge57+FarhwzduLHQJQ="}},"3+e/v+7F62nBJBJUsrECWjmEviOthTgtfVeDNDBTAuA=":{"valueMac":{"type":"Buffer","data":"k1O60s1PcDTcTofjby7Z+9bPPQfZ27/I0ha1Cbn4nFE="}},"a/OwYovp9glIXJo+qZN8spokpVoF+wUQlkLUpjgO2EU=":{"valueMac":{"type":"Buffer","data":"P7eVD+yJZ73WkTZZ8gGFXp30/H8i5oLl8At4xov/UCU="}},"VZ0Kr41Ps4EUbajZOlLo3ZvbsuQX4OZsEiSQFpsrzGM=":{"valueMac":{"type":"Buffer","data":"W2VYwMTYQtTel4m7N2YL36XqCMW9JIKXtT+CL3avqxk="}},"BAEZEG0KGohBh6RQ/JJ0Y8Luc6ixn+cxnKBdcG4QM1U=":{"valueMac":{"type":"Buffer","data":"sVlw6k0gq5fiUPjPsdAYQudLIIAei+wSXkigWxJfoK4="}},"XOS8GsXjODhUP3XlFOIzmz53Iz09Tci2+DIvKMsg+Ks=":{"valueMac":{"type":"Buffer","data":"igZncZE40C4D/K6KT+0wL+t5v1C0cD37AEXcv5O48Cc="}},"aUh3f6Xc1jaerDYKgvGzyInVUgTlUieCGB2P3cxQv8s=":{"valueMac":{"type":"Buffer","data":"deOplT0g2ZX5nFXcWQs1FRt5gs3tG67AsLSbukzcm4A="}},"7FZYnoSuHUDJej0o4V2rX6PcqWJrBV4wTNNnSulJMsA=":{"valueMac":{"type":"Buffer","data":"pcrYQ/jGkuBMg0n4KnA8Vk/UdvWdDjcRi76b6Y0Mlwg="}},"F103nWMFi3CaYrnJC6DJU+rJYwnTNMwezxqQUV9olOk=":{"valueMac":{"type":"Buffer","data":"EY6pjUah3xmgEiPM1P2XmxTdkTWyoSyoNdaBlEpf5Cs="}},"+YK9NcSXSkjdIambHN2KnRUC8EkBJwRv/4EZHQ8tFag=":{"valueMac":{"type":"Buffer","data":"VViaK8sA17GaMccOHEDriGmovEYawo5llM4YAHMooJM="}},"eAUYufMmpWQ18b2bKwqAL3QCM5jYdaw7IQypuhsg1x4=":{"valueMac":{"type":"Buffer","data":"WQlvHdpYnhXdkmGmS6IJpiZ+YoFlsMmO/L+0AiGXU+w="}},"4+GvAiOQV5UNVR/kx1ghZuqUpOB8EvzEQOJ7OJ3a8SE=":{"valueMac":{"type":"Buffer","data":"InYSbydF+NpM+q7A+Mc80XjWYOo4jdQrl/W7owBcXMI="}},"Xd0U2+vbqMbvXKbxkO5mH0Lk1/OIqNCAAljOPYbukDg=":{"valueMac":{"type":"Buffer","data":"hBoa7X9g4bMt9Zg9QiOj6PbDj7JdXv1jXnuH5B0xxdg="}},"zicIyte1fJVWu3/3ThvRaPtvC5mBK345opY2Xkp74xM=":{"valueMac":{"type":"Buffer","data":"Q0GfjlG709s1RVXVFyz8jDIoMYPAbJaN2TMn2hCDMBY="}},"iOKpXnxDeX2apdhAFFnf28sop1k6J7B0ervInEB7cDw=":{"valueMac":{"type":"Buffer","data":"h5ls8IjYdAUpDz9yRqoNDkr7TAhhEZ883p6yEkdYtTw="}},"I0XZJcW8Upad8tTaXrCawLuJzowOEF1G2Eolf830pic=":{"valueMac":{"type":"Buffer","data":"XVDSwNffwpm3VxsOecfPyxRtVGVCObMJhTdBsGzBhEk="}},"9CPx8KENpaLQXRH5aJb7pALpTtc/pAjAA9dvfg1M/JA=":{"valueMac":{"type":"Buffer","data":"ZjI67Bq/FHo00CcNrMB7PaVPYeLT6/Kh8dRErPGtuvc="}},"y6HaYH5yZ7W/yfbZE+kYFLqwqIJjf28cqFYinHquBTc=":{"valueMac":{"type":"Buffer","data":"cqUNXtxgKz4VzZ4Jrk6QYlwI+Y9q7jyFId/AuPwXJVY="}},"XzvRw/9NXxg9vw5eB6naIXawymGJd7FYdFO2UOgcgYI=":{"valueMac":{"type":"Buffer","data":"YZL3buoSL9EVUt9k6SoSzOgudbnKXIMNhA6ERySbssY="}},"0lRwQ3mQoWflxLMUgpZs8tHCsn1ldkaETwXigAvp6dI=":{"valueMac":{"type":"Buffer","data":"8bgNuXanhYXgZ1Na4HrruZ0DS+hXNFjdFWuhHpdK/X4="}},"l8ts6JeHhJ3ScRPfOJ71S4zXDcdu+FcpBuLjWywK5ro=":{"valueMac":{"type":"Buffer","data":"mBZ0viZunPS65+Rv3P3QP8QnqZ03+ICbrCpIsSSQztI="}},"UtIl5ko+nJJ7Y1K8TDTYoA2jiXtQcMKQt270F/8Oquo=":{"valueMac":{"type":"Buffer","data":"4Mj5nn7B17OdqhnvSxH038jZ4P669RhkzCaJ4c0mrJ8="}},"f/geK+P7lYojvZZUraUdzGY74Q/3UzQfrucnzea2Ioo=":{"valueMac":{"type":"Buffer","data":"BbAtNn8Uc4PHHO/W2vkYaXnbiiK21hMykoa6RBxTRNg="}},"hnJgqqN7AcdVAakwlikLtpyYJ4fnLIG9eRZ6Qnd9KyM=":{"valueMac":{"type":"Buffer","data":"ZmcCQXa0AgysIv6FVfNCkEqTeo8nHKXTP6601n76gJk="}},"st4oUrJRByvwoUnxCjA4wLq/qYKpSOVjPRU8HECaanw=":{"valueMac":{"type":"Buffer","data":"wWvZkR5HgQkXI0INqpjkqL7wyjO/Dd4UMhi0b5Qcea8="}},"+/xBZx6bREnVCVouINk6XQc1OqrCQ9w+lyy+jA6fNNw=":{"valueMac":{"type":"Buffer","data":"jvD+qQ3/fP4jUW7DwyHGnV2WGArc0dVaRLdBB1zh+Xc="}},"zmaoLf1jW9ehT1faAcTEde0bd67wIANFZ+iBnumdrqg=":{"valueMac":{"type":"Buffer","data":"yDuP1MN19xWKUt7Tdch+9mx7N9OKIfTZZ6E5R8g7aoM="}},"+JcDnMUdYnxWNQIlfq9fMuKMpbzmZjpZVOtYeqBHT/Y=":{"valueMac":{"type":"Buffer","data":"Hr5wR+Q85yVeLuBmzX6h6JXA6R03twO+sow/uJRc1uI="}},"4fSqpaSpT5Dj4Q8CbTlNfve8L23Aoq0LY6OfyatUQ28=":{"valueMac":{"type":"Buffer","data":"3Y2ba8ygHFehU67MN5EASrURRp8gNUH98LYw8d4J3uE="}},"+LpRrQO/5QJ77T2Tezo6fnZU48NMloecJxrNzlkM1zE=":{"valueMac":{"type":"Buffer","data":"yEP+2B2IRzv6bQnjykHa8IrJDt4CCL4xeh2EK7RgV08="}},"pYvsxbtW/X4eV363vJuk5k3LVQVb3ZDyJICgpxMGV48=":{"valueMac":{"type":"Buffer","data":"1ZISz4e+/wMvXCP3+m+PLOXzDaAZ1mj8tXEICOAnaQQ="}},"adf3el4PmRIlZ40f+Kn3K21RWgwmxtFBPfkBD9LyalU=":{"valueMac":{"type":"Buffer","data":"P1Szn4n7yU7q2tNwZUtO9GiSUcpj08ltaGjci8hTXp4="}},"LmpmwB6UmGzKepvI8nBA4tOXYsWHKrXGh7jd/b+sVLI=":{"valueMac":{"type":"Buffer","data":"fmxjxugrNiEK5x9Y3FVlXtmJGt2DmO+5Sv8nBqWoe5g="}},"KDbA5TIZ6aA9uB/KymhdyibZBQX5oZUhBuqlVytJNCo=":{"valueMac":{"type":"Buffer","data":"Ol7WzZZlYzw12usshbq5NqTZ+XIipAJorkZvUUv5Xa0="}},"4y3mwAaD/3+iK1gsLKZWltgGJwAn0M0QS55o9uNHBB4=":{"valueMac":{"type":"Buffer","data":"N6TH8Ph7mMM6Mzd9uwpboE5Qf4RLiUXIoJYYYX+K7LM="}},"vJqsG82hzGUYyiNySvWK4k1TZEgVsrBrSwellupMsec=":{"valueMac":{"type":"Buffer","data":"iG9HJt0xFms6E6gQQ4tJ/Jfzh+usvsLe5iKnRXNimVc="}},"ns8/Eg4xgLz768As80s42/NVgvtaax/1OJnaZ+oGf4g=":{"valueMac":{"type":"Buffer","data":"TdnAs6v0MTR9N1uWfOHPHx4jMYy+yRuNACYfUeJuvlw="}},"qOH7KB/80uXcQrdOkYAEtt41HyHJ9At+nAGCpaUbQ3o=":{"valueMac":{"type":"Buffer","data":"/w08TRrUNd8L+UGQNoIVaDJCLZqao7mFO6FZEWncIno="}},"aMoCqO07xD6t+4PbiGJOtGIPkCC8nWbmyzYBa7sKDyw=":{"valueMac":{"type":"Buffer","data":"64UpN7t4ZKZBGI4Er2S+daoCNTITx4BZtCxshAeLO6g="}},"JxVgazpbDRLgtE8UZkqfNLWmjL9KBwBHURekWxBuOb0=":{"valueMac":{"type":"Buffer","data":"JIRJse9rueabgEERnjPX3pUffnZL2PJ/9DF9O/yl/OE="}},"1vuxeiG4zSS3PVGqmels1a2o5fm6bn1dk/NUfYxoL/4=":{"valueMac":{"type":"Buffer","data":"Ui0ttvLas3mbEF7OGqobNAaEDNbB2bgzJm138IGoHP0="}},"YfEcJKwhh815JcB4kQt7Kh17DFlFrHF5ukd1QaIp6UA=":{"valueMac":{"type":"Buffer","data":"3TNOZYnc8rmfQtDQrQsG4Brgn66y76cck8j4ynYUD8s="}},"voorK+TwZKIOYbzfL99CYz/7riNB7xGfm72Idr6pYg4=":{"valueMac":{"type":"Buffer","data":"Ctc+jk/SW6HdiSlO2OOAHqI9tjEVAiCpSsx27G1jvbc="}},"XMRFGogPysbw/24OFiCahsZzFrQiWxxV6dpUNt2E3ts=":{"valueMac":{"type":"Buffer","data":"XNcqF00vrUQrixvcUpwirBeXF5Ro1MQO17U9n9BsZCs="}},"jRtu2d8g4DVdSCC5/AW7b3x+qgVmI2QtKw2Q5TTqEgs=":{"valueMac":{"type":"Buffer","data":"yAYCVh7Np7pSzp2h/npdXMKQX8EJIMEZ2HOlSicj85k="}},"lqGxpK6HBsFEZ8CuE0vr0sD9z0NrO1UGCW9cJXaX67A=":{"valueMac":{"type":"Buffer","data":"sfkR2L/hqckc0n2bEwgr0mP+ZErGQPlfXQu1++E0fQo="}},"JYYgHwcplfkOBEMXEGDDC1MjmacWt0eRFQP5bkAQEc8=":{"valueMac":{"type":"Buffer","data":"sTjLk4OesOOusLISYu29LWq/f1juHzEHzHxQ6uCk3GQ="}},"btIrkws9fJXgGIjXaqHaL9jAYOdmp5iHQJghYtENzB4=":{"valueMac":{"type":"Buffer","data":"ED+K0VRRYLKPxpo2YUi28UTrlDdjA4jM/J+OXRxYVuw="}},"/GG6tyYvwRyJ5Tj1DV+IMEBzHq6Cy0obxVU0w+aCjY0=":{"valueMac":{"type":"Buffer","data":"aR17A/bxctNqqvaiA3kG2XVzF7PlNC1fK1eGND8QxX8="}},"OgEw/DT2Du3DabOjvEr/ERUQ/lcGz1twUuO+u9I7k/M=":{"valueMac":{"type":"Buffer","data":"SVwtICwpLDy3Lv7nE9c/am4iOpznzO9N+Be5styXZO8="}},"Gn4FLoWqn+/mIVK99SdnZoANyW47zwflRTFX3Q1i0D4=":{"valueMac":{"type":"Buffer","data":"epuyyM3biNXso/HfqpjUrtinN/H+Qdg+1SlguD0BZjE="}},"cY8SWJARtor3nzMSvBYHZSzG68m6vPDGN+JOszN8vvk=":{"valueMac":{"type":"Buffer","data":"AnldmBmmmN1VOY/h+HnrfMWgYoXZFjdylmDBN2p46mM="}},"xk0YUwBwq/n/X3u60dRdCXlRDGAhostk3cCyyynSi1E=":{"valueMac":{"type":"Buffer","data":"6erU1HLCzd5BR3UERYlD5cQK6URPR/ABPqoJ5b9oBKk="}},"1cfgaE1XPjWzsxQ86Ht7/Uc/E6iEDHh3FXQVlt0Ie+g=":{"valueMac":{"type":"Buffer","data":"c7MJVTIeS2cSRsZz1q1nByMB3fDcwmi7AmcFr3hGuNk="}},"I6UnypAFPzygmKJF1D9c9a6E//933/QRnMRcCgWvUEI=":{"valueMac":{"type":"Buffer","data":"gFsWkGQGvXTw+oGWtj6EOcGt1w6c23sTicOlVwyrEVY="}},"wPBj/HTagfe1Jl8a5i3UvvmtdAzfnRamUs+Q71x9nxM=":{"valueMac":{"type":"Buffer","data":"glP7ejuNyKZKlHhe20ba/673E/fnDay0VQ5lMNE3oB8="}}}}