{"_sessions":{"BdznsL87QhqO6KcaO+tZ9w7s5NRBEXHeehpqF2p4JjNg":{"registrationId":14476,"currentRatchet":{"ephemeralKeyPair":{"pubKey":"Bdci1PqbFqZmCJtPkzbXM3X+OzGadowFQ7vaPzFWZNlv","privKey":"KLb+MM7QzzQH25fHAoYLoCYUXtOYlX9P6qNwJwHLqX0="},"lastRemoteEphemeralKey":"BQJVZECksjZh3U4rzigGEDb/ZYmeAKjAD5UD+GKWljs9","previousCounter":0,"rootKey":"nGyOpi8bbyoiMT0I0M5rqdaOx+Mx8W9hM7eBT6beUps="},"indexInfo":{"baseKey":"BdznsL87QhqO6KcaO+tZ9w7s5NRBEXHeehpqF2p4JjNg","baseKeyType":1,"closed":-1,"used":1759877806778,"created":1759877806778,"remoteIdentityKey":"Bdzn8YNAZN5yTRidZ1GPC5Ze1jw2V6Fk9+b6EMHSIcJk"},"_chains":{"Bdci1PqbFqZmCJtPkzbXM3X+OzGadowFQ7vaPzFWZNlv":{"chainKey":{"counter":2,"key":"0fkMcuYsdNyo6Ylm48AuHEn5yS7OBPcyi1dpvnFLDh8="},"chainType":1,"messageKeys":{}}},"pendingPreKey":{"signedKeyId":1,"baseKey":"BdznsL87QhqO6KcaO+tZ9w7s5NRBEXHeehpqF2p4JjNg","preKeyId":792}}},"version":"v1"}