{"_sessions":{"BYI/nQv4/bN00lTnpwAoNm31MgylZvhB5Wbqpm7yZfpE":{"registrationId":1337954545,"currentRatchet":{"ephemeralKeyPair":{"pubKey":"BeilGcaOzrWMteIPf5p70ToBk27XtHFqR+xrBkiZHfdk","privKey":"cGz7BnC3ihNIwlYXbSSnqsUviJ4/y1Rtdki06tJCmEI="},"lastRemoteEphemeralKey":"BU33mVde/yi24mH0Sm1vzzMoSZsawoTrAoNZYpoxfmdZ","previousCounter":0,"rootKey":"UxtiGblZSkN97BGwJ6wtfZrN5q+vpNQ3ZTNfMXGm4+Y="},"indexInfo":{"baseKey":"BYI/nQv4/bN00lTnpwAoNm31MgylZvhB5Wbqpm7yZfpE","baseKeyType":1,"closed":-1,"used":1759877806573,"created":1759877806573,"remoteIdentityKey":"Bb9wg1yweCCHAzGdGmY0UftRP+AMuqOW/vYlsoQO8a5A"},"_chains":{"BeilGcaOzrWMteIPf5p70ToBk27XtHFqR+xrBkiZHfdk":{"chainKey":{"counter":2,"key":"fGta1jIzfCbaIh7X8ft6VvFB+qiE+4oF9xu/g8/s23g="},"chainType":1,"messageKeys":{}}},"pendingPreKey":{"signedKeyId":1,"baseKey":"BYI/nQv4/bN00lTnpwAoNm31MgylZvhB5Wbqpm7yZfpE","preKeyId":15044659}}},"version":"v1"}