{"_sessions":{"BZJEqO9RyjYTb14R2djrKmDYVHpaqj9N/7i3tT9npb5k":{"registrationId":1944909516,"currentRatchet":{"ephemeralKeyPair":{"pubKey":"Ba5A01AORILR8nNz8lNXlvz2/tI9e21VJ4j1AQ8o3WNR","privKey":"uHq5yX0ZyFKwKVVzUu9+z85u/kOZkByw9wrNLWgS2kA="},"lastRemoteEphemeralKey":"BUcUr+SWiNjpy9fv4x38IcUqAUTel7CfKH2rMv6Ex6NO","previousCounter":0,"rootKey":"hehJ5CxpdWeVY61+xqj/veVug2wBhSET1++lBFeN7tc="},"indexInfo":{"baseKey":"BZJEqO9RyjYTb14R2djrKmDYVHpaqj9N/7i3tT9npb5k","baseKeyType":1,"closed":-1,"used":1759877806677,"created":1759877806677,"remoteIdentityKey":"BUczSDGGJrxQAZCQg57L+RBV/1E+Msg+Yfo+SyyvbrgF"},"_chains":{"Ba5A01AORILR8nNz8lNXlvz2/tI9e21VJ4j1AQ8o3WNR":{"chainKey":{"counter":2,"key":"tlxV1PTfDloTHLCs56k34KyAdwqncth41Nuwu73YKPY="},"chainType":1,"messageKeys":{}}},"pendingPreKey":{"signedKeyId":3,"baseKey":"BZJEqO9RyjYTb14R2djrKmDYVHpaqj9N/7i3tT9npb5k","preKeyId":9746427}}},"version":"v1"}