{"_sessions":{"BZ/guCBPRlb79lVZ+bEzKCNwuFPjC8i8U8paKjkuZbIU":{"registrationId":1613737970,"currentRatchet":{"ephemeralKeyPair":{"pubKey":"Bcf85FBmC3eJYzKVOmQh4uABigDuz1Tp5y2A0gJ5rJFe","privKey":"qOfRjB9cWHCIJsYZQjlpaSRIcDsPEAvfMyasJ00sA3s="},"lastRemoteEphemeralKey":"BY/bKYIdw9H2hB6ELmxH2jZXX5xpB6NFG1SGwtzYE7Qp","previousCounter":0,"rootKey":"xeXRhTPA00NvHHsWTpxPKSFsL0SXThu41ha5nxPYix8="},"indexInfo":{"baseKey":"BZ/guCBPRlb79lVZ+bEzKCNwuFPjC8i8U8paKjkuZbIU","baseKeyType":1,"closed":-1,"used":1759877806620,"created":1759877806620,"remoteIdentityKey":"BQbw+RX70/0g1wmdikX1wOIVZigkLOhLyclGzPR3Q98F"},"_chains":{"Bcf85FBmC3eJYzKVOmQh4uABigDuz1Tp5y2A0gJ5rJFe":{"chainKey":{"counter":2,"key":"B2GBg/nbcpHAz02U6IxagUgC380Py49PEf938e0lb7w="},"chainType":1,"messageKeys":{}}},"pendingPreKey":{"signedKeyId":2,"baseKey":"BZ/guCBPRlb79lVZ+bEzKCNwuFPjC8i8U8paKjkuZbIU","preKeyId":10572264}}},"version":"v1"}