{"_sessions":{"BfILNQSG50GVpReeA4PeRxUxnAxnzyNY0crjyVhBqIBc":{"registrationId":105,"currentRatchet":{"ephemeralKeyPair":{"pubKey":"BXe2sK2GPf8XaXjhe6IURI5Ea3u557nz0RSv+kfZUKJ+","privKey":"AJorbsLdnMrkPt5QTqeYBTGfK+LI9BlZhRa/GqQAR1I="},"lastRemoteEphemeralKey":"BWHyMe+hwVgvczTTrlVAp6VIzbcuQVT3tmVwX4UfcY54","previousCounter":0,"rootKey":"G4JiNokA7oT6bVu1xv/xpUzxZKcgDDrrZvmmJwCYi2Y="},"indexInfo":{"baseKey":"BfILNQSG50GVpReeA4PeRxUxnAxnzyNY0crjyVhBqIBc","baseKeyType":1,"closed":1759878129057,"used":1759877806744,"created":1759877806744,"remoteIdentityKey":"BUM4CezUaVQBI9c2NdZpnuE0vOkGUHoPmVPH/EVlu+NQ"},"_chains":{"BXe2sK2GPf8XaXjhe6IURI5Ea3u557nz0RSv+kfZUKJ+":{"chainKey":{"counter":0,"key":"te+mQab/i3HF0XlGlDXe4kwdK8osiZAZ8ZcxjfTa74s="},"chainType":1,"messageKeys":{}}},"pendingPreKey":{"signedKeyId":1,"baseKey":"BfILNQSG50GVpReeA4PeRxUxnAxnzyNY0crjyVhBqIBc","preKeyId":856}},"BXu1iuHaVq30S3tUbM+y5HR310Egpy0fuIvHUsy4t9JS":{"registrationId":105,"currentRatchet":{"ephemeralKeyPair":{"pubKey":"BakyI0p7iCZ4CMjCwNMQH0mMKNWa1lz1xpyRJCx5pvRd","privKey":"8IIAIItLIqPFkF2HB8Q27esqnlHQqU6hKzf77FAAZHA="},"lastRemoteEphemeralKey":"BWHyMe+hwVgvczTTrlVAp6VIzbcuQVT3tmVwX4UfcY54","previousCounter":0,"rootKey":"KzSDTAHMTDCA5UDYp/7RI+PbEc9gyc6Qh/HusmRmeMk="},"indexInfo":{"baseKey":"BXu1iuHaVq30S3tUbM+y5HR310Egpy0fuIvHUsy4t9JS","baseKeyType":1,"closed":1759878176863,"used":1759878129053,"created":1759878129053,"remoteIdentityKey":"BUM4CezUaVQBI9c2NdZpnuE0vOkGUHoPmVPH/EVlu+NQ"},"_chains":{"BakyI0p7iCZ4CMjCwNMQH0mMKNWa1lz1xpyRJCx5pvRd":{"chainKey":{"counter":0,"key":"KDh9LaG+F7O+UzSsG1rktDb/GkAi6GUdXGcj+8LzXNY="},"chainType":1,"messageKeys":{}}},"pendingPreKey":{"signedKeyId":1,"baseKey":"BXu1iuHaVq30S3tUbM+y5HR310Egpy0fuIvHUsy4t9JS","preKeyId":841}},"BfbgtVWUmTzeL5G4v4AThb0SdaxdYhlb6TGBRZqWiNYT":{"registrationId":105,"currentRatchet":{"ephemeralKeyPair":{"pubKey":"BcElFeW5bckC/8cfC2kEpmmm80X0rxz47kqjlZIVvvp1","privKey":"6Pw8bBP8jf/KW6S9p4m1LyuvAwo0mGu7lWOnoicMGUs="},"lastRemoteEphemeralKey":"BWHyMe+hwVgvczTTrlVAp6VIzbcuQVT3tmVwX4UfcY54","previousCounter":0,"rootKey":"geIwVXKJAFcfybj+UuC6JHyfwY/p86iGL/c6cv382wI="},"indexInfo":{"baseKey":"BfbgtVWUmTzeL5G4v4AThb0SdaxdYhlb6TGBRZqWiNYT","baseKeyType":1,"closed":1759878208463,"used":1759878176857,"created":1759878176857,"remoteIdentityKey":"BUM4CezUaVQBI9c2NdZpnuE0vOkGUHoPmVPH/EVlu+NQ"},"_chains":{"BcElFeW5bckC/8cfC2kEpmmm80X0rxz47kqjlZIVvvp1":{"chainKey":{"counter":0,"key":"Ypgtkqr78270dP4T49vWhIZ9VN0RTz54N16zaNAvqHM="},"chainType":1,"messageKeys":{}}},"pendingPreKey":{"signedKeyId":1,"baseKey":"BfbgtVWUmTzeL5G4v4AThb0SdaxdYhlb6TGBRZqWiNYT","preKeyId":830}},"Bf0hglRkEUCkIOm6mLWC4Nv256q6WjZ4AiCBrxFelqkz":{"registrationId":105,"currentRatchet":{"ephemeralKeyPair":{"pubKey":"BfbbHeFzbTDRpY46tFaLslmMhnG1P8NWPjzDw9cv3Vpo","privKey":"aFSNGte9gS9NUemHba6s2IcqOxP37Zdd5qQvzY6xXVk="},"lastRemoteEphemeralKey":"BWHyMe+hwVgvczTTrlVAp6VIzbcuQVT3tmVwX4UfcY54","previousCounter":0,"rootKey":"HMx8AQ0JQrtKgcfI0xZHPAwwD+Qp8gXf1OP9Aq1VO1M="},"indexInfo":{"baseKey":"Bf0hglRkEUCkIOm6mLWC4Nv256q6WjZ4AiCBrxFelqkz","baseKeyType":1,"closed":1759878229705,"used":1759878208460,"created":1759878208460,"remoteIdentityKey":"BUM4CezUaVQBI9c2NdZpnuE0vOkGUHoPmVPH/EVlu+NQ"},"_chains":{"BfbbHeFzbTDRpY46tFaLslmMhnG1P8NWPjzDw9cv3Vpo":{"chainKey":{"counter":-1,"key":"nutN4jKefzCZI+8k4RJEhSSUe3GUgZpGuM08u6AWlck="},"chainType":1,"messageKeys":{}}},"pendingPreKey":{"signedKeyId":1,"baseKey":"Bf0hglRkEUCkIOm6mLWC4Nv256q6WjZ4AiCBrxFelqkz","preKeyId":849}},"BQsS2+521oGoPYL6utQ//Gxfzdfvz6pIu/mGk1xaBNE6":{"registrationId":105,"currentRatchet":{"ephemeralKeyPair":{"pubKey":"BUeTX8W0XCMPSbUaFXlxwQJ43ZcpAyX/gU06IzqVJDwh","privKey":"AESJ+vTZtx+UH08wbUt1PNIEfIhdq78e1vxy0mEim1o="},"lastRemoteEphemeralKey":"BWHyMe+hwVgvczTTrlVAp6VIzbcuQVT3tmVwX4UfcY54","previousCounter":0,"rootKey":"iEF8MkTuumnFoYUwKt+A+Ld4JIBsgsyjcGQXjRVpMEM="},"indexInfo":{"baseKey":"BQsS2+521oGoPYL6utQ//Gxfzdfvz6pIu/mGk1xaBNE6","baseKeyType":1,"closed":1759878293864,"used":1759878229703,"created":1759878229703,"remoteIdentityKey":"BUM4CezUaVQBI9c2NdZpnuE0vOkGUHoPmVPH/EVlu+NQ"},"_chains":{"BUeTX8W0XCMPSbUaFXlxwQJ43ZcpAyX/gU06IzqVJDwh":{"chainKey":{"counter":-1,"key":"xFBntlUV4CN11U3hBTpneBJjiEvz5Gu5hGyNwCcCoSQ="},"chainType":1,"messageKeys":{}}},"pendingPreKey":{"signedKeyId":1,"baseKey":"BQsS2+521oGoPYL6utQ//Gxfzdfvz6pIu/mGk1xaBNE6","preKeyId":839}},"BcThkpFzBs4NHI/u/8neo0ZkkrSDXcUTjKrO79s6Gr0G":{"registrationId":105,"currentRatchet":{"ephemeralKeyPair":{"pubKey":"BbQYQ0ZkXICt5e7jHnFjkjWAyGODdLjzBC/r7Q1wjcN0","privKey":"sLh7nmph7aS9zkN4beZsSCvHkVGVD1awNY73fhyJxFI="},"lastRemoteEphemeralKey":"BWHyMe+hwVgvczTTrlVAp6VIzbcuQVT3tmVwX4UfcY54","previousCounter":0,"rootKey":"vo6hOhhNmJU2G/xDbrZKWs3kgVyTuLKewc651uZxzXE="},"indexInfo":{"baseKey":"BcThkpFzBs4NHI/u/8neo0ZkkrSDXcUTjKrO79s6Gr0G","baseKeyType":1,"closed":1759878325431,"used":1759878293862,"created":1759878293862,"remoteIdentityKey":"BUM4CezUaVQBI9c2NdZpnuE0vOkGUHoPmVPH/EVlu+NQ"},"_chains":{"BbQYQ0ZkXICt5e7jHnFjkjWAyGODdLjzBC/r7Q1wjcN0":{"chainKey":{"counter":-1,"key":"wvV6QKbMrrbhLDXndMZxAXMnVQXdcsosUVYxQfVgCcU="},"chainType":1,"messageKeys":{}}},"pendingPreKey":{"signedKeyId":1,"baseKey":"BcThkpFzBs4NHI/u/8neo0ZkkrSDXcUTjKrO79s6Gr0G","preKeyId":852}},"BcDd5nEYVhH0DwCdLuRuetJmomPKiRbRUdi/XkavFPVu":{"registrationId":105,"currentRatchet":{"ephemeralKeyPair":{"pubKey":"Bc+QVj8uTcXEKwpZykNJhnUPxBaP0blKZJYkFxVALVst","privKey":"oDbx63wmMuJUb7aev5bwuTqEiHlnalVT/U2A+vn4W3k="},"lastRemoteEphemeralKey":"BWHyMe+hwVgvczTTrlVAp6VIzbcuQVT3tmVwX4UfcY54","previousCounter":0,"rootKey":"bjJYsXLvNKxVuEzSNAeaAo2Dme3zCwbncIaofTLlEtY="},"indexInfo":{"baseKey":"BcDd5nEYVhH0DwCdLuRuetJmomPKiRbRUdi/XkavFPVu","baseKeyType":1,"closed":1759878348196,"used":1759878325425,"created":1759878325425,"remoteIdentityKey":"BUM4CezUaVQBI9c2NdZpnuE0vOkGUHoPmVPH/EVlu+NQ"},"_chains":{"Bc+QVj8uTcXEKwpZykNJhnUPxBaP0blKZJYkFxVALVst":{"chainKey":{"counter":-1,"key":"mLch8UCYm4B5ssXXcGThK71da9glDrjAVdLAI8BRcdU="},"chainType":1,"messageKeys":{}}},"pendingPreKey":{"signedKeyId":1,"baseKey":"BcDd5nEYVhH0DwCdLuRuetJmomPKiRbRUdi/XkavFPVu","preKeyId":831}},"BXjTjzOBwdG8W2aFkpiBjvLii4mOHgR8OKAOxLM6a7Q0":{"registrationId":105,"currentRatchet":{"ephemeralKeyPair":{"pubKey":"BQ2pJ70GO9cT3zAcFqMAX2oAM7lD3aUYZt3VFw21VPY9","privKey":"OGp3baaDwdvUj9AMF82PqYzeIb44DrDHXu1M+g4qDGo="},"lastRemoteEphemeralKey":"BWHyMe+hwVgvczTTrlVAp6VIzbcuQVT3tmVwX4UfcY54","previousCounter":0,"rootKey":"5CSz3lHJpWeZt9I8m6O6mdk8t88xGZumo8cFqwdviqg="},"indexInfo":{"baseKey":"BXjTjzOBwdG8W2aFkpiBjvLii4mOHgR8OKAOxLM6a7Q0","baseKeyType":1,"closed":1759878386458,"used":1759878348194,"created":1759878348194,"remoteIdentityKey":"BUM4CezUaVQBI9c2NdZpnuE0vOkGUHoPmVPH/EVlu+NQ"},"_chains":{"BQ2pJ70GO9cT3zAcFqMAX2oAM7lD3aUYZt3VFw21VPY9":{"chainKey":{"counter":-1,"key":"lDbLN4iS80iaMSF+KivWsCqQhgAfCfax1WP+R3z0P6M="},"chainType":1,"messageKeys":{}}},"pendingPreKey":{"signedKeyId":1,"baseKey":"BXjTjzOBwdG8W2aFkpiBjvLii4mOHgR8OKAOxLM6a7Q0","preKeyId":851}},"Bcig5guIPVOQZfYE67B7dUID89+2sl+/bsxRQUkSSCZb":{"registrationId":105,"currentRatchet":{"ephemeralKeyPair":{"pubKey":"Bfh9zSnIQGOv4oJNYtJc1oW0KaEHuoUsmphFvUI16F0E","privKey":"yDkG+pLsukdQvKHklp/KKRQlna1YS8fgaI7MHV0zXFI="},"lastRemoteEphemeralKey":"BWHyMe+hwVgvczTTrlVAp6VIzbcuQVT3tmVwX4UfcY54","previousCounter":0,"rootKey":"Rzc+w6b2n17eRbLWhkLZJfgd0T8C2YN9JDVi61yEF2U="},"indexInfo":{"baseKey":"Bcig5guIPVOQZfYE67B7dUID89+2sl+/bsxRQUkSSCZb","baseKeyType":1,"closed":1759878402368,"used":1759878386456,"created":1759878386456,"remoteIdentityKey":"BUM4CezUaVQBI9c2NdZpnuE0vOkGUHoPmVPH/EVlu+NQ"},"_chains":{"Bfh9zSnIQGOv4oJNYtJc1oW0KaEHuoUsmphFvUI16F0E":{"chainKey":{"counter":-1,"key":"o4SWMvfM+NXDwh+ORYldfr406UgIDsFrW+f/wZRY3Vk="},"chainType":1,"messageKeys":{}}},"pendingPreKey":{"signedKeyId":1,"baseKey":"Bcig5guIPVOQZfYE67B7dUID89+2sl+/bsxRQUkSSCZb","preKeyId":840}},"BQxqzOMpY/yloyLIO9Gs29EGVRc4EOWRXzDKIkuK0jwJ":{"registrationId":105,"currentRatchet":{"ephemeralKeyPair":{"pubKey":"Bd5B7Avd0Fa44wPOD5QSVudYNmacjsnpBgE3ZT51wzQN","privKey":"EKyMOGXqbEth+ikgZBavB59uIKNQbThEXyTvTCmJpUc="},"lastRemoteEphemeralKey":"BWHyMe+hwVgvczTTrlVAp6VIzbcuQVT3tmVwX4UfcY54","previousCounter":0,"rootKey":"7IiT3u1aEG7MfOle+J9ZaLtUpK7pLkAaC8hAvI7N3yQ="},"indexInfo":{"baseKey":"BQxqzOMpY/yloyLIO9Gs29EGVRc4EOWRXzDKIkuK0jwJ","baseKeyType":1,"closed":1759878435270,"used":1759878402367,"created":1759878402367,"remoteIdentityKey":"BUM4CezUaVQBI9c2NdZpnuE0vOkGUHoPmVPH/EVlu+NQ"},"_chains":{"Bd5B7Avd0Fa44wPOD5QSVudYNmacjsnpBgE3ZT51wzQN":{"chainKey":{"counter":-1,"key":"9D3kD/czFIOhDkHgmIwMzwUUbVn0qibpBe7F6qP5Rrc="},"chainType":1,"messageKeys":{}}},"pendingPreKey":{"signedKeyId":1,"baseKey":"BQxqzOMpY/yloyLIO9Gs29EGVRc4EOWRXzDKIkuK0jwJ","preKeyId":846}},"BcvBn8ZfSTRQXXVrdOyLYsrrhw1gjHt9lLVWLlp8f95w":{"registrationId":105,"currentRatchet":{"ephemeralKeyPair":{"pubKey":"BdzPwBPTUfqKoQG3TQwKLMYeZP5S2714CFGjl48QpeU2","privKey":"2OVXC18F18CMAPNSm2LGM1tRA5HbrWUW7nWH8Offo0M="},"lastRemoteEphemeralKey":"BWHyMe+hwVgvczTTrlVAp6VIzbcuQVT3tmVwX4UfcY54","previousCounter":0,"rootKey":"1Udm/GQaZd9SUPH+QN8A7J7I7idasDL/pJY7SVa3otM="},"indexInfo":{"baseKey":"BcvBn8ZfSTRQXXVrdOyLYsrrhw1gjHt9lLVWLlp8f95w","baseKeyType":1,"closed":1759878446053,"used":1759878435268,"created":1759878435268,"remoteIdentityKey":"BUM4CezUaVQBI9c2NdZpnuE0vOkGUHoPmVPH/EVlu+NQ"},"_chains":{"BdzPwBPTUfqKoQG3TQwKLMYeZP5S2714CFGjl48QpeU2":{"chainKey":{"counter":-1,"key":"KOtg9wlCsnk6eqZmN4KsMl61xlmXP7ec+jGEm7570E4="},"chainType":1,"messageKeys":{}}},"pendingPreKey":{"signedKeyId":1,"baseKey":"BcvBn8ZfSTRQXXVrdOyLYsrrhw1gjHt9lLVWLlp8f95w","preKeyId":854}},"BZ3SUMjRfJY9RcouCMIASXX+iqsER1Lv9dsXQb2jAThO":{"registrationId":105,"currentRatchet":{"ephemeralKeyPair":{"pubKey":"BaQF+rI6uKXUkq+0oqKY8OeD9Wu28vywTOPdCPFRu/0K","privKey":"AA5I5YWsQgLT7NXHFAE1NVzDbhkxF699/h9jCbM2B1Y="},"lastRemoteEphemeralKey":"BWHyMe+hwVgvczTTrlVAp6VIzbcuQVT3tmVwX4UfcY54","previousCounter":0,"rootKey":"ckj/BiPOOBuXl3FM7SN5ugx/NA8LS4UxmJjuau9wdEo="},"indexInfo":{"baseKey":"BZ3SUMjRfJY9RcouCMIASXX+iqsER1Lv9dsXQb2jAThO","baseKeyType":1,"closed":1759878473459,"used":1759878446051,"created":1759878446051,"remoteIdentityKey":"BUM4CezUaVQBI9c2NdZpnuE0vOkGUHoPmVPH/EVlu+NQ"},"_chains":{"BaQF+rI6uKXUkq+0oqKY8OeD9Wu28vywTOPdCPFRu/0K":{"chainKey":{"counter":-1,"key":"6VSttB5ksi6zZD6dp7SeNyNl0JcNEoECxCiI4nnr4R4="},"chainType":1,"messageKeys":{}}},"pendingPreKey":{"signedKeyId":1,"baseKey":"BZ3SUMjRfJY9RcouCMIASXX+iqsER1Lv9dsXQb2jAThO","preKeyId":850}},"BRHclB176oSJkMJPX3CPIE4PO1UO99vsIMbPfvD/VzM1":{"registrationId":105,"currentRatchet":{"ephemeralKeyPair":{"pubKey":"BekFZIpBxR+kHnc+OspzBh7OH42Yti3NqSLMXGRLxAA+","privKey":"QOgzzULa+2uJnCd5IrswXA08kfWXNamY/CV/+E7xwFM="},"lastRemoteEphemeralKey":"BWHyMe+hwVgvczTTrlVAp6VIzbcuQVT3tmVwX4UfcY54","previousCounter":0,"rootKey":"AniokjekXaAtA8L6aONApniKTDNCCdmyegZb9mg4hFE="},"indexInfo":{"baseKey":"BRHclB176oSJkMJPX3CPIE4PO1UO99vsIMbPfvD/VzM1","baseKeyType":1,"closed":1759878508364,"used":1759878473457,"created":1759878473457,"remoteIdentityKey":"BUM4CezUaVQBI9c2NdZpnuE0vOkGUHoPmVPH/EVlu+NQ"},"_chains":{"BekFZIpBxR+kHnc+OspzBh7OH42Yti3NqSLMXGRLxAA+":{"chainKey":{"counter":-1,"key":"0/vW87D1xuqAaWgeEqRqOPxprpFVre4aBR1ueDkAe5s="},"chainType":1,"messageKeys":{}}},"pendingPreKey":{"signedKeyId":1,"baseKey":"BRHclB176oSJkMJPX3CPIE4PO1UO99vsIMbPfvD/VzM1"}},"BeyBicAup3JnVQUN5et7g7GbCZd6FAMsKfyqeBKXHxFX":{"registrationId":105,"currentRatchet":{"ephemeralKeyPair":{"pubKey":"BZX/1VQrQciiGtMOMn/jLpksN2zSEEBGCkthEy3ZKQko","privKey":"cPziTnHxHp4AOokVGnA6DiR9Bm7Wxh0Cj7eS2Or/Xmk="},"lastRemoteEphemeralKey":"BSEAbjDSHOzntH4ySnFv+rvoupWHwczmBShT2O48kT9c","previousCounter":0,"rootKey":"77oiNQzCe1GC2dNbWg58HYsl2I4QUTteTTkVC5qO2Qg="},"indexInfo":{"baseKey":"BeyBicAup3JnVQUN5et7g7GbCZd6FAMsKfyqeBKXHxFX","baseKeyType":2,"closed":1759878508669,"used":1759878508365,"created":1759878508365,"remoteIdentityKey":"BUM4CezUaVQBI9c2NdZpnuE0vOkGUHoPmVPH/EVlu+NQ"},"_chains":{"BSEAbjDSHOzntH4ySnFv+rvoupWHwczmBShT2O48kT9c":{"chainKey":{"counter":0,"key":"b7Yzbsh9KQM4Li80T8Db2+5iIfujSWN5y4uAayhwkv8="},"chainType":2,"messageKeys":{}},"BZX/1VQrQciiGtMOMn/jLpksN2zSEEBGCkthEy3ZKQko":{"chainKey":{"counter":-1,"key":"fGoPHOaihafcpxlyfN27bb/10MnYpGbw4HZm2vg7rKA="},"chainType":1,"messageKeys":{}}}},"BZNcSCyja4+x6ZUnaRC+mY4oBPnSHl0aGrZFWDLPYbkK":{"registrationId":105,"currentRatchet":{"ephemeralKeyPair":{"pubKey":"BYnX5bv/gpeBNqNzLWpXvX4/mshg/iQ7QeHe/83WgYY+","privKey":"yCNUhdTVME+rQ/qq7AL3AIjbu5ZYg+QEKSyeT3A6gmM="},"lastRemoteEphemeralKey":"BWHyMe+hwVgvczTTrlVAp6VIzbcuQVT3tmVwX4UfcY54","previousCounter":0,"rootKey":"0jAukkSIjV1PrKWzbks1nAVynQ0IKMdWS0pMgzg9Zy8="},"indexInfo":{"baseKey":"BZNcSCyja4+x6ZUnaRC+mY4oBPnSHl0aGrZFWDLPYbkK","baseKeyType":1,"closed":1759878541468,"used":1759878508664,"created":1759878508664,"remoteIdentityKey":"BUM4CezUaVQBI9c2NdZpnuE0vOkGUHoPmVPH/EVlu+NQ"},"_chains":{"BYnX5bv/gpeBNqNzLWpXvX4/mshg/iQ7QeHe/83WgYY+":{"chainKey":{"counter":-1,"key":"2UwgsOJKuw0z/D9sIwlDnGGFoIpp1h08i3fR3y6l5/8="},"chainType":1,"messageKeys":{}}},"pendingPreKey":{"signedKeyId":1,"baseKey":"BZNcSCyja4+x6ZUnaRC+mY4oBPnSHl0aGrZFWDLPYbkK"}},"BXxeOKU9WSVfMxpFcRnwc55YckDxoXqoNODBhw7GVxJB":{"registrationId":105,"currentRatchet":{"ephemeralKeyPair":{"pubKey":"BbTLtfQhv6aO+OrUxXs8sMMY4UPGMVDSwq0sLoTwL3Zq","privKey":"EP86a1B+0H4yjZ2Nz1xIFqCJJP97DSEAsYDZWEBGmk4="},"lastRemoteEphemeralKey":"BWHyMe+hwVgvczTTrlVAp6VIzbcuQVT3tmVwX4UfcY54","previousCounter":0,"rootKey":"jYzG61BIlAajYj+XFnYl2I9QXQ71WdJQUjFhWL+9tJM="},"indexInfo":{"baseKey":"BXxeOKU9WSVfMxpFcRnwc55YckDxoXqoNODBhw7GVxJB","baseKeyType":1,"closed":1759878621086,"used":1759878541467,"created":1759878541467,"remoteIdentityKey":"BUM4CezUaVQBI9c2NdZpnuE0vOkGUHoPmVPH/EVlu+NQ"},"_chains":{"BbTLtfQhv6aO+OrUxXs8sMMY4UPGMVDSwq0sLoTwL3Zq":{"chainKey":{"counter":-1,"key":"b21bKu+7+nVNRQxW4WouguFuGfAclFpbud0FkdzuzNk="},"chainType":1,"messageKeys":{}}},"pendingPreKey":{"signedKeyId":1,"baseKey":"BXxeOKU9WSVfMxpFcRnwc55YckDxoXqoNODBhw7GVxJB"}},"BTzYbP5FrY6+G5Zitasdy8DXO6LBE0yjCO9wszNVjqJ9":{"registrationId":105,"currentRatchet":{"ephemeralKeyPair":{"pubKey":"BfdtJuh5aWhY4vZMB8QmPn83xtdIgmtu4C5oDMXRL9hr","privKey":"AGGebDxpTuWUMg2KU1jilVx7hwO3doCCYW+1QqvVJGo="},"lastRemoteEphemeralKey":"BWHyMe+hwVgvczTTrlVAp6VIzbcuQVT3tmVwX4UfcY54","previousCounter":0,"rootKey":"oSXFsCIGW994nmtsZdCL6CV2vBVMhNZtdSuvNg0KLsU="},"indexInfo":{"baseKey":"BTzYbP5FrY6+G5Zitasdy8DXO6LBE0yjCO9wszNVjqJ9","baseKeyType":1,"closed":1759878689690,"used":1759878621085,"created":1759878621085,"remoteIdentityKey":"BUM4CezUaVQBI9c2NdZpnuE0vOkGUHoPmVPH/EVlu+NQ"},"_chains":{"BfdtJuh5aWhY4vZMB8QmPn83xtdIgmtu4C5oDMXRL9hr":{"chainKey":{"counter":-1,"key":"G+X80BwbNOb+rzl0N3fkXxy9UMQAAHOTe8MOpMpj3zg="},"chainType":1,"messageKeys":{}}},"pendingPreKey":{"signedKeyId":1,"baseKey":"BTzYbP5FrY6+G5Zitasdy8DXO6LBE0yjCO9wszNVjqJ9"}},"BQVzsPqjO/8H+wpSpDezX8kEqDkXTbi9t9mONJROtBZn":{"registrationId":105,"currentRatchet":{"ephemeralKeyPair":{"pubKey":"BZoh832qkI77eMmcvIBSKc34w95Za9zV7I8eIkAupPYx","privKey":"sGl/2wFKUQJD+VYLwRhMzu97wQdEdjZIbMbfcU/uvnc="},"lastRemoteEphemeralKey":"BWHyMe+hwVgvczTTrlVAp6VIzbcuQVT3tmVwX4UfcY54","previousCounter":0,"rootKey":"JjCkCqIVmS0bNEKGlqFv2YdepoUtPk1+K2mUqlSROwY="},"indexInfo":{"baseKey":"BQVzsPqjO/8H+wpSpDezX8kEqDkXTbi9t9mONJROtBZn","baseKeyType":1,"closed":-1,"used":1759878689688,"created":1759878689688,"remoteIdentityKey":"BUM4CezUaVQBI9c2NdZpnuE0vOkGUHoPmVPH/EVlu+NQ"},"_chains":{"BZoh832qkI77eMmcvIBSKc34w95Za9zV7I8eIkAupPYx":{"chainKey":{"counter":-1,"key":"qCVxjhcdJHWznNC3y0EsljC5Qpkqhchtzt16H2IY0po="},"chainType":1,"messageKeys":{}}},"pendingPreKey":{"signedKeyId":1,"baseKey":"BQVzsPqjO/8H+wpSpDezX8kEqDkXTbi9t9mONJROtBZn"}}},"version":"v1"}