{"_sessions":{"BXJjl4gWE+yk824tWYCxYqT1my6fNcsUlNwqJ98E+dRm":{"registrationId":1960368085,"currentRatchet":{"ephemeralKeyPair":{"pubKey":"BfVyPW6gVHsFkc7qkHVGbo35Oj0+1ZgEkbSONaIlZ2x9","privKey":"gHoDxlL1K8OPOLNvyb5Dt2bqVyv+khUv1Lwm3GnN3mY="},"lastRemoteEphemeralKey":"BRC0Bmwe8Hx3VAUMba1NItkaOPi7lXCmsqFaRxBrO7wA","previousCounter":0,"rootKey":"I4AOMiOfDvgwKBAjkqHmwYPLxR8q7mA9xXC1dib8KYI="},"indexInfo":{"baseKey":"BXJjl4gWE+yk824tWYCxYqT1my6fNcsUlNwqJ98E+dRm","baseKeyType":1,"closed":-1,"used":1759877806772,"created":1759877806772,"remoteIdentityKey":"BUyqFj8ELMwCes2fYD+XrobEt7zS+INFaiGzO4CNr2N4"},"_chains":{"BfVyPW6gVHsFkc7qkHVGbo35Oj0+1ZgEkbSONaIlZ2x9":{"chainKey":{"counter":2,"key":"gOZbnFZPto0JXR1vNmS/IVNYmPgm4bpNwyW6e7KUBes="},"chainType":1,"messageKeys":{}}},"pendingPreKey":{"signedKeyId":37,"baseKey":"BXJjl4gWE+yk824tWYCxYqT1my6fNcsUlNwqJ98E+dRm","preKeyId":8766}}},"version":"v1"}