{"_sessions":{"BSZkEDIB2aFDI94on4yBGkl/+BMFMcYhdDKOZOwA9URW":{"registrationId":1303760456,"currentRatchet":{"ephemeralKeyPair":{"pubKey":"BQjITQxO5t9EKv1gJNw9v46wLmC5cWEuhxcfl1ccSVMn","privKey":"MMIgPCWRzNqTfyBRib64yqLVmkZjTTVpxlXBBxzus2I="},"lastRemoteEphemeralKey":"BZ6KtNSuRf3QaGMb0ZMjp4YJLyWi4AT9x9g8DrN9xNAi","previousCounter":0,"rootKey":"FbjmSRrpYMZKh4GQyXH+73aMtssJX6rFM5l2vlmu5cY="},"indexInfo":{"baseKey":"BSZkEDIB2aFDI94on4yBGkl/+BMFMcYhdDKOZOwA9URW","baseKeyType":1,"closed":-1,"used":1759877806395,"created":1759877806395,"remoteIdentityKey":"BYxNUVUUe1vMUt3tO2O/eEaTSHCTj3w2I0pbsZmO2DQq"},"_chains":{"BQjITQxO5t9EKv1gJNw9v46wLmC5cWEuhxcfl1ccSVMn":{"chainKey":{"counter":2,"key":"h5D/kPPA12UVfH3yIMS4Zi8HpeCkvk0T9HN/LqX1Qxw="},"chainType":1,"messageKeys":{}}},"pendingPreKey":{"signedKeyId":3183896,"baseKey":"BSZkEDIB2aFDI94on4yBGkl/+BMFMcYhdDKOZOwA9URW","preKeyId":7272}}},"version":"v1"}