{"_sessions":{"BW+uC+5EEloyjNYsPBytJEtrgWdHaRnMe9Hm8pconedR":{"registrationId":1290306500,"currentRatchet":{"ephemeralKeyPair":{"pubKey":"BYs6eKPufApL4ueSS2BSWrbvpZUr+nJVbk0ctjcGREp8","privKey":"iN/ppXAUGgSvYolW3GZpWrVvB4JLSt/u8G97d0eft1U="},"lastRemoteEphemeralKey":"BZ/qRJWmCl4xkek2Na8KV7wRT1AZbIhQhMebqw7WuUcy","previousCounter":0,"rootKey":"vJWDzWPFdEVDahj8Q9OCOns+H7cVSbd5Gx8XvNT0X1U="},"indexInfo":{"baseKey":"BW+uC+5EEloyjNYsPBytJEtrgWdHaRnMe9Hm8pconedR","baseKeyType":1,"closed":-1,"used":1759877806496,"created":1759877806496,"remoteIdentityKey":"BUTLedRNxRn5TjKM8Yj9eFMyq3EeI5neGiR5HuAo+lcE"},"_chains":{"BYs6eKPufApL4ueSS2BSWrbvpZUr+nJVbk0ctjcGREp8":{"chainKey":{"counter":2,"key":"/hLj1X3cXOVFw9lo6/AiP5EcKkDHoo0Rxw6/TedL2Bg="},"chainType":1,"messageKeys":{}}},"pendingPreKey":{"signedKeyId":1,"baseKey":"BW+uC+5EEloyjNYsPBytJEtrgWdHaRnMe9Hm8pconedR"}}},"version":"v1"}