{"_sessions":{"BecGotFLhWvhRu17aQO1Qionh8njyHQHTGRzZmJNTUhm":{"registrationId":1063742156,"currentRatchet":{"ephemeralKeyPair":{"pubKey":"BWbOXoY8UhgTXwFWnBA/pSNuunMqql/RM08rL1+0pYZx","privKey":"SEljxPhCD3vCzF9duHCn0NANVBxQUABL2MxTTtSpWVw="},"lastRemoteEphemeralKey":"BV0zGkUJFx7OrsJePZvMQfb2KE60oqUJuGk+fItDwSMX","previousCounter":0,"rootKey":"JycGxc1C7wlX2Qazb4ODsgLtZzlNSk3FxJBF1b72Kg8="},"indexInfo":{"baseKey":"BecGotFLhWvhRu17aQO1Qionh8njyHQHTGRzZmJNTUhm","baseKeyType":1,"closed":-1,"used":1759877806560,"created":1759877806560,"remoteIdentityKey":"BZiu8g7DqAZdTTx1avsAAJsOaE92SRNuarP3V+CETnVn"},"_chains":{"BWbOXoY8UhgTXwFWnBA/pSNuunMqql/RM08rL1+0pYZx":{"chainKey":{"counter":2,"key":"XSnm+zy8KXBa+5367Y0Pry6Fq/0iTHmNxxiqdrJNAgE="},"chainType":1,"messageKeys":{}}},"pendingPreKey":{"signedKeyId":7,"baseKey":"BecGotFLhWvhRu17aQO1Qionh8njyHQHTGRzZmJNTUhm","preKeyId":14976006}}},"version":"v1"}