{"_sessions":{"BT17jaWzBLET2XpNlzvpn3qOtZGoBpH3xygYmykw698n":{"registrationId":200,"currentRatchet":{"ephemeralKeyPair":{"pubKey":"BZ9itYsAv1xaxImCtA7mvh0/h43W7awmnAM3VXQ4GnhH","privKey":"UMSBJnHs91o/fBiZ+NQ/4q6ZoxHNo6zv5fLThu4bgk8="},"lastRemoteEphemeralKey":"BY2i3H0BxNAASa0USt5/TMrSM22n+/1cAfmKH6olPQIS","previousCounter":0,"rootKey":"aRJuHIZ3NPs7fn3EZ1GtXs/vE6xZ6Te9ucHwpgYExhQ="},"indexInfo":{"baseKey":"BT17jaWzBLET2XpNlzvpn3qOtZGoBpH3xygYmykw698n","baseKeyType":1,"closed":-1,"used":1759877806753,"created":1759877806753,"remoteIdentityKey":"BdIjdBUkyXBAlagqpC++Vu/slQ23YywlQb5VP8reLiRo"},"_chains":{"BZ9itYsAv1xaxImCtA7mvh0/h43W7awmnAM3VXQ4GnhH":{"chainKey":{"counter":2,"key":"1kCaLrRP76HGyvA6hcGkmAtU+3d0AKwTwN4CNp4Vx7A="},"chainType":1,"messageKeys":{}}},"pendingPreKey":{"signedKeyId":1,"baseKey":"BT17jaWzBLET2XpNlzvpn3qOtZGoBpH3xygYmykw698n","preKeyId":56}}},"version":"v1"}