{"_sessions":{"BWMp4/xqzDncqlvWormp3Zbi/6PX7a4MwTDiI0d2afp5":{"registrationId":274012708,"currentRatchet":{"ephemeralKeyPair":{"pubKey":"BXSZz4B/83jmDOrSJW0IOrJ3QB3bUcIV7qNHZVBOIzN6","privKey":"oP3IWfwh82ttk2OK0lASzQ8VZWwx9u7z03i9aBbe2m8="},"lastRemoteEphemeralKey":"BbF0RzeYpw3FWKVnaLp5dwHwBBqkWF+/i5g2QfzQSVxi","previousCounter":0,"rootKey":"ys4pvScn8VutoXiwsF6Q2lXMDJNN3OpOTWYWvp2emFI="},"indexInfo":{"baseKey":"BWMp4/xqzDncqlvWormp3Zbi/6PX7a4MwTDiI0d2afp5","baseKeyType":1,"closed":-1,"used":1759877806687,"created":1759877806687,"remoteIdentityKey":"BfvUGC6YenIYdN7gPa0aX0B94i6cQQMRo8G/UDRNgdkN"},"_chains":{"BXSZz4B/83jmDOrSJW0IOrJ3QB3bUcIV7qNHZVBOIzN6":{"chainKey":{"counter":2,"key":"I9PmsGEz1LWZ4Q74PK875r6D1W0TGfr0CfWw3iNgZUo="},"chainType":1,"messageKeys":{}}},"pendingPreKey":{"signedKeyId":1,"baseKey":"BWMp4/xqzDncqlvWormp3Zbi/6PX7a4MwTDiI0d2afp5","preKeyId":10849128}}},"version":"v1"}