{"_sessions":{"BfFitZ4woGqO3JzJ9dvNjrNIXzbQGeZ2VdtTh9+bcrI6":{"registrationId":1871852715,"currentRatchet":{"ephemeralKeyPair":{"pubKey":"BWCyD/PNT+ah4qmAB7KAzw0zhvfAmKIUiA8llhD/SU4e","privKey":"6P2ncyotsN+BMC3BTf3uYUhBMu0BKny4ivKHwCLBakk="},"lastRemoteEphemeralKey":"Bcn3tARvHPAGzGYCrQ16/DRYESq//9V9k/uHOELwZI4M","previousCounter":0,"rootKey":"ifZzxMlAjbIFmSPEWfR9cafTgGGq1LbmNHbB5vsZGpY="},"indexInfo":{"baseKey":"BfFitZ4woGqO3JzJ9dvNjrNIXzbQGeZ2VdtTh9+bcrI6","baseKeyType":1,"closed":-1,"used":1759877806697,"created":1759877806697,"remoteIdentityKey":"Bb8sYvHRj8HIYUj3pp2a+uOgqaRx2UapfYRHUAJEaw98"},"_chains":{"BWCyD/PNT+ah4qmAB7KAzw0zhvfAmKIUiA8llhD/SU4e":{"chainKey":{"counter":2,"key":"qqM2Ezx3vSJ3R5DDiRbnAhGqWxqX9ITmSQqlQc3PJ/8="},"chainType":1,"messageKeys":{}}},"pendingPreKey":{"signedKeyId":2,"baseKey":"BfFitZ4woGqO3JzJ9dvNjrNIXzbQGeZ2VdtTh9+bcrI6","preKeyId":9729678}}},"version":"v1"}