{"_sessions":{"BUwo439wmxUsIsiC0PFj0ojJgAVtMgTJby2pZtiGU9Y2":{"registrationId":1524165160,"currentRatchet":{"ephemeralKeyPair":{"pubKey":"BRZJBAY+na44WcvM6NxkIgWnG2g2mUzM/MFDUK/ouGNi","privKey":"oFTbcV80mppTRhXbCPx2X9XajP3y1Z/yYZ8BVf6A7mo="},"lastRemoteEphemeralKey":"BVBqx/KQUZcVkv1YdV1nrLsTfhWBnwVqhVdRIZZtlkRG","previousCounter":0,"rootKey":"/ZInRk5UWR6Y/CTYHfb7PR3z4Svq6U6Cl29upOaBZYM="},"indexInfo":{"baseKey":"BUwo439wmxUsIsiC0PFj0ojJgAVtMgTJby2pZtiGU9Y2","baseKeyType":1,"closed":-1,"used":1759877806557,"created":1759877806557,"remoteIdentityKey":"BTRw1wJgku37yom41tBZ7NJOhIQptdqQ28KzflDApyoq"},"_chains":{"BRZJBAY+na44WcvM6NxkIgWnG2g2mUzM/MFDUK/ouGNi":{"chainKey":{"counter":2,"key":"5RqcUg8G2pMJb2pErrSnGVsC+6FqLujiGFzcsddYIG4="},"chainType":1,"messageKeys":{}}},"pendingPreKey":{"signedKeyId":19,"baseKey":"BUwo439wmxUsIsiC0PFj0ojJgAVtMgTJby2pZtiGU9Y2","preKeyId":15762677}}},"version":"v1"}