{"_sessions":{"BSCSZymDM5bHKitL719uP9pbaeBCaoprHWWlPvc807xI":{"registrationId":1511139678,"currentRatchet":{"ephemeralKeyPair":{"pubKey":"BaiuxgNbuOkFKqBDDpijteiRxO9uHNPZGW7JcDcnCZV3","privKey":"kAam7cpQmc7CMnQavNbdLCQbMJxuz3LHkyMXWHHdS2A="},"lastRemoteEphemeralKey":"BSMUhtLsXabJO1HfuhH8duS3tC1VcsYvMLAAcgfa9mg1","previousCounter":0,"rootKey":"UjClbpHC2fUmm+TGO1tZA8oWa6H5zLlHLP8NVLKSSvg="},"indexInfo":{"baseKey":"BSCSZymDM5bHKitL719uP9pbaeBCaoprHWWlPvc807xI","baseKeyType":1,"closed":-1,"used":1759877806402,"created":1759877806402,"remoteIdentityKey":"BT6Ve3qTiHDujUj//+ZkYQR2NtS7Cy1RJqNBY48c4Qtf"},"_chains":{"BaiuxgNbuOkFKqBDDpijteiRxO9uHNPZGW7JcDcnCZV3":{"chainKey":{"counter":2,"key":"Gfp3E2xoHQtcJbppteSw4gRJCeZL1kqaNmsGaej78rI="},"chainType":1,"messageKeys":{}}},"pendingPreKey":{"signedKeyId":3,"baseKey":"BSCSZymDM5bHKitL719uP9pbaeBCaoprHWWlPvc807xI","preKeyId":5417542}}},"version":"v1"}