{"_sessions":{"BaVQewy7ScEjMSl55Pc0krGmtHdvK1HGp/OWe5pvsSQ+":{"registrationId":2019674709,"currentRatchet":{"ephemeralKeyPair":{"pubKey":"BaPWdvau0ycZDVb4IOZd6H3JScfN7e5bgYUZHUF2pc4+","privKey":"qA+u+NlLK2+X+leYjzRjR+nVhHAOYyPhrCODiOs3n00="},"lastRemoteEphemeralKey":"BTYp0af3dWKgTg1YaQF+tQbpNHgOl8tvSCFwB51Xuf8Z","previousCounter":0,"rootKey":"3K1D6bsAUcKwRX+H9rYOf0Kz2mAAqmNXu5LEMECJC5A="},"indexInfo":{"baseKey":"BaVQewy7ScEjMSl55Pc0krGmtHdvK1HGp/OWe5pvsSQ+","baseKeyType":1,"closed":-1,"used":1759877806603,"created":1759877806603,"remoteIdentityKey":"BYxh4VAit+wl22PegGRGb5vIFgngq0fLeDFLp66GcS1e"},"_chains":{"BaPWdvau0ycZDVb4IOZd6H3JScfN7e5bgYUZHUF2pc4+":{"chainKey":{"counter":2,"key":"sxVbR69C/OnNvbCw8PPQf33G6j+7GOMKW2TlBwE0R34="},"chainType":1,"messageKeys":{}}},"pendingPreKey":{"signedKeyId":77,"baseKey":"BaVQewy7ScEjMSl55Pc0krGmtHdvK1HGp/OWe5pvsSQ+","preKeyId":1795318}}},"version":"v1"}