{"_sessions":{"BcAqdAX7EJhMkMeFdMVkO/F5N9nbz9xQBjND3f/0JV9E":{"registrationId":209073634,"currentRatchet":{"ephemeralKeyPair":{"pubKey":"BWAkMlsxtlW3QiHOK6lW79s9tK6k+G2/0g9MbkREATNk","privKey":"kG26LY+m11E40cl4vb17XQ6mJmnQu3tzpE0B7gVNSlE="},"lastRemoteEphemeralKey":"BcnwGAJ1fBwbYAYNB6dhd6z7IsjuVVFxid8d3vs8WqNm","previousCounter":0,"rootKey":"GXu3EoyYX4SI+CzmO58w3zhZ6X4DAd5xK+CXdlpwmxo="},"indexInfo":{"baseKey":"BcAqdAX7EJhMkMeFdMVkO/F5N9nbz9xQBjND3f/0JV9E","baseKeyType":1,"closed":-1,"used":1759877806488,"created":1759877806488,"remoteIdentityKey":"Bb9bQkgqlY6mS8N7sQbNIzWS70cCgckUGBuYnm6FfZMq"},"_chains":{"BWAkMlsxtlW3QiHOK6lW79s9tK6k+G2/0g9MbkREATNk":{"chainKey":{"counter":2,"key":"4Xt+iA3dsN9BnIO32z1VGT/P8YhvIjz4dqEkjbO0kE0="},"chainType":1,"messageKeys":{}}},"pendingPreKey":{"signedKeyId":21,"baseKey":"BcAqdAX7EJhMkMeFdMVkO/F5N9nbz9xQBjND3f/0JV9E","preKeyId":10202719}}},"version":"v1"}