{"_sessions":{"BdVLVuF5sfa+haXZiHFGTsZhc2z0S9dnHXaxqZRefu0l":{"registrationId":613280154,"currentRatchet":{"ephemeralKeyPair":{"pubKey":"BXask8hFdwBRktAGVBuocWhUZYomDjieJPavCcja72JG","privKey":"WDVupAF3DpHVwhvSDyzZXYomu7ASC3R9mwQH1xjGAmY="},"lastRemoteEphemeralKey":"BRmhYvxq17PdZywY17PBnMWstsmSxbanhyDlhScRZl9K","previousCounter":0,"rootKey":"YIlgbUJYEQYE1sramK/fWFCbvnJS35vd5f48frCiZ7M="},"indexInfo":{"baseKey":"BdVLVuF5sfa+haXZiHFGTsZhc2z0S9dnHXaxqZRefu0l","baseKeyType":1,"closed":-1,"used":1759877806644,"created":1759877806644,"remoteIdentityKey":"BSKdI+Otl3zPzqsYcNd1+B7KzfzDgPv6rX5LHc/9zP41"},"_chains":{"BXask8hFdwBRktAGVBuocWhUZYomDjieJPavCcja72JG":{"chainKey":{"counter":2,"key":"CynXUrOV1qDjn2s+Niic38aEmDS73pFQUY5Et+R97U8="},"chainType":1,"messageKeys":{}}},"pendingPreKey":{"signedKeyId":10,"baseKey":"BdVLVuF5sfa+haXZiHFGTsZhc2z0S9dnHXaxqZRefu0l","preKeyId":5527223}}},"version":"v1"}