{"_sessions":{"BdjLvHBYEdwFxKlu5yz5t3GgkwIEjoap2bQZBAfUKR4r":{"registrationId":348905093,"currentRatchet":{"ephemeralKeyPair":{"pubKey":"BXi6gV4b81MRhKb5WwlgXU5CdR0EwzXcdvx5OpDJqbkX","privKey":"mCALLjn14RXEmiWifjbm+O3L3mG520RoXSUJMste814="},"lastRemoteEphemeralKey":"BXzMlKbMQrwl6Hs8r3abLXH/oa5I7p3L5zU2Q7/jcNts","previousCounter":0,"rootKey":"a2x0E73CsJdBcDPqxtp3tVkYo3dbv5q1HG7tFZHjmzc="},"indexInfo":{"baseKey":"BdjLvHBYEdwFxKlu5yz5t3GgkwIEjoap2bQZBAfUKR4r","baseKeyType":1,"closed":-1,"used":1759877806597,"created":1759877806597,"remoteIdentityKey":"Bd6kW9fxrzPUs2z+WTaUGDJSusSalSP+YBP3cEGJp7B5"},"_chains":{"BXi6gV4b81MRhKb5WwlgXU5CdR0EwzXcdvx5OpDJqbkX":{"chainKey":{"counter":2,"key":"/s7S6rT/W4k+uIVHd3JTjQmdjHrN9OA0lQ+H+AMEn+Y="},"chainType":1,"messageKeys":{}}},"pendingPreKey":{"signedKeyId":4,"baseKey":"BdjLvHBYEdwFxKlu5yz5t3GgkwIEjoap2bQZBAfUKR4r","preKeyId":13865989}}},"version":"v1"}