{"_sessions":{"BcmKTZkaY285VFXVm2xeUbRnElLYiJLMFLzm78FlcvN4":{"registrationId":467710680,"currentRatchet":{"ephemeralKeyPair":{"pubKey":"BQrT3ZRESOtOtMQZ/ThCiQ20RfKD9DJKpwxPe71aeSJ3","privKey":"wEuK5xJbD7S6BqBZUK4t7sa+IgqxjTyxHhOz/F7Zpmc="},"lastRemoteEphemeralKey":"Bf0pX+xrXjMbOrUKSr7WyP/cummS9BWg5PGxZLg45J83","previousCounter":0,"rootKey":"V/8gk1OcA8g93QcnyPWuz8tE5k/26h3uc05EIGpoFlI="},"indexInfo":{"baseKey":"BcmKTZkaY285VFXVm2xeUbRnElLYiJLMFLzm78FlcvN4","baseKeyType":1,"closed":-1,"used":1759877806675,"created":1759877806675,"remoteIdentityKey":"BUCfHM/kOa40G4udVEk88Bi7FDePeU/QumdE9XJZEMVE"},"_chains":{"BQrT3ZRESOtOtMQZ/ThCiQ20RfKD9DJKpwxPe71aeSJ3":{"chainKey":{"counter":2,"key":"t5T9KaCQAEwJ+4a0OkQjFaRZOE5Nu2XvK1aA4WIZCrY="},"chainType":1,"messageKeys":{}}},"pendingPreKey":{"signedKeyId":1,"baseKey":"BcmKTZkaY285VFXVm2xeUbRnElLYiJLMFLzm78FlcvN4","preKeyId":15389583}}},"version":"v1"}