{"_sessions":{"BZFF40oEkjkl1UjLRYcCwkplFCr5gaXTbrB7gB/jxncK":{"registrationId":2060077127,"currentRatchet":{"ephemeralKeyPair":{"pubKey":"BbzmP6g+5uWbqVZG3D1HTkhQMaLbhCQYULA5+nMdJiJc","privKey":"WEE9YQdG2B3xVPVLDkvh5blLri8I1ZXFSJq5U62CNW8="},"lastRemoteEphemeralKey":"Bdha/8FWKw7DXoqyQtNfQXV2IlESYQZFUSu8CoB29y4U","previousCounter":0,"rootKey":"bMpiQbFrLT0Ysm+HQv6iD0pFY38+CAQ9n0btJ6ft3iI="},"indexInfo":{"baseKey":"BZFF40oEkjkl1UjLRYcCwkplFCr5gaXTbrB7gB/jxncK","baseKeyType":1,"closed":-1,"used":1759877806613,"created":1759877806613,"remoteIdentityKey":"BRlKBD/ne4solWqw1W17TzQdIF4NlsNtjKgjeVH0tlsm"},"_chains":{"BbzmP6g+5uWbqVZG3D1HTkhQMaLbhCQYULA5+nMdJiJc":{"chainKey":{"counter":2,"key":"3ORCTWN3b5TFOtbneHrNuwkYmcGHbO1QqxhDE9aFnxM="},"chainType":1,"messageKeys":{}}},"pendingPreKey":{"signedKeyId":0,"baseKey":"BZFF40oEkjkl1UjLRYcCwkplFCr5gaXTbrB7gB/jxncK","preKeyId":1682017}}},"version":"v1"}