{"_sessions":{"BR7l2q1JkUxPXNwFNgHJzpQF5DvW3XzI0iildc4NUmwo":{"registrationId":881620976,"currentRatchet":{"ephemeralKeyPair":{"pubKey":"BQ7bsQm1YkbwFuzGXiSAhuXEZHRgqqjGeKw4733sMuMU","privKey":"eDOa/5thezP/dgIDu/HBiqsZow4s45vo6yUx1Bm0klE="},"lastRemoteEphemeralKey":"BTIrBbLLAjTIaJC1G1JnbGYbO5+C/Q1QYKFUXSStA4k7","previousCounter":0,"rootKey":"KdEIkzhGn3+D1b3F+g9gpzuKsNaeRqPEbZ2SRZwe2nc="},"indexInfo":{"baseKey":"BR7l2q1JkUxPXNwFNgHJzpQF5DvW3XzI0iildc4NUmwo","baseKeyType":1,"closed":-1,"used":1759877806485,"created":1759877806485,"remoteIdentityKey":"Bca/HutuL8jE0fnG3HCxJhMlFzPlWDVpKMya3f6mSysE"},"_chains":{"BQ7bsQm1YkbwFuzGXiSAhuXEZHRgqqjGeKw4733sMuMU":{"chainKey":{"counter":2,"key":"EXuvLB08iL2dE/A32fMkIZw/nwdkeuNL/977sprsyEg="},"chainType":1,"messageKeys":{}}},"pendingPreKey":{"signedKeyId":22,"baseKey":"BR7l2q1JkUxPXNwFNgHJzpQF5DvW3XzI0iildc4NUmwo","preKeyId":9589005}}},"version":"v1"}