{"_sessions":{"BTjEYKkZNoJMSLCqNTgl248AsyHjpIEH+WHFPRLgRWdt":{"registrationId":1863115265,"currentRatchet":{"ephemeralKeyPair":{"pubKey":"BV4ur+SDOC0n+XbiwfgkfQr14rFmqqfvRP3PwcEupk44","privKey":"uLewEjcF3Zo7gxlEFrif/e49MQcC3nUQMDRqURp5q0Y="},"lastRemoteEphemeralKey":"BUIR0fLqs7eJaQgydhD0nBaOH8DxdMoASyT5UZhxB+4K","previousCounter":0,"rootKey":"Noh8Yhj4cUbWIZKVVjtndZhHMMNomPjVcch8g3vuMYk="},"indexInfo":{"baseKey":"BTjEYKkZNoJMSLCqNTgl248AsyHjpIEH+WHFPRLgRWdt","baseKeyType":1,"closed":-1,"used":1759877806676,"created":1759877806676,"remoteIdentityKey":"BcOh4rg+ii55Szl89UtPLAJC1Ubz0GtvaAc/taQhfUwu"},"_chains":{"BV4ur+SDOC0n+XbiwfgkfQr14rFmqqfvRP3PwcEupk44":{"chainKey":{"counter":2,"key":"jxcZNAdnIWKQn6ccEWW9LcSnAbSQlLK+xrxyjeyAVtc="},"chainType":1,"messageKeys":{}}},"pendingPreKey":{"signedKeyId":0,"baseKey":"BTjEYKkZNoJMSLCqNTgl248AsyHjpIEH+WHFPRLgRWdt"}}},"version":"v1"}