{"_sessions":{"BUKA6ydOMKvXOraA8EldsxlXGFrkIpodPSWAXVqUOuYO":{"registrationId":153,"currentRatchet":{"ephemeralKeyPair":{"pubKey":"Bf7n9xm9/NE/Gjlc5bK3ynN0kzSmdrIdXjOd72yyeX8k","privKey":"uIlfTvzAOo+8jBN+svcTA4DTHN9lDPplQ8Hw649wPUQ="},"lastRemoteEphemeralKey":"BS9jWAyNKPwwAfvCMNFco3l3yE6eF41DbMYzzb0ACNBa","previousCounter":0,"rootKey":"KZuc+qA9AoDBH3yGmOBXC/1K2sNg+x8UY/aAe+sXgDs="},"indexInfo":{"baseKey":"BUKA6ydOMKvXOraA8EldsxlXGFrkIpodPSWAXVqUOuYO","baseKeyType":1,"closed":-1,"used":1759877806725,"created":1759877806725,"remoteIdentityKey":"BXYtPKfs18zoj/2zseX7+YaFMIm9rRdSTiHowQgk+nAw"},"_chains":{"Bf7n9xm9/NE/Gjlc5bK3ynN0kzSmdrIdXjOd72yyeX8k":{"chainKey":{"counter":2,"key":"/ruSJ/kwZcP25RMmGJs31mA5ypMUD+cWMdlogi1beXs="},"chainType":1,"messageKeys":{}}},"pendingPreKey":{"signedKeyId":1,"baseKey":"BUKA6ydOMKvXOraA8EldsxlXGFrkIpodPSWAXVqUOuYO"}}},"version":"v1"}