{"_sessions":{"BY+CH028yD620Xp0uAZ2z+fFZpseU4SL+seOtghtYqwl":{"registrationId":1908036010,"currentRatchet":{"ephemeralKeyPair":{"pubKey":"BQ52ISR3ZeXgUUc5aYpicW1yEXhf3ukOGmCNwXPNIq99","privKey":"8AVXGHvNN9fFgNdsz3vHvCfSyD/PW4GAkmITPzbavX8="},"lastRemoteEphemeralKey":"BWqbCsSgVdwttn0H1DyX22HBYPOw9jcupTEdOxVyoE4j","previousCounter":0,"rootKey":"i7tRIElrLT/Kmw97XOUNytgVeU7Z77VFOnAfGYV/YfA="},"indexInfo":{"baseKey":"BY+CH028yD620Xp0uAZ2z+fFZpseU4SL+seOtghtYqwl","baseKeyType":1,"closed":-1,"used":1759877806451,"created":1759877806451,"remoteIdentityKey":"BVf2nCmZilPVjY8a7/BqxPQHgctsFzg9So3rlcg5Xd1v"},"_chains":{"BQ52ISR3ZeXgUUc5aYpicW1yEXhf3ukOGmCNwXPNIq99":{"chainKey":{"counter":2,"key":"Z92UA9/yEzZA2N4oF+K7y8UmdTC3KYapti7i+HfhXKs="},"chainType":1,"messageKeys":{}}},"pendingPreKey":{"signedKeyId":0,"baseKey":"BY+CH028yD620Xp0uAZ2z+fFZpseU4SL+seOtghtYqwl","preKeyId":3027173}}},"version":"v1"}