{"_sessions":{"BbGAb9pnkyJ3CAkKpbczOKAXVZn0cxQLm9ZVyz/Yqmts":{"registrationId":1204792721,"currentRatchet":{"ephemeralKeyPair":{"pubKey":"BUm26HM6SkUW1/OH287GLWbFzM+/M30NBc+g5MKD7PUo","privKey":"6DaIXUX1Y4PVME3nfdXid0jYiTdWDYijA/R5lVYb8Vs="},"lastRemoteEphemeralKey":"BUUCia2Gdeqpj3EGMAe/AtIRy7FK1kpc3ltPqJJyFe9L","previousCounter":0,"rootKey":"GoV1BdZnhKhFMFSfN+uQNf5QhSNXZ2x1K73ly5uvf5g="},"indexInfo":{"baseKey":"BbGAb9pnkyJ3CAkKpbczOKAXVZn0cxQLm9ZVyz/Yqmts","baseKeyType":1,"closed":-1,"used":1759877806476,"created":1759877806476,"remoteIdentityKey":"BRwFRDzFYGeCjmwQc3j94c2b/yv7QkY1pxSPMksKYcNc"},"_chains":{"BUm26HM6SkUW1/OH287GLWbFzM+/M30NBc+g5MKD7PUo":{"chainKey":{"counter":2,"key":"tZxoIvx+XHoXIVlF0kOfX/8VuOoPk9FRI+vK0MeR7fc="},"chainType":1,"messageKeys":{}}},"pendingPreKey":{"signedKeyId":1,"baseKey":"BbGAb9pnkyJ3CAkKpbczOKAXVZn0cxQLm9ZVyz/Yqmts"}}},"version":"v1"}