{"_sessions":{"BaCy26wda+2iuZmaYRkyvVO4OV5jP+rU1q+Sv9FQmNMf":{"registrationId":600521478,"currentRatchet":{"ephemeralKeyPair":{"pubKey":"BdKp/D7uXftAyJZdCKfIoCv0zt8n6oIsg7bHopchxTQo","privKey":"eH+d1eUJeWOyJHv+76aoo/wWEUBmtFclKaFBBY7MQ1Q="},"lastRemoteEphemeralKey":"BRuTqaHJ8wlfpFGFgC/G4TmZ5yzGyRShP9raqx0kbRkR","previousCounter":0,"rootKey":"YxrPBjoxE5EtaM7Y3bKSVlwOICLshstKSAjhoHyg16c="},"indexInfo":{"baseKey":"BaCy26wda+2iuZmaYRkyvVO4OV5jP+rU1q+Sv9FQmNMf","baseKeyType":1,"closed":-1,"used":1759877806750,"created":1759877806750,"remoteIdentityKey":"BebIe92a1Vads3Su9znyAA75tlXJ3KwJHIGadMK/Cr1S"},"_chains":{"BdKp/D7uXftAyJZdCKfIoCv0zt8n6oIsg7bHopchxTQo":{"chainKey":{"counter":2,"key":"lP6Eps+c5j5fMLIdZdsaXZKaM8WO37B2ngha4hHb22Q="},"chainType":1,"messageKeys":{}}},"pendingPreKey":{"signedKeyId":0,"baseKey":"BaCy26wda+2iuZmaYRkyvVO4OV5jP+rU1q+Sv9FQmNMf"}}},"version":"v1"}