{"_sessions":{"BX/ANznqldEGfwXMfn/9sR7AX6kWOoeAtBfkO3svOLl3":{"registrationId":1816135470,"currentRatchet":{"ephemeralKeyPair":{"pubKey":"Ba23HXmWOeUWfCzl8/g8x3LltTOHee/KWNC3Bj5pYHtF","privKey":"OD1f9KwpqJ1rk+a3muABrMotvhkblx/n4UECnIDCBFk="},"lastRemoteEphemeralKey":"BSS8daeoZqbzp4ZHqF4tKTMEbTftBZlo1faheC2EasRR","previousCounter":0,"rootKey":"5NV39YQEDlaMZqeozhtBFMVe/cb4/XhJcucMT7oV7uM="},"indexInfo":{"baseKey":"BX/ANznqldEGfwXMfn/9sR7AX6kWOoeAtBfkO3svOLl3","baseKeyType":1,"closed":-1,"used":1759877806399,"created":1759877806399,"remoteIdentityKey":"BdKYzv/tdnva56SZ0tlYzNh7qb6EP8c2mT0q1JdBgSkC"},"_chains":{"Ba23HXmWOeUWfCzl8/g8x3LltTOHee/KWNC3Bj5pYHtF":{"chainKey":{"counter":2,"key":"umzICTHzZ4ToZWilp/tWCuWgzTuj05+b9LU8NKvn6nk="},"chainType":1,"messageKeys":{}}},"pendingPreKey":{"signedKeyId":1,"baseKey":"BX/ANznqldEGfwXMfn/9sR7AX6kWOoeAtBfkO3svOLl3","preKeyId":5663030}}},"version":"v1"}