{"_sessions":{"BVe/tdBnfIjJMeGVysaPwx6ZEqB04b8aoTFhpVtEwuZI":{"registrationId":2087324774,"currentRatchet":{"ephemeralKeyPair":{"pubKey":"BYiDZbjjzTvgFTI17pWr3D869nJvsU25uZKlhcqsYAJV","privKey":"wGVVeTaXPq1CFat9tdbqQZ6hTdziFeVtCA0PMsaamE4="},"lastRemoteEphemeralKey":"BVuJ1mevYXMPBXU0vl9EaaBsVxU7MT9k5SeuPI9SGjEh","previousCounter":0,"rootKey":"oEMnHcosw9wDqQVyYB/9iN25b6BfJyYxVyithC3akHc="},"indexInfo":{"baseKey":"BVe/tdBnfIjJMeGVysaPwx6ZEqB04b8aoTFhpVtEwuZI","baseKeyType":1,"closed":-1,"used":1759877806401,"created":1759877806401,"remoteIdentityKey":"BYPcAjnog6C15FG9P10Isvwv+YMOAQs/2v/fd1eGjfli"},"_chains":{"BYiDZbjjzTvgFTI17pWr3D869nJvsU25uZKlhcqsYAJV":{"chainKey":{"counter":2,"key":"yn+Vqb3MB/mPLdNFGWvuzu408XHMAX4KyPtWBiCx+Lw="},"chainType":1,"messageKeys":{}}},"pendingPreKey":{"signedKeyId":9,"baseKey":"BVe/tdBnfIjJMeGVysaPwx6ZEqB04b8aoTFhpVtEwuZI","preKeyId":5970582}}},"version":"v1"}