{"_sessions":{"BQ6zQKbsUsOCTOqTsoV7ZcklMQFPJ9wzpV0SDWBgKaUr":{"registrationId":147982541,"currentRatchet":{"ephemeralKeyPair":{"pubKey":"BQLHJ/oiRde2dK1hDrRWsnLy7Hfett0b21d/7tQ+LQwr","privKey":"ON7WUB/gELQGMvBMbVWwQ6dQNgAlXXdhhUqLKbm7FlY="},"lastRemoteEphemeralKey":"BRpYs4Ko95inE1R90LfjjNPBxrm+reOlTkoCrQG75hVW","previousCounter":0,"rootKey":"odcaTDrrYhZDMFbmjFH+m6e9v7ojLgoPUq9Axgypcq0="},"indexInfo":{"baseKey":"BQ6zQKbsUsOCTOqTsoV7ZcklMQFPJ9wzpV0SDWBgKaUr","baseKeyType":1,"closed":-1,"used":1759877806586,"created":1759877806586,"remoteIdentityKey":"BZSsGaGBmAUM2Zga9YxKe5JDeaFWrUIkutV11GQAh5Es"},"_chains":{"BQLHJ/oiRde2dK1hDrRWsnLy7Hfett0b21d/7tQ+LQwr":{"chainKey":{"counter":2,"key":"1kCn7Yt5ICQQbesm5t0b9Mg03GJQyq9N/s4FzIpZFMQ="},"chainType":1,"messageKeys":{}}},"pendingPreKey":{"signedKeyId":0,"baseKey":"BQ6zQKbsUsOCTOqTsoV7ZcklMQFPJ9wzpV0SDWBgKaUr","preKeyId":8001205}}},"version":"v1"}