{"_sessions":{"BQZqfUE4YoHnDjL4sPLrdBF4ryrU6JcxsTYttiLf9MoT":{"registrationId":865922681,"currentRatchet":{"ephemeralKeyPair":{"pubKey":"Be0jREF/oBjJaUXPNwB8VAdxfDNmNTa0Q9q1Fn1oGWsl","privKey":"YGracDYLlHRMHWbhx6C3fM8ipjj5peU3UvBAFB03r2c="},"lastRemoteEphemeralKey":"BQKK4gg7x+l7IhSsIvG0vF1fBEIt3I9Ocm9rPFgZotp5","previousCounter":0,"rootKey":"kAsnSuIpBLXRp8N5EX6GTMtB4HHAGB25SQiu7vq9nRQ="},"indexInfo":{"baseKey":"BQZqfUE4YoHnDjL4sPLrdBF4ryrU6JcxsTYttiLf9MoT","baseKeyType":2,"closed":-1,"used":1759876396546,"created":1759876396546,"remoteIdentityKey":"BeF/JhzU3VyFIWYQLG+DBWyKaz8WtqOFvmDrcmlMmGBN"},"_chains":{"BQKK4gg7x+l7IhSsIvG0vF1fBEIt3I9Ocm9rPFgZotp5":{"chainKey":{"counter":0,"key":"vJlAvMMbVBD/Phoc5j5MTIhigduYiWbbQiTrAqvQGX4="},"chainType":2,"messageKeys":{}},"Be0jREF/oBjJaUXPNwB8VAdxfDNmNTa0Q9q1Fn1oGWsl":{"chainKey":{"counter":-1,"key":"DfxW6HHh5un6XT4LRCCROAT9rVQMQIVEbkfM1X1cBHw="},"chainType":1,"messageKeys":{}}}}},"version":"v1"}