{"_sessions":{"BXFT3OXJa37uzp+yLskB9Bu947W1sk5UDoN621MG874u":{"registrationId":1308166949,"currentRatchet":{"ephemeralKeyPair":{"pubKey":"BV6mLmlxQ7TabjIYYF9I02kPsNh4Md4O3viaMH+5/MYC","privKey":"6B51m2JVufGldURq82xwnBPHmOKP8SEFTiCwIiEeh2o="},"lastRemoteEphemeralKey":"BQHSUaK25y7d81IAarkBYpztU3LohTNP/sLOpg6QAYoh","previousCounter":0,"rootKey":"4om0/9X1EaUjgcgZiXz3DxUOIFJAv/7EuEyh+5hXwJc="},"indexInfo":{"baseKey":"BXFT3OXJa37uzp+yLskB9Bu947W1sk5UDoN621MG874u","baseKeyType":1,"closed":-1,"used":1759877806416,"created":1759877806416,"remoteIdentityKey":"BZUXhYgooZvXm0QRcYbwmTMaiAg0h9MdDhGitUdK0ORB"},"_chains":{"BV6mLmlxQ7TabjIYYF9I02kPsNh4Md4O3viaMH+5/MYC":{"chainKey":{"counter":2,"key":"ouOR0Hu1kep8Nm7jcf3AXl2nFLZox6Ydc9DlAdnV0Pg="},"chainType":1,"messageKeys":{}}},"pendingPreKey":{"signedKeyId":0,"baseKey":"BXFT3OXJa37uzp+yLskB9Bu947W1sk5UDoN621MG874u","preKeyId":13349234}}},"version":"v1"}