{"_sessions":{"BaC1/fNDa7VdBYieDl4y8KDeovkGmoBkq/XJH0RncitK":{"registrationId":1041595875,"currentRatchet":{"ephemeralKeyPair":{"pubKey":"Bc5PZ7yBfTGR9BOPJnPqlDxeALkubuEHcQkDftj5F3sQ","privKey":"sCrLQT3i2R5ekQpGXUU6fa8VI/Q+YyTqRdwR5a8k0GY="},"lastRemoteEphemeralKey":"BawHsb9IiPOsr5cwyRl4yzJ5oyCcLQUgyW413cAu+G4Y","previousCounter":0,"rootKey":"fdrjUertPI+y7EJrYoo7smvegMbtxMDz72Ax9aOsssM="},"indexInfo":{"baseKey":"BaC1/fNDa7VdBYieDl4y8KDeovkGmoBkq/XJH0RncitK","baseKeyType":1,"closed":-1,"used":1759877806407,"created":1759877806407,"remoteIdentityKey":"BRD7SoxFBJEzVo4hDdEBX9loafirMGElegGKHG5Tk9YM"},"_chains":{"Bc5PZ7yBfTGR9BOPJnPqlDxeALkubuEHcQkDftj5F3sQ":{"chainKey":{"counter":2,"key":"KUeDByA+TWQCzex+PZ1jv2jNA0q5AG74MRzeUXnPooA="},"chainType":1,"messageKeys":{}}},"pendingPreKey":{"signedKeyId":2,"baseKey":"BaC1/fNDa7VdBYieDl4y8KDeovkGmoBkq/XJH0RncitK","preKeyId":76428}}},"version":"v1"}