{"_sessions":{"BX1vbYYRK7iUMTAbd7jWxh3hC/IfEQuh8dGSZ3xxLbRS":{"registrationId":510074875,"currentRatchet":{"ephemeralKeyPair":{"pubKey":"BTww3+KVbndxsnPhfAm7+uoMIYShhx8A9tggmgE2yQAV","privKey":"YMgxpOy3y2g/wJGcqRIDjX9Imw8/AzK3y9Jr2+RC42g="},"lastRemoteEphemeralKey":"BRmIhZCFKhmv+opRDxyDN49qlLQHZgORApHAVKyIoeIF","previousCounter":0,"rootKey":"5OOuhA9Sp62h9Bq+L1w+gspr4Pg11G1m7sIPUa5Na5U="},"indexInfo":{"baseKey":"BX1vbYYRK7iUMTAbd7jWxh3hC/IfEQuh8dGSZ3xxLbRS","baseKeyType":1,"closed":-1,"used":1759877806623,"created":1759877806623,"remoteIdentityKey":"BcHEwoIXy8e4KnyKnzPEVg0thkyLyhUjJzkeyM/20bNt"},"_chains":{"BTww3+KVbndxsnPhfAm7+uoMIYShhx8A9tggmgE2yQAV":{"chainKey":{"counter":2,"key":"+e3Dd+94Y+NhZvembcE88lj6yDFjk3qejTysYZTmidQ="},"chainType":1,"messageKeys":{}}},"pendingPreKey":{"signedKeyId":1,"baseKey":"BX1vbYYRK7iUMTAbd7jWxh3hC/IfEQuh8dGSZ3xxLbRS","preKeyId":7521761}}},"version":"v1"}