{"_sessions":{"BdcNf8bjUJuxzvoCdqWYmLmbIEgQqiF8HHdLMtRTwel/":{"registrationId":1547911758,"currentRatchet":{"ephemeralKeyPair":{"pubKey":"BVfVkNLf0XdhBPBhlzDazKA51c5r6kcQM6PDYo58QbZZ","privKey":"mOKhz25wZ6w1HIB3nP/sx0WzWsq2LqXubMjz+M+HfWg="},"lastRemoteEphemeralKey":"BdnNfOkXBJ0cxqdfUOVVzqdsnu7eVWJxyvDTrv9H0b1t","previousCounter":0,"rootKey":"hl2RQqDHjMysTNKor6k5GBsoPNWYGqdajYWUsrNGwHc="},"indexInfo":{"baseKey":"BdcNf8bjUJuxzvoCdqWYmLmbIEgQqiF8HHdLMtRTwel/","baseKeyType":1,"closed":-1,"used":1759877806566,"created":1759877806566,"remoteIdentityKey":"BdWE87qrA+fQUJrPt+bY0c7XomLdpW/rf5NplB5fxvdX"},"_chains":{"BVfVkNLf0XdhBPBhlzDazKA51c5r6kcQM6PDYo58QbZZ":{"chainKey":{"counter":2,"key":"CocZGmcunyLnw4XpFpEwxuR520O365phlsdCBnV3/Sg="},"chainType":1,"messageKeys":{}}},"pendingPreKey":{"signedKeyId":0,"baseKey":"BdcNf8bjUJuxzvoCdqWYmLmbIEgQqiF8HHdLMtRTwel/"}}},"version":"v1"}