{"_sessions":{"BQ2Hrj9sZSQWVoV7XBkEBcjVy/s5kRqtELes1m9oygFp":{"registrationId":36474547,"currentRatchet":{"ephemeralKeyPair":{"pubKey":"BfQhJu1zKzmtyPcibNKEmYaqc4cCXqXWoiBRgq5vFuYh","privKey":"6PhwOShDmuhqCYuvJEP/v3NzRIaQgmFSf1Id3GzLqW4="},"lastRemoteEphemeralKey":"BXpqshjs+vbmxwYH06iWiYO/vIlJ+XOV+vcqYJfVQ/N/","previousCounter":0,"rootKey":"HADcrSCxzhuB0+bt4fptfFl0W4SiNvE//JVU572MHs4="},"indexInfo":{"baseKey":"BQ2Hrj9sZSQWVoV7XBkEBcjVy/s5kRqtELes1m9oygFp","baseKeyType":1,"closed":-1,"used":1759877806419,"created":1759877806419,"remoteIdentityKey":"BXSxkxsSrwV+hxSoAqr3mRMgS4Oemtqn8ZFub52TutJb"},"_chains":{"BfQhJu1zKzmtyPcibNKEmYaqc4cCXqXWoiBRgq5vFuYh":{"chainKey":{"counter":2,"key":"SHYlpOwdmOFD94Tetqi8vSfZeqJUy8S3m75pbu67Tqo="},"chainType":1,"messageKeys":{}}},"pendingPreKey":{"signedKeyId":2,"baseKey":"BQ2Hrj9sZSQWVoV7XBkEBcjVy/s5kRqtELes1m9oygFp","preKeyId":12122918}}},"version":"v1"}