{"_sessions":{"BUHAm9XFCxVREgxJ7HMpHZ2eTr9lq45baU1Rd4xhaMRT":{"registrationId":1671106949,"currentRatchet":{"ephemeralKeyPair":{"pubKey":"BWVbczkqPA96Hcnyg7rJdA4piRjVSb1y/CATes+1zvkv","privKey":"aHstsH7E3A/xEz/9JRIYg5sVzvrfuOqCd2ldtWmBaHM="},"lastRemoteEphemeralKey":"BbHBuK5PF8SXKP68Bt2vDFFEq+szqlr6QjarEMASHkM+","previousCounter":0,"rootKey":"O8xRtzS0O7c0GJa0QjqnFWtzHb8+vv91s9JrKQw23Kw="},"indexInfo":{"baseKey":"BUHAm9XFCxVREgxJ7HMpHZ2eTr9lq45baU1Rd4xhaMRT","baseKeyType":1,"closed":-1,"used":1759877806492,"created":1759877806492,"remoteIdentityKey":"BW4vZCRL51CEX8BpirKqouM0sGrsrucH/o6SGkTHpMl2"},"_chains":{"BWVbczkqPA96Hcnyg7rJdA4piRjVSb1y/CATes+1zvkv":{"chainKey":{"counter":2,"key":"WkYlkFGRA4QRxvg/lhYP0iYNKuIXgko9YpiCi2/Al0Q="},"chainType":1,"messageKeys":{}}},"pendingPreKey":{"signedKeyId":6520606,"baseKey":"BUHAm9XFCxVREgxJ7HMpHZ2eTr9lq45baU1Rd4xhaMRT","preKeyId":3997790}}},"version":"v1"}