{"_sessions":{"BZ0FsoSveD0cYpLLr+3BS5EjTLZoS0QbDXBlngKVOOYf":{"registrationId":133468173,"currentRatchet":{"ephemeralKeyPair":{"pubKey":"BST3lbrSvb+ruCMh6PmZlWH8bv9SMNXU1pCWCk7bdR9a","privKey":"yPgxiCP5nlkazgujUTh2wbkslXnYMLZGHuKAOGy5ZXc="},"lastRemoteEphemeralKey":"BVvM7g9qPNo7GOqlkxmEmxVcYbEntNSyllap7l+A/T9D","previousCounter":0,"rootKey":"R/uByQd1I83HJbbOIKV27/irR60cQdkWSomOR2khsvA="},"indexInfo":{"baseKey":"BZ0FsoSveD0cYpLLr+3BS5EjTLZoS0QbDXBlngKVOOYf","baseKeyType":1,"closed":-1,"used":1759877806475,"created":1759877806475,"remoteIdentityKey":"BdjCh/IZDU5juL6ck1go1MofAf7TvsnPOU9JcfNl6u4g"},"_chains":{"BST3lbrSvb+ruCMh6PmZlWH8bv9SMNXU1pCWCk7bdR9a":{"chainKey":{"counter":2,"key":"XraFqVTldO5D9IsO0syXmcBqwK0Azj6Ox5m/H3fQIzY="},"chainType":1,"messageKeys":{}}},"pendingPreKey":{"signedKeyId":16,"baseKey":"BZ0FsoSveD0cYpLLr+3BS5EjTLZoS0QbDXBlngKVOOYf","preKeyId":8699843}}},"version":"v1"}