{"_sessions":{"BazW7rdyabKZ6RUu138ZJNU2ikpIvhe0+nbQzg5mvSEg":{"registrationId":225,"currentRatchet":{"ephemeralKeyPair":{"pubKey":"BbhA+bNZhnJJdJgDz4suUQioCOHBHkhle0cS64p4RJke","privKey":"WJmmVeNFvjqEck3vtJ+vpKR94CkPZGgVVsXDOWE6a0Y="},"lastRemoteEphemeralKey":"BRCxMfWb3t8fjzbQXrL5w8NHOxcPUq/8eVASteYl1cQK","previousCounter":3,"rootKey":"4kv5KUPC7Ajs60/BIvTBCqQ0iTbetzF83mFm0MuEyus="},"indexInfo":{"baseKey":"BazW7rdyabKZ6RUu138ZJNU2ikpIvhe0+nbQzg5mvSEg","baseKeyType":1,"closed":1759876818828,"used":1759876396542,"created":1759875634758,"remoteIdentityKey":"BVh4IKWMG+5Qhygj/lyXKM2trA9M0KxUHKlAZS8fU8x6"},"_chains":{"BQVDXg1EcKh3fPOwNbBveEHu10YLOJyhFeubc4fg4UA6":{"chainKey":{"counter":1},"chainType":2,"messageKeys":{}},"BcqSLFVD1+jeEjrMXrRTY7j+5kNZFAB1Mld6LjuQwV4R":{"chainKey":{"counter":1},"chainType":2,"messageKeys":{}},"BZC0rnaKq5FjVrYqZLn+01/Y0tirN6GDC7q6TbLHpzdX":{"chainKey":{"counter":0},"chainType":2,"messageKeys":{}},"BYTRrGVo+AEiuVui17L+N5LF/BOsK5EmeLLDgXn5fmBu":{"chainKey":{"counter":1},"chainType":2,"messageKeys":{}},"BYvdtZmo/Pnmg0fLq+acYrvdE4zxVG51ogQyL5CQGENW":{"chainKey":{"counter":5},"chainType":2,"messageKeys":{}},"BW39RaUTIY2sEJC4GV2SwbOcI2Hkwq/LK0S+K1YD5Pkf":{"chainKey":{"counter":0},"chainType":2,"messageKeys":{}},"BRCxMfWb3t8fjzbQXrL5w8NHOxcPUq/8eVASteYl1cQK":{"chainKey":{"counter":1,"key":"RjDq1Q1YYSSM4t+vs/UtmXHS06VbRlyHpyDa8gnhcSg="},"chainType":2,"messageKeys":{}},"BbhA+bNZhnJJdJgDz4suUQioCOHBHkhle0cS64p4RJke":{"chainKey":{"counter":11,"key":"jXGdTFNCUDj7bi3dLBSvFhTgmm2tp3lb7n8HHoEpbBs="},"chainType":1,"messageKeys":{}}}},"BdnCoFqt8ZZLH4gWHCb43GwUdgFXQysodOIqqNMGN+BV":{"registrationId":225,"currentRatchet":{"ephemeralKeyPair":{"pubKey":"BV09ANxL0QbxxWt982v35FWLwrM3CrQWjoJRbJSpEbgX","privKey":"QKgf7MIYmsYf9/rQZ22Achsx+z2oFpk8FMGUmDYFfGQ="},"lastRemoteEphemeralKey":"BXXeeyfZLxPSwd3Q4BcIrwhUYFZch6Egb25rKudLyvZa","previousCounter":0,"rootKey":"SzDJHQXKqS3GO2STRidUrKwT+bSIiy1cle+Goi9dpEs="},"indexInfo":{"baseKey":"BdnCoFqt8ZZLH4gWHCb43GwUdgFXQysodOIqqNMGN+BV","baseKeyType":2,"closed":-1,"used":1759879367703,"created":1759876818829,"remoteIdentityKey":"BVh4IKWMG+5Qhygj/lyXKM2trA9M0KxUHKlAZS8fU8x6"},"_chains":{"Bd9OCELg2yW0WGxtZCKU21E6m4nDkjtmbkYGFVR8SkI6":{"chainKey":{"counter":0},"chainType":2,"messageKeys":{}},"BUg+ISm86unQ/nlU0cQg1Yjfq2WS0wrOGFoOGkHK6dpj":{"chainKey":{"counter":1},"chainType":2,"messageKeys":{}},"BdMwxQA5qEF0Qq5unpa2LeRuPN7dBkmTMeGbvi9A7/8W":{"chainKey":{"counter":0},"chainType":2,"messageKeys":{}},"BZmBoWMEoAP5w53zxBKqXC8fyHQ1fC+Qwgall4wYYdZ6":{"chainKey":{"counter":0},"chainType":2,"messageKeys":{}},"BaJdrOHV9FhDNYIUG7g0q321x6rdXq/LM+xB/cN6rkBa":{"chainKey":{"counter":0},"chainType":2,"messageKeys":{}},"BbRzey+dPu/xqTGREFtLdCXMUJK9j22jJE6471AdaL4i":{"chainKey":{"counter":0},"chainType":2,"messageKeys":{}},"BbQyP13XhYbTqeDZYxveOZGgf3fc0UWL8OvueKud5fkb":{"chainKey":{"counter":0},"chainType":2,"messageKeys":{}},"BWabZSDrEpnFi6jNsAD8N/dY2QcfCC0Tbw2gF86jQlQw":{"chainKey":{"counter":0},"chainType":2,"messageKeys":{}},"BR5LaklTgDVqxro8wFgU8ZZANzykr8pVVajsIOWZsC4k":{"chainKey":{"counter":1},"chainType":2,"messageKeys":{}},"BcvM3A5eXx1UuIn1joxe6BxKhScc/BgjHMdpgdKHvHsf":{"chainKey":{"counter":0},"chainType":2,"messageKeys":{}},"BeoQWTP+6XxWWSRt37oZEKDSJCcJiVzqQzbKpn7UPuMP":{"chainKey":{"counter":0},"chainType":2,"messageKeys":{}},"BT67IAmtnlAbA0z5HNCLLpHjFV9ScoqqV8eArGSC+k9G":{"chainKey":{"counter":2},"chainType":2,"messageKeys":{}},"BV4N7mU8b7OTEiAMXY1YZqMxXVnJcsQLT+ZUXtarGURv":{"chainKey":{"counter":1},"chainType":2,"messageKeys":{}},"BcanLdxVmhVIYthWoDG6OV5z+2FvWDy98LYgRk9xBJVU":{"chainKey":{"counter":0},"chainType":2,"messageKeys":{}},"BZOXVPlirbwaxnmu2MIIqEvXzSbblpwrPFQhkDBPz1pK":{"chainKey":{"counter":0},"chainType":2,"messageKeys":{}},"BZJ2DUwZS/8Tq+IpWIqP4kM/D2EGoc/GZOhNUI9C/+0H":{"chainKey":{"counter":1},"chainType":2,"messageKeys":{}},"BechiXi/LKFae1768IpUnVOr5J5aHuMxb0qAfsnWsL0R":{"chainKey":{"counter":0},"chainType":2,"messageKeys":{}},"BXzty1gtAO+dLXQNPuLfm27xn1tY8ChmEAzGEP7gsTJo":{"chainKey":{"counter":0},"chainType":2,"messageKeys":{}},"BXXeeyfZLxPSwd3Q4BcIrwhUYFZch6Egb25rKudLyvZa":{"chainKey":{"counter":0,"key":"ibidkd2jLHNu6jZHFn+OOuppNp55IelkJIDS/bWX2ow="},"chainType":2,"messageKeys":{}},"BV09ANxL0QbxxWt982v35FWLwrM3CrQWjoJRbJSpEbgX":{"chainKey":{"counter":-1,"key":"aYv1YJHq2RZWSiJD1KStm4ECTk/yUvlQ6l87obTVPO8="},"chainType":1,"messageKeys":{}}}}},"version":"v1"}