{"_sessions":{"BQWBxLTI5ax1rEtELTOLfSoIKh9Zi1NeTZaM0wsbhWlG":{"registrationId":1667068953,"currentRatchet":{"ephemeralKeyPair":{"pubKey":"BYCFZWZxAgYrcgJAnR7Jhk4Hp30z4ODHwWViDWv6kBZt","privKey":"4J3pLhYLyCSsmTuW6sxUiED6Jb792uGsi3qmxqucQEU="},"lastRemoteEphemeralKey":"BZBppxK8PQ760pqMrmFMapDRxqdUzC2AMDeeEcn+tlUk","previousCounter":0,"rootKey":"eIhZ7zMLXedvn/OcyLZTcKmW4i12hmWHGSIpL9sJOpQ="},"indexInfo":{"baseKey":"BQWBxLTI5ax1rEtELTOLfSoIKh9Zi1NeTZaM0wsbhWlG","baseKeyType":1,"closed":-1,"used":1759877806393,"created":1759877806393,"remoteIdentityKey":"BSOq3kZYB7jZGdf99N1+zl/uDfh/0oxGNN+a1rMulP8e"},"_chains":{"BYCFZWZxAgYrcgJAnR7Jhk4Hp30z4ODHwWViDWv6kBZt":{"chainKey":{"counter":2,"key":"W8GwOwaeQqntOcJE24ka3KAD7XT44krBOkHfLF9eRQo="},"chainType":1,"messageKeys":{}}},"pendingPreKey":{"signedKeyId":0,"baseKey":"BQWBxLTI5ax1rEtELTOLfSoIKh9Zi1NeTZaM0wsbhWlG"}}},"version":"v1"}