{"_sessions":{"BfgkOSJ8TYh9DbJ0Cty12q5iw6M48+wU8n5H5dAgwaRT":{"registrationId":1976301446,"currentRatchet":{"ephemeralKeyPair":{"pubKey":"Bd7HRrX1n/U2FjVK4oyBesXsaa7IdVTnctkbH1HPE29q","privKey":"mFsHyKj+Wi9aPrS3/GmYrAUiNB959wQufdgKoCAjGE8="},"lastRemoteEphemeralKey":"BZfZcva8tWxNNzWE6XvJt0ks8M9sNlhJKd6nAqE9P44J","previousCounter":0,"rootKey":"eI6brbMaB9J2w5/w/lmEjrrzWUkSCkNBRpkCFmPH63Y="},"indexInfo":{"baseKey":"BfgkOSJ8TYh9DbJ0Cty12q5iw6M48+wU8n5H5dAgwaRT","baseKeyType":1,"closed":-1,"used":1759877806476,"created":1759877806476,"remoteIdentityKey":"BVgYv8KhL2kRzhOk+cX3/pCP62YC/mrLecWHhSZ1fngB"},"_chains":{"Bd7HRrX1n/U2FjVK4oyBesXsaa7IdVTnctkbH1HPE29q":{"chainKey":{"counter":2,"key":"wr2lFz+uharTD5ADQMLvnY3L5u07XB096jbMYmiwNJo="},"chainType":1,"messageKeys":{}}},"pendingPreKey":{"signedKeyId":0,"baseKey":"BfgkOSJ8TYh9DbJ0Cty12q5iw6M48+wU8n5H5dAgwaRT","preKeyId":8655842}}},"version":"v1"}