{"_sessions":{"Bbpc4rwHE6/hKo2Ey5nKqeMorWJLIXvIPgTAv7T2sPcs":{"registrationId":2078789641,"currentRatchet":{"ephemeralKeyPair":{"pubKey":"BcC3AdFHeJ1GEtLjCkmCVjhZaFeyU/ZMGV19sgZEdIk0","privKey":"SDdlL6iUDGpZZpXG+Z3TrbRH4J/kvjOn8ISB+ggxLGA="},"lastRemoteEphemeralKey":"Bb4hSn9L2WJx92pbjwkw9ukSjnAycJVcj+rBLE1PXNU0","previousCounter":0,"rootKey":"tCLnzW6DKS3/q/dDYJD/vF6bNdR9B4TAEROPfQRAbEo="},"indexInfo":{"baseKey":"Bbpc4rwHE6/hKo2Ey5nKqeMorWJLIXvIPgTAv7T2sPcs","baseKeyType":1,"closed":-1,"used":1759877806590,"created":1759877806590,"remoteIdentityKey":"BZoOYfWprrB4Bj4knlU3f9ED/bS+oWnFaVB91scbJeIp"},"_chains":{"BcC3AdFHeJ1GEtLjCkmCVjhZaFeyU/ZMGV19sgZEdIk0":{"chainKey":{"counter":2,"key":"fR6VwegRAkGoWX7W2lAtLJ5XjrzncuxL4ikGmHtkOE8="},"chainType":1,"messageKeys":{}}},"pendingPreKey":{"signedKeyId":4,"baseKey":"Bbpc4rwHE6/hKo2Ey5nKqeMorWJLIXvIPgTAv7T2sPcs","preKeyId":11572925}}},"version":"v1"}