{"_sessions":{"BbL7FJn36x4comPi5LHiO7gnrF6KqfRejxSAa9VvQP42":{"registrationId":1726399949,"currentRatchet":{"ephemeralKeyPair":{"pubKey":"Bebwe36dltCayjRfBNK5jOmpJVl9Pia2PjuoFb18tu8p","privKey":"CDbw0pagikQzCwn8cl+0YkbCoVoXEN9l2+iui2f+W2Q="},"lastRemoteEphemeralKey":"BTAnAuDZZTON0P6NQ2U+tlJw3cs1570yuJ/DOm/pfutY","previousCounter":1,"rootKey":"cJr9Y9YibeEKUoR4x2lyf4R9GE4OfZlL2pLD0f7QhHI="},"indexInfo":{"baseKey":"BbL7FJn36x4comPi5LHiO7gnrF6KqfRejxSAa9VvQP42","baseKeyType":2,"closed":-1,"used":1759879234158,"created":1759875632962,"remoteIdentityKey":"BWgs5QfEE6w8p5uvL/NCSE7NFqdZRhx1Q3ldPxywPqxx"},"_chains":{"BTyWN1kxs2Hc3B9jqGoAnuSjoJ2d17kpO/MghXPU8RhL":{"chainKey":{"counter":3},"chainType":2,"messageKeys":{}},"BWuW7i3zzSszu2DnMJAIfhREDf19N6FFZQKgVFNFgj0K":{"chainKey":{"counter":7},"chainType":2,"messageKeys":{}},"BSWLkdED0x+gTROLfqEGKaK1Pn1Acl+YvmA/RmHh/Vl5":{"chainKey":{"counter":1},"chainType":2,"messageKeys":{}},"BRpTBNX7PAPmxUK3SHXZfVN1zaFfcOv4ej+YfRZZnKEE":{"chainKey":{"counter":0},"chainType":2,"messageKeys":{}},"Bfj21mNPEwzWL9FEwkCbHdlNkoC4gqIpWQkmrTbVIj0y":{"chainKey":{"counter":0},"chainType":2,"messageKeys":{}},"BUfQ4LUru5vYK90JVIG/leo+vZ8I2cOPY4UbW/CU+SE2":{"chainKey":{"counter":0},"chainType":2,"messageKeys":{}},"BRHHrNm3cKniw2FlloUHY72QR77OczmlB4iqbynU1MRP":{"chainKey":{"counter":0},"chainType":2,"messageKeys":{}},"BagllqjnFs0ZNO4K3IytER/UF0SjI8bP9swhzNhj6uUd":{"chainKey":{"counter":0},"chainType":2,"messageKeys":{}},"BUNPeY2eOhdIlgJ2N06Rzh8YbiwOgOG67w9xy1Tenz0L":{"chainKey":{"counter":13},"chainType":2,"messageKeys":{}},"BbK44wC+jQfJe29aJX6oTv0PgsShyI8hWNyLVHqSclEA":{"chainKey":{"counter":0},"chainType":2,"messageKeys":{}},"BYuJtFOgHVcZF3SQumNhOcTQUx3LT4sNjYeCYw6wgKFJ":{"chainKey":{"counter":0},"chainType":2,"messageKeys":{}},"BYSMG2bNAoMCNkHVQ1471hdf7mymelSogt2tRu7HXMUN":{"chainKey":{"counter":0},"chainType":2,"messageKeys":{}},"BSAtrfZe9HzBhf4Bm7zNr7a77ZXi7+86zDJ6ycDhadFX":{"chainKey":{"counter":0},"chainType":2,"messageKeys":{}},"BXJe+qKATcPFr+w+/KUia53UYtiF6rZDTz1/GF/ES1x5":{"chainKey":{"counter":4},"chainType":2,"messageKeys":{}},"Bf4SpnNYLa641tsA7Eg9eROOvxbQh43dgVsbYk+L3YA0":{"chainKey":{"counter":0},"chainType":2,"messageKeys":{}},"BYhSBFzod1Gtm5/KR4QIAGapWWrceTJMtMZwxJMzS7tf":{"chainKey":{"counter":0},"chainType":2,"messageKeys":{}},"BTiz7baX8scH/DDBB7ASRcJqxFNj2FCXZSbHCLJp/JxB":{"chainKey":{"counter":0},"chainType":2,"messageKeys":{}},"BdWlihpe6IjROtDR8HMa0HcUcZKUSooCaP9jSaFjuEMU":{"chainKey":{"counter":0},"chainType":2,"messageKeys":{}},"BZ/uUxMOf6e4OkM9XkYz267olAMR7szQlJB6lOQ6OchQ":{"chainKey":{"counter":0},"chainType":2,"messageKeys":{}},"BRubdFG2V8JfW9x8eu+rDWTQPxSj1HKy1ffK6rSjqFF7":{"chainKey":{"counter":0},"chainType":2,"messageKeys":{}},"BZaqIvi56ubPLMqLghl7qMLXPhvIXbNlb2WCzvjByM8Z":{"chainKey":{"counter":0},"chainType":2,"messageKeys":{}},"BSHPUiI3UXSBnJU34i3U40sYtJMhGYeAD95NDiFUe1pV":{"chainKey":{"counter":0},"chainType":2,"messageKeys":{}},"BTl02IS2Dr8btt/bF9ekxJBVnhf0WO4MBM/7NT4N0xJ6":{"chainKey":{"counter":0},"chainType":2,"messageKeys":{}},"BRYUS0nUvllWGwtqt4jtxxt7k1PZoV9+xWv7SSiSJd9n":{"chainKey":{"counter":0},"chainType":2,"messageKeys":{}},"BTUGj0zmmMyIYZ8fuAp8pWywoCZvBH0MPt+ShqX23goW":{"chainKey":{"counter":0},"chainType":2,"messageKeys":{}},"Bd559ujFKangK61hOewelMjLHhr96QT4ctYa0z3y3+oe":{"chainKey":{"counter":0},"chainType":2,"messageKeys":{}},"BfyFKBsP3N4OT2tJfwyzHxKsF+KJCPxO1hHx1zz80N0y":{"chainKey":{"counter":0},"chainType":2,"messageKeys":{}},"BVBuQVTmp4l/IcLClabvr5n+Bu3JaReiAzVjnBxIIERM":{"chainKey":{"counter":0},"chainType":2,"messageKeys":{}},"BXWgS0oeAaDp8+U5eKDqo1D8Xf6CjtIZls4ByQJZ6xNI":{"chainKey":{"counter":0},"chainType":2,"messageKeys":{}},"BZdUqs+KRoYSdolIgW+sM8IEUJhxmwIUnB3O+UDwnsU2":{"chainKey":{"counter":1},"chainType":2,"messageKeys":{}},"BdUSiRpJTNLP80CLoj9lychZIuKGjWEU/JqHgJuZ6Ncy":{"chainKey":{"counter":0},"chainType":2,"messageKeys":{}},"BbDuQ1Oo4IqUCZWICwRPsjC/lZK+U19g8uH7G0l8HFB0":{"chainKey":{"counter":0},"chainType":2,"messageKeys":{}},"BVJFEQkhTw6R/0c77l9lxaqdcKh0GJLZkFIQgY/gyWky":{"chainKey":{"counter":0},"chainType":2,"messageKeys":{}},"BTAnAuDZZTON0P6NQ2U+tlJw3cs1570yuJ/DOm/pfutY":{"chainKey":{"counter":0,"key":"2AEMR1cxlPl1xwn145GInHh1IvUdmIOxMFwOpQOSbqQ="},"chainType":2,"messageKeys":{}},"Bebwe36dltCayjRfBNK5jOmpJVl9Pia2PjuoFb18tu8p":{"chainKey":{"counter":0,"key":"h033NWaiFHjP6vMdqDuWrv02vWwv1CGMXfXS85W/I5k="},"chainType":1,"messageKeys":{}}}}},"version":"v1"}