{"_sessions":{"BSqQCX1JPZ/l/FSzWWMmIZMXPzUm/V1/eFkEvBJJSRdc":{"registrationId":1720198499,"currentRatchet":{"ephemeralKeyPair":{"pubKey":"BfqpQ7eY68Cn8oQo8j/QcO2K4343pbbzSMy1TQIDPFNv","privKey":"CMwwHyUEKBSlptZmiy8apSL3f5U8QRHjSoDHQww9wEM="},"lastRemoteEphemeralKey":"BSaF0+iKBbeSO88X3S4TXmGbWOZz/+yYZeqneR87RXxs","previousCounter":0,"rootKey":"BLUUAFGGLGpEipd7mp6ER3WpKFN1z4+TTKZUbuSduJg="},"indexInfo":{"baseKey":"BSqQCX1JPZ/l/FSzWWMmIZMXPzUm/V1/eFkEvBJJSRdc","baseKeyType":1,"closed":-1,"used":1759877806562,"created":1759877806562,"remoteIdentityKey":"BZ3s29K9YQHjINJ/pcAf9DEq3cxvJjL7dP9TPNcawKIo"},"_chains":{"BfqpQ7eY68Cn8oQo8j/QcO2K4343pbbzSMy1TQIDPFNv":{"chainKey":{"counter":2,"key":"M0L7UfoDjZHZngVobODbWOHNOnnSrcuWwYIVaYYp0rM="},"chainType":1,"messageKeys":{}}},"pendingPreKey":{"signedKeyId":0,"baseKey":"BSqQCX1JPZ/l/FSzWWMmIZMXPzUm/V1/eFkEvBJJSRdc","preKeyId":12692986}}},"version":"v1"}