{"_sessions":{"BWvlgfhU4ENlEdzGtlXnCfObuyBBoweJbabSa5DbuvE+":{"registrationId":812510769,"currentRatchet":{"ephemeralKeyPair":{"pubKey":"BYMeveNIU92LIZOlj6hhzZtF03f72cOkU3yZXsjt75Ia","privKey":"6EHj5lPE7bDwgb2IqP1+w+7Kwva1JMrMjk19We4jDVs="},"lastRemoteEphemeralKey":"BdEbiiVolrHzifOZu6yRl/EiHNYOULAqrmJMJBjJrilR","previousCounter":0,"rootKey":"EVkP0LoHbEgZt3bnY40psXOeDBHkvg0wOhQ3z3NeiUE="},"indexInfo":{"baseKey":"BWvlgfhU4ENlEdzGtlXnCfObuyBBoweJbabSa5DbuvE+","baseKeyType":1,"closed":-1,"used":1759877806567,"created":1759877806567,"remoteIdentityKey":"BdS4TKrrITTOTvAC7NuHbKWx0KbS6i8MrNROc7i0DSxt"},"_chains":{"BYMeveNIU92LIZOlj6hhzZtF03f72cOkU3yZXsjt75Ia":{"chainKey":{"counter":2,"key":"n/4hQPDhqKd++0EUTJW9T8Lriv4YxNi+JUKBrLmh03A="},"chainType":1,"messageKeys":{}}},"pendingPreKey":{"signedKeyId":0,"baseKey":"BWvlgfhU4ENlEdzGtlXnCfObuyBBoweJbabSa5DbuvE+","preKeyId":3588034}}},"version":"v1"}