{"_sessions":{"BaBk1BsWU8FQf65hhXgUYFuyIUme4EFNz1E3StIOTcwM":{"registrationId":1061775760,"currentRatchet":{"ephemeralKeyPair":{"pubKey":"Bd4KZmwchDQdqYV+MVzbXvAtnKJRnpcH5uBsZKjF5aB1","privKey":"EHuE3XDB5d6qLtH55Ju+oVNFW/wrnqBPC8X8WX7cLE4="},"lastRemoteEphemeralKey":"Bb5HvG0Q+s/XA2GjC0h0RfloY3opYqodjjyHMQSZsW4x","previousCounter":0,"rootKey":"nnq6zfQFLQWs4m1VBcLQEO8C6umDmUdr2aOtJK6hpbM="},"indexInfo":{"baseKey":"BaBk1BsWU8FQf65hhXgUYFuyIUme4EFNz1E3StIOTcwM","baseKeyType":1,"closed":-1,"used":1759877806771,"created":1759877806771,"remoteIdentityKey":"BY7d0VYi6NYdKeR3M0VFaHiVIAzTaNs4WzjQv13Zoete"},"_chains":{"Bd4KZmwchDQdqYV+MVzbXvAtnKJRnpcH5uBsZKjF5aB1":{"chainKey":{"counter":2,"key":"Bae6G+57JcN0qIzH1QcbaN4D+RxuRtDNhvcnUWXK7G0="},"chainType":1,"messageKeys":{}}},"pendingPreKey":{"signedKeyId":1,"baseKey":"BaBk1BsWU8FQf65hhXgUYFuyIUme4EFNz1E3StIOTcwM","preKeyId":1644}}},"version":"v1"}