{"_sessions":{"Bd5EvA8QW1htNTmCjySWZAIqt5TVEzPPZu3l+R/YrX9X":{"registrationId":268970021,"currentRatchet":{"ephemeralKeyPair":{"pubKey":"BZnipmzk+7JPKO9BUMYex91Z/AKp3vQ+VFCq0dfCo0le","privKey":"qNBLXfjgahjJy2qRoK9jOwvEphj5t8riyWPKgqkQtkE="},"lastRemoteEphemeralKey":"BaEgr2+mZxN8Q5k6/JzLHLK6C+7TDGhGtlaQgwkGXLU9","previousCounter":2,"rootKey":"8wo36FnKpNg2HvsAkar9pkMYLkVj9/ZnyvxYTLiB4og="},"indexInfo":{"baseKey":"Bd5EvA8QW1htNTmCjySWZAIqt5TVEzPPZu3l+R/YrX9X","baseKeyType":1,"closed":-1,"used":1759879429925,"created":1759877806499,"remoteIdentityKey":"BabqDmYY/YbaBxI1eyNl5vv6PJt02ak4QX2IKlHHmAIu"},"_chains":{"BaEgr2+mZxN8Q5k6/JzLHLK6C+7TDGhGtlaQgwkGXLU9":{"chainKey":{"counter":0,"key":"p41j8tQka0icjFKv0yjhlq/KzJNBK/fH3q2LNA3qeSU="},"chainType":2,"messageKeys":{}},"BZnipmzk+7JPKO9BUMYex91Z/AKp3vQ+VFCq0dfCo0le":{"chainKey":{"counter":-1,"key":"XLnHLWeTbfldxBDBIkrBXJm+iOlyL5Um+s1tpSYSto8="},"chainType":1,"messageKeys":{}}}}},"version":"v1"}