{"_sessions":{"BY04RHQTllC329+s8UakaDdgx7K/Ezb0hDjGm4r6icQK":{"registrationId":1636305265,"currentRatchet":{"ephemeralKeyPair":{"pubKey":"Bceq4PQNDCzZtbJPOYXjxHigY3vZkPVm6i72jh2F0KIL","privKey":"aNTBlyiD+XSBWzuzh1VxXoaPcBRANAnsA9fjiHfrJ3o="},"lastRemoteEphemeralKey":"BY0E8mUJuf0Qsfg37MxFF8Jxgs+QwhF0SYSUXzOXnHlo","previousCounter":0,"rootKey":"BZlb1J5L+1G62++ctEXU9l7U5601/lsLOhhHxYCRj8E="},"indexInfo":{"baseKey":"BY04RHQTllC329+s8UakaDdgx7K/Ezb0hDjGm4r6icQK","baseKeyType":1,"closed":-1,"used":1759877806396,"created":1759877806396,"remoteIdentityKey":"BUxHKY1sa1ranAZexW74NIwIHR0HrjX8g5iUrNmFNhx5"},"_chains":{"Bceq4PQNDCzZtbJPOYXjxHigY3vZkPVm6i72jh2F0KIL":{"chainKey":{"counter":2,"key":"uyzWbq2mO0LaYcOvujOPvFdj+bhH815MMoi0qntELHk="},"chainType":1,"messageKeys":{}}},"pendingPreKey":{"signedKeyId":0,"baseKey":"BY04RHQTllC329+s8UakaDdgx7K/Ezb0hDjGm4r6icQK","preKeyId":13980118}}},"version":"v1"}