{"_sessions":{"BeRBJ1hUdHMJz3tsKeSJ5u6j1YiRjoBDLViJ7V6sghtW":{"registrationId":63292618,"currentRatchet":{"ephemeralKeyPair":{"pubKey":"BWP+9xPb9q/VQiq2QuDWV04YNLx4cC1eafgkCHk9l2xF","privKey":"eG84zug6PAZ5f9mb/AydH3KfBmSA1CpK5WMceJYBLVE="},"lastRemoteEphemeralKey":"BdECDZ5okNk8p8B45ovw7dwW40g1Yn2c4+flntcs44Yu","previousCounter":0,"rootKey":"giBkfKfXKjKxqYdJgKyEhVrgwSPKTqTraAYoLH0JOjw="},"indexInfo":{"baseKey":"BeRBJ1hUdHMJz3tsKeSJ5u6j1YiRjoBDLViJ7V6sghtW","baseKeyType":1,"closed":-1,"used":1759877806404,"created":1759877806404,"remoteIdentityKey":"BT02p3Neew0y9cDVJGXZW74mldhZ7fkv/gJUnbleMXpK"},"_chains":{"BWP+9xPb9q/VQiq2QuDWV04YNLx4cC1eafgkCHk9l2xF":{"chainKey":{"counter":2,"key":"5lRcReWowUe3a0KNOvd+wD76lsYSOg6Rw/53u8hpoX0="},"chainType":1,"messageKeys":{}}},"pendingPreKey":{"signedKeyId":1,"baseKey":"BeRBJ1hUdHMJz3tsKeSJ5u6j1YiRjoBDLViJ7V6sghtW","preKeyId":14594832}}},"version":"v1"}