{"_sessions":{"BWC4aMv1pdSK4TWU5kq2iNPjUbJj2Pgx61xZ5XaG0tgn":{"registrationId":3803833146,"currentRatchet":{"ephemeralKeyPair":{"pubKey":"BaMUsVjfIlZfQRy4P4Ju0c9VEW//BR0QGTXKySFIs/Eh","privKey":"UOUyXm7vjbdUKFKAFPIh+tlgkRQA/0rvwoiKxgfzgVQ="},"lastRemoteEphemeralKey":"BW6/ugZMiKm/cCta14IZLes6/LL7QbcfomLQfHh0KEY2","previousCounter":0,"rootKey":"gZCOB8tuKTA5zQCHB3PWNVNVC6OdCW+ZUMz0m6Qw+6c="},"indexInfo":{"baseKey":"BWC4aMv1pdSK4TWU5kq2iNPjUbJj2Pgx61xZ5XaG0tgn","baseKeyType":1,"closed":-1,"used":1759877806746,"created":1759877806746,"remoteIdentityKey":"BcNfFyloOIG9kVFIk/vh7SY3ADw5bjYy0G1samewWtVF"},"_chains":{"BaMUsVjfIlZfQRy4P4Ju0c9VEW//BR0QGTXKySFIs/Eh":{"chainKey":{"counter":2,"key":"dKeAGagJko+gTq1FX6+67Hio7yq31VN72n1JcQaQInE="},"chainType":1,"messageKeys":{}}},"pendingPreKey":{"signedKeyId":1,"baseKey":"BWC4aMv1pdSK4TWU5kq2iNPjUbJj2Pgx61xZ5XaG0tgn"}}},"version":"v1"}