{"_sessions":{"BX9mmg+7vRPwALUuEOLRAUoXD3h76+cDe+7z2gomn2wh":{"registrationId":1148471297,"currentRatchet":{"ephemeralKeyPair":{"pubKey":"BbsicNEwgUsGUT0Ei3uWH2ssiqYcsRkRPnK4pl8j6yVb","privKey":"aHFmCAZ0FKwH5ox8hO9Ci4fE9DCVjp1qR/BpnoZi+mc="},"lastRemoteEphemeralKey":"BRo9WiqleMP4/ScCH9TJXQQmxrvFrS9oN8GBr02aqwRn","previousCounter":0,"rootKey":"yg6WvNQBdZRybp+WJiqIrQog1115MMG0tCuUGFR8a9U="},"indexInfo":{"baseKey":"BX9mmg+7vRPwALUuEOLRAUoXD3h76+cDe+7z2gomn2wh","baseKeyType":1,"closed":-1,"used":1759877806551,"created":1759877806551,"remoteIdentityKey":"BeK9/zU9bvQ+7tmxRR7lgnt4iJ7lIHYyO0LxM0SWErVj"},"_chains":{"BbsicNEwgUsGUT0Ei3uWH2ssiqYcsRkRPnK4pl8j6yVb":{"chainKey":{"counter":2,"key":"nOewjlSbjrtU5/A48LSkyP9NqBRf8LbgVbKRyeA/KSk="},"chainType":1,"messageKeys":{}}},"pendingPreKey":{"signedKeyId":0,"baseKey":"BX9mmg+7vRPwALUuEOLRAUoXD3h76+cDe+7z2gomn2wh","preKeyId":13568009}}},"version":"v1"}