{"_sessions":{"BdXgehOV37VLe0aN7RGxAm683/8J1oODWh33ep9DI/MH":{"registrationId":982986025,"currentRatchet":{"ephemeralKeyPair":{"pubKey":"Beg7O4PVe8Xnljw22b2QRxVj3EAABSgcyC56S8bt/ARK","privKey":"gJpgWiefwoz4CtB3cO3wF2z6vk+5JPyQy17SoqPBDGc="},"lastRemoteEphemeralKey":"Be4qHYQlQnlkjDsBQ9/DbhG9bOJaAJeUYHo0V6fdG/4F","previousCounter":0,"rootKey":"DcT+Kcm1WZQqNVpR/4mFh82Zns/yu7QbNpogLprJlAQ="},"indexInfo":{"baseKey":"BdXgehOV37VLe0aN7RGxAm683/8J1oODWh33ep9DI/MH","baseKeyType":1,"closed":-1,"used":1759877806621,"created":1759877806621,"remoteIdentityKey":"Bff8KpREvwmWIoVWso2uo0NeS0rVwsI3pfG2EgXl3Gcs"},"_chains":{"Beg7O4PVe8Xnljw22b2QRxVj3EAABSgcyC56S8bt/ARK":{"chainKey":{"counter":2,"key":"owFaRj6xtE75COR5YIBT8qLDKC4gc32o8HnG+xaCIFg="},"chainType":1,"messageKeys":{}}},"pendingPreKey":{"signedKeyId":12,"baseKey":"BdXgehOV37VLe0aN7RGxAm683/8J1oODWh33ep9DI/MH","preKeyId":13661405}}},"version":"v1"}