{"_sessions":{"BZZ2Fs1aRaPQKXpvdD6yvaqr72T9LTWauRFAWOttD8dA":{"registrationId":1052348792,"currentRatchet":{"ephemeralKeyPair":{"pubKey":"BUOTniRUOhyxyb16jaok0zvtmHP64tuUt+WYAZiEQsBV","privKey":"MLplzs9qQQoyy3uPjANZFmPrMUzwb1YxvJKLVE+gu3E="},"lastRemoteEphemeralKey":"Bf9Bj0hYEQ4k2WNsrGu0PKZgw2KTh8D12s4nTx5C3R45","previousCounter":0,"rootKey":"e06nVNI36EBpBoeq/jb5OQnMMxHiZ/gbaGHNvKtTWS8="},"indexInfo":{"baseKey":"BZZ2Fs1aRaPQKXpvdD6yvaqr72T9LTWauRFAWOttD8dA","baseKeyType":1,"closed":-1,"used":1759877806426,"created":1759877806426,"remoteIdentityKey":"BWtZBArkN5dYY4RkdkfCen3Bo48DQ1Q/rveUfPs08tY/"},"_chains":{"BUOTniRUOhyxyb16jaok0zvtmHP64tuUt+WYAZiEQsBV":{"chainKey":{"counter":2,"key":"3dC05EslHr3sR1wdJxlg8iPWBBikT8xA2CTSAkzxMkc="},"chainType":1,"messageKeys":{}}},"pendingPreKey":{"signedKeyId":0,"baseKey":"BZZ2Fs1aRaPQKXpvdD6yvaqr72T9LTWauRFAWOttD8dA","preKeyId":10473112}}},"version":"v1"}