{"_sessions":{"BTb1CDR6OP5RcunRl+pFWbxwJU6eaHu3NYdsggHsvZIX":{"registrationId":1239165666,"currentRatchet":{"ephemeralKeyPair":{"pubKey":"Befr51SeS+wHlcPVvt42TJEqGK3mSIZqRgZIvKyuezhx","privKey":"uOWT7pahaW+lr1gzdcqRI3RGUUz6Lc4AZxEhHL1QTE0="},"lastRemoteEphemeralKey":"BSdPBkePW0BbLwWryLRlrDjeBiu0uBoxvzp2HqVjGIV6","previousCounter":0,"rootKey":"o07/Nz+5o/ZIj5AL751poTojm8pTJs2LR3un1Hei4FE="},"indexInfo":{"baseKey":"BTb1CDR6OP5RcunRl+pFWbxwJU6eaHu3NYdsggHsvZIX","baseKeyType":1,"closed":-1,"used":1759877806624,"created":1759877806624,"remoteIdentityKey":"BdmlgC9oBHWdvlfGmidnHKuC+J7D5WUoauHKdjP8NRk/"},"_chains":{"Befr51SeS+wHlcPVvt42TJEqGK3mSIZqRgZIvKyuezhx":{"chainKey":{"counter":2,"key":"2zdtgaVy5zgomIme4lkRV63rrsrr9Y2nxhkI3nK7wUk="},"chainType":1,"messageKeys":{}}},"pendingPreKey":{"signedKeyId":2,"baseKey":"BTb1CDR6OP5RcunRl+pFWbxwJU6eaHu3NYdsggHsvZIX","preKeyId":14283370}}},"version":"v1"}