{"_sessions":{"BUri/bLlRuln06NcyYnrd/EhfQKbG9Z9EvCD7dNri1tb":{"registrationId":1634151310,"currentRatchet":{"ephemeralKeyPair":{"pubKey":"BcC+Fh5/PPP9a6MxwCPr7pus1OG01UC3yUKjYRQShQJ3","privKey":"wOlkyh0kD/YPxyQLNUPYGlgmyHBJil6eypne1tKdS2s="},"lastRemoteEphemeralKey":"BTM3KCvIsMJmJPG+griXtm8hoRIu7jSgaikgAQ+AG+0X","previousCounter":0,"rootKey":"lAQX+DpIDIpO/iB4P6e5rDVu4geG2Qgeyox1nleq2lo="},"indexInfo":{"baseKey":"BUri/bLlRuln06NcyYnrd/EhfQKbG9Z9EvCD7dNri1tb","baseKeyType":1,"closed":-1,"used":1759877806504,"created":1759877806504,"remoteIdentityKey":"BQU1sIdVKCcH2aw7uj+6A6akrsy179Q8V0HMrSx+LOYE"},"_chains":{"BcC+Fh5/PPP9a6MxwCPr7pus1OG01UC3yUKjYRQShQJ3":{"chainKey":{"counter":2,"key":"ZrnHDSkjXOP9X0SJX0j3+bHVIjQey1yFYx5dCG5OExk="},"chainType":1,"messageKeys":{}}},"pendingPreKey":{"signedKeyId":21,"baseKey":"BUri/bLlRuln06NcyYnrd/EhfQKbG9Z9EvCD7dNri1tb","preKeyId":10864357}}},"version":"v1"}