{"_sessions":{"BfjlUyI90OdgeVDUHAK1cf8V92NRT7KqI0R+23DmBMdi":{"registrationId":1103612060,"currentRatchet":{"ephemeralKeyPair":{"pubKey":"BRjSS8/GrR+QuswIKk9+6U+cuPoAtJNmcZMnzkjlsqIX","privKey":"MI01sLX5qzJXFto2q3SpITPn4nFCpsvtuwEaZ/W/vlk="},"lastRemoteEphemeralKey":"BQ6Mocs/MfGm3SSj0/OmrdHvi56eH5n8Vlhh6r7dkaY+","previousCounter":0,"rootKey":"o5dGUkrpYrkfaHAZKUHVdQzXDTqthhzqtjTY6NGKkiY="},"indexInfo":{"baseKey":"BfjlUyI90OdgeVDUHAK1cf8V92NRT7KqI0R+23DmBMdi","baseKeyType":1,"closed":-1,"used":1759877806459,"created":1759877806459,"remoteIdentityKey":"BaJplGPZx7ubM2+CvuydS5NK/A+MCIDMa5Qq+nwnvJpt"},"_chains":{"BRjSS8/GrR+QuswIKk9+6U+cuPoAtJNmcZMnzkjlsqIX":{"chainKey":{"counter":2,"key":"aHCimI/fMkd0nUIDQ5j7EKzquH6FQBHEmZtuCUUsUFk="},"chainType":1,"messageKeys":{}}},"pendingPreKey":{"signedKeyId":6,"baseKey":"BfjlUyI90OdgeVDUHAK1cf8V92NRT7KqI0R+23DmBMdi","preKeyId":8812193}}},"version":"v1"}