{"_sessions":{"BbXQ4WILIDVpVZCgxIsnbZk4oNAJe2vd3r4TmtS7DRly":{"registrationId":2134322553,"currentRatchet":{"ephemeralKeyPair":{"pubKey":"BVG9f8fI4JRMZKqZPevzrku06ukjPR0ZuBGYQwVSHWlQ","privKey":"6BKS7/DD8I+9zHaT75vZBxwhhAx7aOIL5yqdqMxacHQ="},"lastRemoteEphemeralKey":"BQQZszGqTMj1m1xezeAxryWNi35omtsZ+Ul+jIoym2Vu","previousCounter":0,"rootKey":"U0cTgzHuRXHsveKrgISmg9fVkAEuSMMKD1R8hmLLI6g="},"indexInfo":{"baseKey":"BbXQ4WILIDVpVZCgxIsnbZk4oNAJe2vd3r4TmtS7DRly","baseKeyType":1,"closed":-1,"used":1759877806564,"created":1759877806564,"remoteIdentityKey":"BTWEMp/agvPCsYrEtoncuYJ/BY2ZAR93HMcP/DtdiOAh"},"_chains":{"BVG9f8fI4JRMZKqZPevzrku06ukjPR0ZuBGYQwVSHWlQ":{"chainKey":{"counter":2,"key":"5Uqvlu70JonlYKL4+Hh3WOgFelivsEEq5bWB4q4CZSE="},"chainType":1,"messageKeys":{}}},"pendingPreKey":{"signedKeyId":3,"baseKey":"BbXQ4WILIDVpVZCgxIsnbZk4oNAJe2vd3r4TmtS7DRly","preKeyId":14659644}}},"version":"v1"}