{"_sessions":{"BQivwlzgV84KXKncBZj/oktp5dULGLtTAk00P2m0jKE5":{"registrationId":2102367209,"currentRatchet":{"ephemeralKeyPair":{"pubKey":"BWn/bO8Wc7HyD4NqtEntwbVqEPFZo1YU6VOLA/a5n7MW","privKey":"OEuyRzVoJejvArOUKWhqR7fIJv6vf9Vw5mUG0IxwnEQ="},"lastRemoteEphemeralKey":"BSFLR4aDnRa4LqpJ7K2eRLL7ITxUQVAaxmdEnNZ9sABx","previousCounter":0,"rootKey":"pA2RHg3uFTg9w3EoQB1bL8pJ6MfwCmyEuGMY9RMbKG4="},"indexInfo":{"baseKey":"BQivwlzgV84KXKncBZj/oktp5dULGLtTAk00P2m0jKE5","baseKeyType":1,"closed":-1,"used":1759877806576,"created":1759877806576,"remoteIdentityKey":"BfaTB1n7n1I0kXTG3dBopTHQis0/71Lbrkh1vhTXTkgd"},"_chains":{"BWn/bO8Wc7HyD4NqtEntwbVqEPFZo1YU6VOLA/a5n7MW":{"chainKey":{"counter":2,"key":"ZemS0wAInGthtv5gyoyiHl6IDwkCpFM+hTInHdRlA3c="},"chainType":1,"messageKeys":{}}},"pendingPreKey":{"signedKeyId":11,"baseKey":"BQivwlzgV84KXKncBZj/oktp5dULGLtTAk00P2m0jKE5","preKeyId":12505856}}},"version":"v1"}