{"_sessions":{"BZLnZbznNLrKyEhaYp5H9VrPvMhNuF2BzX8fGO6YLuBh":{"registrationId":1249170318,"currentRatchet":{"ephemeralKeyPair":{"pubKey":"BUz2zVMK5eibOAs5r2cqdzh1tX0vJ1c0FwHymDHOVJMu","privKey":"AGnV5lo83spBXahEKj/QvQBAl1PVWmlKxs1ODT6SF2s="},"lastRemoteEphemeralKey":"BRPh3H7MF70Q84bvHwRy7saZgBcvuEQkgcGeczj23Cwk","previousCounter":0,"rootKey":"29HxYStjoeAubFAGhiCIemnRT8Jh4s57rBy1HluI9v0="},"indexInfo":{"baseKey":"BZLnZbznNLrKyEhaYp5H9VrPvMhNuF2BzX8fGO6YLuBh","baseKeyType":1,"closed":-1,"used":1759877806528,"created":1759877806528,"remoteIdentityKey":"BfyKyHRo7uGhhuvpD9Q2aQva01z3sMoz3lwfEKjM1Sxz"},"_chains":{"BUz2zVMK5eibOAs5r2cqdzh1tX0vJ1c0FwHymDHOVJMu":{"chainKey":{"counter":2,"key":"I4N2ZmZXjK3/M/1vx53bGIknQ5Ssgh+zMrNW1t3K+/4="},"chainType":1,"messageKeys":{}}},"pendingPreKey":{"signedKeyId":3153260,"baseKey":"BZLnZbznNLrKyEhaYp5H9VrPvMhNuF2BzX8fGO6YLuBh","preKeyId":3029}}},"version":"v1"}