{"_sessions":{"BRgZb3aS1zYsDc9TQM33ivfAYRAz42vViKwTkQ8PKrVv":{"registrationId":149131453,"currentRatchet":{"ephemeralKeyPair":{"pubKey":"BdNYUcdWHmhrdfP48TKvxqE+Qknbq4M+K/JtcGYcNLk7","privKey":"KKEOxo9+PlgtTl51n9dWKXLUmuCoBZfNymg9SZ3Jp1Q="},"lastRemoteEphemeralKey":"BXMGExbmgCEmLWsOHSDhvUw18HYHIwV7ir5foC6YZ5Jk","previousCounter":0,"rootKey":"q6tvV08yC0ntS2NX4NdY3f4+s8okD1diLpFBzTc/7r0="},"indexInfo":{"baseKey":"BRgZb3aS1zYsDc9TQM33ivfAYRAz42vViKwTkQ8PKrVv","baseKeyType":1,"closed":-1,"used":1759877806727,"created":1759877806727,"remoteIdentityKey":"BbzEnLmh30oTXH/E0mhHUglIhu4qGYd2v1RGSEAdYdI0"},"_chains":{"BdNYUcdWHmhrdfP48TKvxqE+Qknbq4M+K/JtcGYcNLk7":{"chainKey":{"counter":2,"key":"bRzXq/dt1M2wdl3oB3eh9ycw6g5lFo3JG96xuBEc6IY="},"chainType":1,"messageKeys":{}}},"pendingPreKey":{"signedKeyId":0,"baseKey":"BRgZb3aS1zYsDc9TQM33ivfAYRAz42vViKwTkQ8PKrVv","preKeyId":457944}}},"version":"v1"}