{"_sessions":{"BSrvQjSGm3MQSh+9s/NtzlsC06cdiXveEZgP3dclQD8w":{"registrationId":710040744,"currentRatchet":{"ephemeralKeyPair":{"pubKey":"BeFHWsVjuX+Q/S7vODp4aMlbZyRBWLO70nKPp14NmYMF","privKey":"YP57ntD5KweYlnxbvriHvb61Lboh8EekPx1a29eVD38="},"lastRemoteEphemeralKey":"BZJfvOl6Ec1ikXCsl5p7J6bmH/ekdmbaJvxCdimjOWdp","previousCounter":0,"rootKey":"lW6nPOb4OgKnwZmMTk23K4XEV6V1yxmHuxka7gpMa7w="},"indexInfo":{"baseKey":"BSrvQjSGm3MQSh+9s/NtzlsC06cdiXveEZgP3dclQD8w","baseKeyType":1,"closed":-1,"used":1759877806582,"created":1759877806582,"remoteIdentityKey":"BYDBr/3+mxwdPU+Dw/HJe2gLbfI/f60o3HZ9dxxCUndP"},"_chains":{"BeFHWsVjuX+Q/S7vODp4aMlbZyRBWLO70nKPp14NmYMF":{"chainKey":{"counter":2,"key":"6rMjlqJh/cbEHIRdn10NYJL+x7mW4gwN9F4rWpiBIyM="},"chainType":1,"messageKeys":{}}},"pendingPreKey":{"signedKeyId":8,"baseKey":"BSrvQjSGm3MQSh+9s/NtzlsC06cdiXveEZgP3dclQD8w","preKeyId":12033129}}},"version":"v1"}