{"_sessions":{"BTc8zvplxoVT1hUPcn0A2VIN1KTbCeybitiXfldU3tM7":{"registrationId":800535822,"currentRatchet":{"ephemeralKeyPair":{"pubKey":"BX+mwUTZ4DHl8OCmfEbHx2v04zYyP9x1QCW5oybivm18","privKey":"GM6ltbDRYxBygNwqfT43GD9ZPPl/YhLXfDfJryljvkk="},"lastRemoteEphemeralKey":"BSEwGCVPP5jX72Kfqz7w3xow+wHrAdESFsOwT+vYXK5T","previousCounter":0,"rootKey":"VSqByPqnjtKDkXYZ/ght333W6IpHckj+2iAAu4zs7tE="},"indexInfo":{"baseKey":"BTc8zvplxoVT1hUPcn0A2VIN1KTbCeybitiXfldU3tM7","baseKeyType":1,"closed":-1,"used":1759877806650,"created":1759877806650,"remoteIdentityKey":"BYG1w5VmsvVkD/FWb+VrKn5Uyd9LCuCYi/1K59DvrsxJ"},"_chains":{"BX+mwUTZ4DHl8OCmfEbHx2v04zYyP9x1QCW5oybivm18":{"chainKey":{"counter":2,"key":"eRoioFwkbcnGwTXE7+Jguv314FiKU0Ms6VD+ExzZgrY="},"chainType":1,"messageKeys":{}}},"pendingPreKey":{"signedKeyId":3,"baseKey":"BTc8zvplxoVT1hUPcn0A2VIN1KTbCeybitiXfldU3tM7","preKeyId":9139281}}},"version":"v1"}