{"_sessions":{"BZqe48B4824K+Gp1JW6G7J3xnViI4ZEhJLcOX/63lJdE":{"registrationId":1544068790,"currentRatchet":{"ephemeralKeyPair":{"pubKey":"BRi6EZxN3CM6gR2TgCwJS4jGohpWRwrEIysAE10nhC4s","privKey":"qLSYwHBIEahoF6YAFmlVJQA9nkZfPmmX4JObm1ZX1VU="},"lastRemoteEphemeralKey":"BZQp6Dc+MA37T8QWGg9VfpFXH9zxIXp0pDnS1kAos1Es","previousCounter":0,"rootKey":"n9uM7OvMmh4barrQffxPAK4tdnByesQaOCuYMKnecYk="},"indexInfo":{"baseKey":"BZqe48B4824K+Gp1JW6G7J3xnViI4ZEhJLcOX/63lJdE","baseKeyType":1,"closed":-1,"used":1759877806635,"created":1759877806635,"remoteIdentityKey":"BZ2m6T1Mjvamxa59a0cDn4Xc/yoXUPnFYcG5jcbK5zNu"},"_chains":{"BRi6EZxN3CM6gR2TgCwJS4jGohpWRwrEIysAE10nhC4s":{"chainKey":{"counter":2,"key":"IZUzjqpCN6QI0kSkniLRzSj/uId0OXMVxFRm0sKPUZo="},"chainType":1,"messageKeys":{}}},"pendingPreKey":{"signedKeyId":0,"baseKey":"BZqe48B4824K+Gp1JW6G7J3xnViI4ZEhJLcOX/63lJdE","preKeyId":16628805}}},"version":"v1"}