{"_sessions":{"BcPUJoDHTqHIeWuAKDZuoguQxko+Zxf0RGVZ8iryHStE":{"registrationId":194065133,"currentRatchet":{"ephemeralKeyPair":{"pubKey":"BR0alwIWvfxvMzoWmtRrYRng/hp7U0yMXb6TyGI9RG0n","privKey":"8JDWQYasjtb6BNUaTi6tW5vaGUAin3wxQ9pLZ4ItCnM="},"lastRemoteEphemeralKey":"BeSTyz0qenBXnfcKO231xIV5eohMaTuMFlc3j0uMZgo/","previousCounter":0,"rootKey":"cRBBNJiXYbkf3X1G79sMxm/hPamvFAwLXoEoi6sa8oA="},"indexInfo":{"baseKey":"BcPUJoDHTqHIeWuAKDZuoguQxko+Zxf0RGVZ8iryHStE","baseKeyType":1,"closed":-1,"used":1759877806431,"created":1759877806431,"remoteIdentityKey":"BdiQQPylyssg8NRwVniL7u1QLbV3yEggPT6R1acNCFUh"},"_chains":{"BR0alwIWvfxvMzoWmtRrYRng/hp7U0yMXb6TyGI9RG0n":{"chainKey":{"counter":2,"key":"iIM0UxHb0EE/N+VN6VjWMalNOnj6OPwDwsIH+RXw/Fw="},"chainType":1,"messageKeys":{}}},"pendingPreKey":{"signedKeyId":0,"baseKey":"BcPUJoDHTqHIeWuAKDZuoguQxko+Zxf0RGVZ8iryHStE","preKeyId":5092087}}},"version":"v1"}