{"_sessions":{"Bfy97TTMuO+1i6Y9jJ7bR5OnHlK75Eohq+EjsaQ8fM1Z":{"registrationId":3899,"currentRatchet":{"ephemeralKeyPair":{"pubKey":"BSv5c+RqjlEJ8Z9t5HFbqsVV7kj86MMMjqRcxVWm6b54","privKey":"EDpdVyClA6ZjM7oNe1XEwVM3G5AuQ+BxdDeLREVjPEU="},"lastRemoteEphemeralKey":"BU0uTbM1LMtAFNuVnIaM/qNAo5YTtQAndKm4wONZT+Qv","previousCounter":0,"rootKey":"M+R3Qh2GZTCKIN8+4muqi3p27Vnh9BG+JP56ybty8ew="},"indexInfo":{"baseKey":"Bfy97TTMuO+1i6Y9jJ7bR5OnHlK75Eohq+EjsaQ8fM1Z","baseKeyType":1,"closed":-1,"used":1759877806745,"created":1759877806745,"remoteIdentityKey":"BXZ6n1w+cb/G8W3EKzxPKjpWev/5Kp2Z64IT8KbZsrkX"},"_chains":{"BSv5c+RqjlEJ8Z9t5HFbqsVV7kj86MMMjqRcxVWm6b54":{"chainKey":{"counter":2,"key":"VkPR4wGfMwgf30F8h/kDY/+ffL3sPIn8NuVmwA/SgNk="},"chainType":1,"messageKeys":{}}},"pendingPreKey":{"signedKeyId":1,"baseKey":"Bfy97TTMuO+1i6Y9jJ7bR5OnHlK75Eohq+EjsaQ8fM1Z"}}},"version":"v1"}