{"_sessions":{"BTtFp/NvgpSQQTR6pxlukNjOrcJ1aUNQB3mR8gjrdZIY":{"registrationId":983038062,"currentRatchet":{"ephemeralKeyPair":{"pubKey":"BaDcy52TVfRualrAlm115FyIiDUKrjxdRVfK+4pWxyJV","privKey":"YNihRGO4BjNGhqDsZRau1l+QC6O/Fp6kQurun75Mf0Y="},"lastRemoteEphemeralKey":"BbSmPAlg7E+3FTVS/sUXhaHbv/3NpdPWIvoFNYBfZclV","previousCounter":0,"rootKey":"tK2YXUoci2BowAuNCaXsut7Jzb/GCTlRLok+5fwLm4U="},"indexInfo":{"baseKey":"BTtFp/NvgpSQQTR6pxlukNjOrcJ1aUNQB3mR8gjrdZIY","baseKeyType":1,"closed":-1,"used":1759877806497,"created":1759877806497,"remoteIdentityKey":"BbwidtftNqr73Ad9moVqml/xQik8HKibl+SmAaLlm0oH"},"_chains":{"BaDcy52TVfRualrAlm115FyIiDUKrjxdRVfK+4pWxyJV":{"chainKey":{"counter":2,"key":"x2TysgdByGiaepaMJEwLkwI0LyArbJxYiue++qyezpY="},"chainType":1,"messageKeys":{}}},"pendingPreKey":{"signedKeyId":4,"baseKey":"BTtFp/NvgpSQQTR6pxlukNjOrcJ1aUNQB3mR8gjrdZIY","preKeyId":4217124}}},"version":"v1"}