{"_sessions":{"BUQ5ag0eKVzev61F9UN49/BY5HZdPlkyDsA5AJd/Oy4N":{"registrationId":357794931,"currentRatchet":{"ephemeralKeyPair":{"pubKey":"BbTth3UWQxGTNyjqB3qJHd3GwvloZedhaE8y3IxjCoto","privKey":"kBarzt62qg20iPBcUiZTt4nMJn0zzx0ncYToKzDVtm0="},"lastRemoteEphemeralKey":"BT+oBwULVeE9c/RFtPxrPpe4X+RB2VNI1gDYrNnqx5xY","previousCounter":0,"rootKey":"szM8X0qUQNItuzzjzLczaLUGNsdj3HZkEqn6oDAB8q0="},"indexInfo":{"baseKey":"BUQ5ag0eKVzev61F9UN49/BY5HZdPlkyDsA5AJd/Oy4N","baseKeyType":1,"closed":-1,"used":1759877806425,"created":1759877806425,"remoteIdentityKey":"BVg3nd19veYg/iZE2n6wc9CpTO+TsyogHI+zF/Mf5oVP"},"_chains":{"BbTth3UWQxGTNyjqB3qJHd3GwvloZedhaE8y3IxjCoto":{"chainKey":{"counter":2,"key":"pQUUyN8/Q3StA0XUPkrOTiLmlbgeddsbTv9xwNz2x0U="},"chainType":1,"messageKeys":{}}},"pendingPreKey":{"signedKeyId":3,"baseKey":"BUQ5ag0eKVzev61F9UN49/BY5HZdPlkyDsA5AJd/Oy4N","preKeyId":3325884}}},"version":"v1"}