{"_sessions":{"BReYFjaWbruw5z3HGsMZ8dJ0sbAIKMZO5K4Kk11r16Nh":{"registrationId":662279867,"currentRatchet":{"ephemeralKeyPair":{"pubKey":"BStDX3xcS12oOQXbU80tMI3JG6D7QECGItKMNE1HwLVh","privKey":"aCK/rLO8uZgNtpnssHB7JwsJjPuo3CC3avNpROUIJUo="},"lastRemoteEphemeralKey":"BU3N9xrX2EZq+c9BiF8T/x7STL4fNONrpU8UBx5LqpVL","previousCounter":0,"rootKey":"aJT/6n5Tu6WLyEerIPf1enWNWJxBUPikWPbHctBMFqI="},"indexInfo":{"baseKey":"BReYFjaWbruw5z3HGsMZ8dJ0sbAIKMZO5K4Kk11r16Nh","baseKeyType":1,"closed":-1,"used":1759877806501,"created":1759877806501,"remoteIdentityKey":"BV+wPGk2FeqSO4LBYQn95tXbUd5Yz2u4ewQL+4Szii1M"},"_chains":{"BStDX3xcS12oOQXbU80tMI3JG6D7QECGItKMNE1HwLVh":{"chainKey":{"counter":2,"key":"bpJFroyWOtzxNEs/f9sPejSsb6OtR9jiwx7xdIm++g4="},"chainType":1,"messageKeys":{}}},"pendingPreKey":{"signedKeyId":0,"baseKey":"BReYFjaWbruw5z3HGsMZ8dJ0sbAIKMZO5K4Kk11r16Nh","preKeyId":11610493}}},"version":"v1"}