{"_sessions":{"Bco4LcvrpqZkfJQ7kJsaLiCiC3h85fwMNKPM9q6gYaQp":{"registrationId":1111400360,"currentRatchet":{"ephemeralKeyPair":{"pubKey":"BYzYqkpGnEHP790DDB5C71HurUvrXX1gEQEO5XssUFYW","privKey":"oFPFUkZERHhils9r1fAzbd1tUogtvOq2Vbq6I2Pgo3c="},"lastRemoteEphemeralKey":"BQkXRftCgCMk2bW7Ct4Kklwge85MvMq4JcnA3lKHJy1L","previousCounter":0,"rootKey":"MxDeSbYOMu4kfviu5qa1MQWUd88wumrSJpJdi9ZCWrc="},"indexInfo":{"baseKey":"Bco4LcvrpqZkfJQ7kJsaLiCiC3h85fwMNKPM9q6gYaQp","baseKeyType":1,"closed":-1,"used":1759877806715,"created":1759877806715,"remoteIdentityKey":"BQTBjX2KnZ4KQzslUS+SXUq75ft0+ZBMg9+0xB8fp917"},"_chains":{"BYzYqkpGnEHP790DDB5C71HurUvrXX1gEQEO5XssUFYW":{"chainKey":{"counter":2,"key":"Q2fjA4xRvMN1hF7Jw1hF2nERcqRCc0agSyA9INZSjY0="},"chainType":1,"messageKeys":{}}},"pendingPreKey":{"signedKeyId":1,"baseKey":"Bco4LcvrpqZkfJQ7kJsaLiCiC3h85fwMNKPM9q6gYaQp","preKeyId":6636838}}},"version":"v1"}