{"_sessions":{"BezahnYBQMGv6jrFrghYH2eDOwqC7PLvVvzQH8FjIa8F":{"registrationId":786195143,"currentRatchet":{"ephemeralKeyPair":{"pubKey":"BYB3OHnvWnPZAfbqrXHznjX6prIOATr6FbvOj2ovrc5v","privKey":"+ECTcFhdXtVW1B9sAeM3LMuDxvAUvYssfgexSASN4HA="},"lastRemoteEphemeralKey":"BRG7yeN35ZaUPskPxy+upil1nqwSGiBllMqa2Oca9LA8","previousCounter":0,"rootKey":"QfgWL9C4S6FL008HBGTR9wk3FYDKTiNaSsKFH4NOuU8="},"indexInfo":{"baseKey":"BezahnYBQMGv6jrFrghYH2eDOwqC7PLvVvzQH8FjIa8F","baseKeyType":1,"closed":-1,"used":1759877806391,"created":1759877806391,"remoteIdentityKey":"BaCY8cK7OViCuxlTqIZHFJ8TCUWArxNyKZlJR4dYbFQT"},"_chains":{"BYB3OHnvWnPZAfbqrXHznjX6prIOATr6FbvOj2ovrc5v":{"chainKey":{"counter":2,"key":"nUAFSfm2/k4CanGnj0lNbaPlzzOMCCu9/mGBkr/hdxw="},"chainType":1,"messageKeys":{}}},"pendingPreKey":{"signedKeyId":1,"baseKey":"BezahnYBQMGv6jrFrghYH2eDOwqC7PLvVvzQH8FjIa8F","preKeyId":4998919}}},"version":"v1"}