{"_sessions":{"BVZ+U1UK7M7c43vCzXE88hYPWK4AuO58HI9F9O5ueNEM":{"registrationId":1094961910,"currentRatchet":{"ephemeralKeyPair":{"pubKey":"BbhVoG9qF2+GwfMntLksKA/vWE3uwPOeRZ5119t+G84b","privKey":"uP1k1+k+poaVIvAhh7tc8Mj/VQshog4p/m74IpXjekQ="},"lastRemoteEphemeralKey":"BSAENlhkgicqakaCFtcu7Y/xh33rVcrVi+ZK7x/UO25q","previousCounter":0,"rootKey":"Bjr+HhXsHOaUIqKHhrJStQAs83wLDnU8kyhIy1JboDA="},"indexInfo":{"baseKey":"BVZ+U1UK7M7c43vCzXE88hYPWK4AuO58HI9F9O5ueNEM","baseKeyType":1,"closed":-1,"used":1759878060921,"created":1759877806414,"remoteIdentityKey":"BcBs9LQZM0kFFMFhOCYxZlM/ESkl1wFZx2N0Lw6+41I1"},"_chains":{"BSAENlhkgicqakaCFtcu7Y/xh33rVcrVi+ZK7x/UO25q":{"chainKey":{"counter":1,"key":"nvmiUR9NUh1nDfDqDvsbHy+HDt8JyhcEP7HYpNXff0Y="},"chainType":2,"messageKeys":{"0":"7rWocHaiemqU20QMnhZ1amYUS+l3CuCUFdiDBGAYQc4="}},"BbhVoG9qF2+GwfMntLksKA/vWE3uwPOeRZ5119t+G84b":{"chainKey":{"counter":1,"key":"6mMb0MC63Kc+PuHoQ21w2XYBFq2A2LMbINEZOS59a3A="},"chainType":1,"messageKeys":{}}}}},"version":"v1"}