{"_sessions":{"BUnQYr13vrwPVpiZluxzXPIDezzUuYncSeOvmTAqTQsq":{"registrationId":885194348,"currentRatchet":{"ephemeralKeyPair":{"pubKey":"BbHctebLinRwXumBhouofF9hLW77AYChHFwBnn9k6L5f","privKey":"MDWP/Q+FBhUbtoGbNCToxER+XlWc6f+Hfrd8510oImo="},"lastRemoteEphemeralKey":"BQjJLH6l4uvGorT7Hh/GokTdHrM7YKbbG4cpMehCtlQh","previousCounter":0,"rootKey":"p3sxmd5roJaY+eQhUZtfrebR6C6iODEdZFNL4/eEvF0="},"indexInfo":{"baseKey":"BUnQYr13vrwPVpiZluxzXPIDezzUuYncSeOvmTAqTQsq","baseKeyType":1,"closed":-1,"used":1759877806526,"created":1759877806526,"remoteIdentityKey":"BaAsl2DlegrH/fgqFTf68uwT5begh574ZlE5aCXl5Jgf"},"_chains":{"BbHctebLinRwXumBhouofF9hLW77AYChHFwBnn9k6L5f":{"chainKey":{"counter":2,"key":"wy6fBIeD8VhXjOfA8bH1Fh9q3jEyCvlzVAEvpM3+UD8="},"chainType":1,"messageKeys":{}}},"pendingPreKey":{"signedKeyId":0,"baseKey":"BUnQYr13vrwPVpiZluxzXPIDezzUuYncSeOvmTAqTQsq","preKeyId":16666436}}},"version":"v1"}