{"_sessions":{"BUc1v7YnaY/2zEVW3pyIEKTV0knGN5uxM40CDVh8d6cj":{"registrationId":65876151,"currentRatchet":{"ephemeralKeyPair":{"pubKey":"BRvJ1+6DZUY9kPAwRc9/oHIpXnS300Y3YLdZ8Gi+kI9b","privKey":"UDgIZ6MkZx1HlTeDATerRJD2xb5j1KF66G5K4Ll/GUk="},"lastRemoteEphemeralKey":"BfEWZQHYTWX7yXdv57LFJdYeb4WO3FtuQ673VPirM04F","previousCounter":0,"rootKey":"n3Fk1i/0Jbf2fN5cQ0u36jI1QQj/tbCFOjmMUvdNRzU="},"indexInfo":{"baseKey":"BUc1v7YnaY/2zEVW3pyIEKTV0knGN5uxM40CDVh8d6cj","baseKeyType":1,"closed":-1,"used":1759877806398,"created":1759877806398,"remoteIdentityKey":"BSZx9bV3kG4QnnUn9dC+9Ht7BqHyMqRczskEV2Jy/YBt"},"_chains":{"BRvJ1+6DZUY9kPAwRc9/oHIpXnS300Y3YLdZ8Gi+kI9b":{"chainKey":{"counter":2,"key":"14gznFmmxRmNVqGhkYAubgOtDJaGQrgYnK2Ow/r5d78="},"chainType":1,"messageKeys":{}}},"pendingPreKey":{"signedKeyId":1,"baseKey":"BUc1v7YnaY/2zEVW3pyIEKTV0knGN5uxM40CDVh8d6cj","preKeyId":13369504}}},"version":"v1"}