{"_sessions":{"BQ0Dm82pLn2pUt1dHi5NkrKEl6P+q+f9XzkmSo66Sphd":{"registrationId":199611131,"currentRatchet":{"ephemeralKeyPair":{"pubKey":"BZu+mPUm7sYr0/1laPXalWe4moFN2Xr+1c/bXC5xdHAs","privKey":"qN9QeJMmWbK/q2NRYHJADso/3JGhXv8xIBHy9DYfbmU="},"lastRemoteEphemeralKey":"BQT0PbfQnzr1tx+DT39RALltwfLrQDfHlvM/pJuwq2E/","previousCounter":0,"rootKey":"MW9MDn3XGwM5Fkb/EFMPP+F/TK53bqpiQVi1kxxR5Cs="},"indexInfo":{"baseKey":"BQ0Dm82pLn2pUt1dHi5NkrKEl6P+q+f9XzkmSo66Sphd","baseKeyType":1,"closed":-1,"used":1759877806559,"created":1759877806559,"remoteIdentityKey":"BZfAxwSKVDgr2x0Y00XSlp5+gfEw6EmQ8iUvx3AHoZ9T"},"_chains":{"BZu+mPUm7sYr0/1laPXalWe4moFN2Xr+1c/bXC5xdHAs":{"chainKey":{"counter":2,"key":"LsrOaY3JbdUtI+6nJdUzUdyaTUQugHSMn1IwmXwn3Xg="},"chainType":1,"messageKeys":{}}},"pendingPreKey":{"signedKeyId":1,"baseKey":"BQ0Dm82pLn2pUt1dHi5NkrKEl6P+q+f9XzkmSo66Sphd","preKeyId":9069874}}},"version":"v1"}