{"_sessions":{"BQb3HbKs4gGhbnGEvff1zki9cYDr82AfyUI4s85684pd":{"registrationId":730706841,"currentRatchet":{"ephemeralKeyPair":{"pubKey":"BRZY1+JB9o6qLosRARf27ZirKoSOH6cYtLzjybQI8SoS","privKey":"MD6x3NxTyG10nNIYBOSuWdooAvJcmsTA+2LqWo7YrW0="},"lastRemoteEphemeralKey":"BUwMTbCsWxvxgEKv6AEQbMws6s0THQ04eVpF/FdKXG4h","previousCounter":0,"rootKey":"BtL0Fa89nZfR55cbWSOAkIPSYByRpJ0OQOYh4zYHQEU="},"indexInfo":{"baseKey":"BQb3HbKs4gGhbnGEvff1zki9cYDr82AfyUI4s85684pd","baseKeyType":2,"closed":-1,"used":1759877632155,"created":1759877632155,"remoteIdentityKey":"BSALPUG0HpLUFreJEh4dhZZAyIAYH+n7V6k+LkjlGLd1"},"_chains":{"BUwMTbCsWxvxgEKv6AEQbMws6s0THQ04eVpF/FdKXG4h":{"chainKey":{"counter":0,"key":"o4xtNEF4zD49HetpJRRUBUk4XErmfpBPYjFrqxMxoP8="},"chainType":2,"messageKeys":{}},"BRZY1+JB9o6qLosRARf27ZirKoSOH6cYtLzjybQI8SoS":{"chainKey":{"counter":2,"key":"eBIPxlJqVfz+K9AsS1yvWfBuzvRzR7AsvM1F/+sIpmM="},"chainType":1,"messageKeys":{}}}}},"version":"v1"}