{"_sessions":{"BRX6MrKYpxc72ubWSaRKW+y8/iByBAgcESzWuEK7ByAr":{"registrationId":208906482,"currentRatchet":{"ephemeralKeyPair":{"pubKey":"BRj+erz4VjXedqWUVcFhXJFk7Sr6kjvv4w6zrnshsz1B","privKey":"8G2biZYFZAiJetuPKuqfPiz2vS4XosgDhHKAbgPd3W8="},"lastRemoteEphemeralKey":"BZdTUXmjNWctV80CRWBF4gDYMDaRid2CQ+qsTc7JVv95","previousCounter":0,"rootKey":"5if1rkNLKoDAlFwwf/vFOlIoIJFO5mpdXVWJBxE3org="},"indexInfo":{"baseKey":"BRX6MrKYpxc72ubWSaRKW+y8/iByBAgcESzWuEK7ByAr","baseKeyType":1,"closed":-1,"used":1759877806694,"created":1759877806694,"remoteIdentityKey":"BRISaCwJTpPHSJWLE4uujyF+4CO51l4SBa0eFgBsOIgM"},"_chains":{"BRj+erz4VjXedqWUVcFhXJFk7Sr6kjvv4w6zrnshsz1B":{"chainKey":{"counter":2,"key":"S/Orux3azheufdAVsJO7PUQnhIrjxAamVkoOK3dkxBk="},"chainType":1,"messageKeys":{}}},"pendingPreKey":{"signedKeyId":1,"baseKey":"BRX6MrKYpxc72ubWSaRKW+y8/iByBAgcESzWuEK7ByAr","preKeyId":3023730}}},"version":"v1"}