{"_sessions":{"BRfLW1e6yYgUFDWlmWxjEEbC1g8Zc+csoA/B0BMWqn1U":{"registrationId":1847959181,"currentRatchet":{"ephemeralKeyPair":{"pubKey":"BZC0z+ORKIYvAHsBDXR/COXjUc+HlE1haFTGfOKu7pgg","privKey":"6Jcd833Y7QhMFVhe+j/W65jdHPAjyhHERSnwsQLfiH8="},"lastRemoteEphemeralKey":"BS3Mjzzf2bztrRMJDTwmE6a1jGWSmZ9z6XGJuku+KbAe","previousCounter":0,"rootKey":"Nfkl8XO6yBtR3tb4intiwbS9FnPRMb9Z+SbAbXMLrsQ="},"indexInfo":{"baseKey":"BRfLW1e6yYgUFDWlmWxjEEbC1g8Zc+csoA/B0BMWqn1U","baseKeyType":2,"closed":-1,"used":1759876396558,"created":1759876396558,"remoteIdentityKey":"BaE3vE/8paXhn7vQ5Sr+EDutzustwjTcm2e2jSwZKB9l"},"_chains":{"BS3Mjzzf2bztrRMJDTwmE6a1jGWSmZ9z6XGJuku+KbAe":{"chainKey":{"counter":0,"key":"JKAu6rYNcNqWW4QM71bUgqAoA3sETAOi3yVpw/+oNe8="},"chainType":2,"messageKeys":{}},"BZC0z+ORKIYvAHsBDXR/COXjUc+HlE1haFTGfOKu7pgg":{"chainKey":{"counter":-1,"key":"yHx++6dNm3WE5AjWTrYPqzn81ASG660WLABj2nlVovQ="},"chainType":1,"messageKeys":{}}}}},"version":"v1"}