{"_sessions":{"BTqbKIUJHvfMymdTFf9xiq5+hXWB6oS0q83AnqRJgIxy":{"registrationId":1838815285,"currentRatchet":{"ephemeralKeyPair":{"pubKey":"BSjTHpZl8crQQF4sr0bqbHpH1PM64nnQHnn4X2VKtOhf","privKey":"8N/ZJ32qFf91YgSS9R1s5GOMBxFLJpwIH6FZdh9yEFA="},"lastRemoteEphemeralKey":"BVpJ9PTK6iddYeW/VMv0RsuRb9Q3tnJr7pKyaZ+Zr5IR","previousCounter":0,"rootKey":"C0zTpoIcc27YpYRyHdii2p/LIixD2iig+X8YvE86GAM="},"indexInfo":{"baseKey":"BTqbKIUJHvfMymdTFf9xiq5+hXWB6oS0q83AnqRJgIxy","baseKeyType":1,"closed":-1,"used":1759877806478,"created":1759877806478,"remoteIdentityKey":"BQHezj6NnBUsVnO4OJxuy7eDaG7St7EFweXpOFFwWrUg"},"_chains":{"BSjTHpZl8crQQF4sr0bqbHpH1PM64nnQHnn4X2VKtOhf":{"chainKey":{"counter":2,"key":"iLnms7IMAlXAVhmoI3fctySQKhTYyOQXXHCaVWgAyV8="},"chainType":1,"messageKeys":{}}},"pendingPreKey":{"signedKeyId":8,"baseKey":"BTqbKIUJHvfMymdTFf9xiq5+hXWB6oS0q83AnqRJgIxy","preKeyId":1249285}}},"version":"v1"}