{"_sessions":{"BeVN0MaO9r7iHoZT6uT4kyV3Mj3iZWAXHeX1M8WxKtMK":{"registrationId":1885475527,"currentRatchet":{"ephemeralKeyPair":{"pubKey":"Bbm4jk/I1KpNN+9LoYWFE7g1OPtY/7tJNvzevF5xU+9F","privKey":"cNbrMXKn8caaFXO564vnbG0PDWWBnaUY0LRrdNkZdHM="},"lastRemoteEphemeralKey":"BeTgdcDbqjmCdeH6ZhsW/0ysMyAWBDHVdxS3WBZdY352","previousCounter":0,"rootKey":"p6B0YyNYFojQMXx6wKHESXtvBQMtw/MC/u09NbKh9Tg="},"indexInfo":{"baseKey":"BeVN0MaO9r7iHoZT6uT4kyV3Mj3iZWAXHeX1M8WxKtMK","baseKeyType":1,"closed":-1,"used":1759877806484,"created":1759877806484,"remoteIdentityKey":"BRoYmi1uwamX9d44nknxvajql8Fma7SP9/CHTI9bQNlN"},"_chains":{"Bbm4jk/I1KpNN+9LoYWFE7g1OPtY/7tJNvzevF5xU+9F":{"chainKey":{"counter":2,"key":"62bHo/J90K95beP6TkNvheeVIqRy3QzUsg1VT3j09oc="},"chainType":1,"messageKeys":{}}},"pendingPreKey":{"signedKeyId":4,"baseKey":"BeVN0MaO9r7iHoZT6uT4kyV3Mj3iZWAXHeX1M8WxKtMK","preKeyId":9342183}}},"version":"v1"}