{"_sessions":{"BauwhCFouS6gPlXvSCPKuEPCdLDWlHOEe+W+2lCrWR4M":{"registrationId":1493708649,"currentRatchet":{"ephemeralKeyPair":{"pubKey":"BXIVgPncJbzun+xGwq8/k+S4bBqoCFR7yMLlYdooKcEP","privKey":"CI8m92thJiJhbHGIfOeTfBLBANC1tax64V9PEdndHEQ="},"lastRemoteEphemeralKey":"BZiCYQVkP/vuj5ODMdB4kECUfmECsiHCUq5hQ/7KVwIr","previousCounter":0,"rootKey":"E42ARtTmURHsNEaJzQGqI7ubE+ysedU55wiT4QMsjE4="},"indexInfo":{"baseKey":"BauwhCFouS6gPlXvSCPKuEPCdLDWlHOEe+W+2lCrWR4M","baseKeyType":1,"closed":-1,"used":1759877806439,"created":1759877806439,"remoteIdentityKey":"BWIyNpM9aEHdaTplLuN8gy92NNIEDv1N+6v14NFQ5r4U"},"_chains":{"BXIVgPncJbzun+xGwq8/k+S4bBqoCFR7yMLlYdooKcEP":{"chainKey":{"counter":2,"key":"C2Vh937Ooy/4HZpHbHVMIeR5ryUx7SpuM2qiaz57vWA="},"chainType":1,"messageKeys":{}}},"pendingPreKey":{"signedKeyId":4,"baseKey":"BauwhCFouS6gPlXvSCPKuEPCdLDWlHOEe+W+2lCrWR4M","preKeyId":12196970}}},"version":"v1"}