{"_sessions":{"BYDyR2aiaFBpBhOwar95CvPsfgGrME+0rCPTKB5j8yBz":{"registrationId":1325647057,"currentRatchet":{"ephemeralKeyPair":{"pubKey":"Bb8oWdFNQq8sPWduGCDCFZB1FI9w5AUw1BPcJj3Sohxp","privKey":"UClyGXLo4ynT2LtBYNUFpI+xQEp9332FTJPcLRYN204="},"lastRemoteEphemeralKey":"BWI9hos7+UcX3b2LqxmAiJnphe/WO7OZrgPIRBIvX+wm","previousCounter":0,"rootKey":"aIKHmNItGp9mXvgGonr/lMGawJlTiHP5VK5a3YIxiIE="},"indexInfo":{"baseKey":"BYDyR2aiaFBpBhOwar95CvPsfgGrME+0rCPTKB5j8yBz","baseKeyType":1,"closed":-1,"used":1759877806646,"created":1759877806646,"remoteIdentityKey":"Bc+oe80AnebmIREKNkrgEWbDCc20pAbw+Dn7a7t826Vj"},"_chains":{"Bb8oWdFNQq8sPWduGCDCFZB1FI9w5AUw1BPcJj3Sohxp":{"chainKey":{"counter":2,"key":"/24Sl71EbLvxkpi8YRrTn8GGaGlYG6bvwZnHRZJSQfM="},"chainType":1,"messageKeys":{}}},"pendingPreKey":{"signedKeyId":1,"baseKey":"BYDyR2aiaFBpBhOwar95CvPsfgGrME+0rCPTKB5j8yBz","preKeyId":11097112}}},"version":"v1"}