{"_sessions":{"BbTJePdNbb0RQfKJRrzZ22TLI66iK+nnk2zXBZ2moCs4":{"registrationId":2072589610,"currentRatchet":{"ephemeralKeyPair":{"pubKey":"Ber3vkuRUQjSXtwKBO92tFewt833Znxy+umMuxeAMMgJ","privKey":"YJ3CroIPbeDysPnBbGKX08sgXFPMNqdc2NrhzsBPBUY="},"lastRemoteEphemeralKey":"BWtD+K18+Y/IMB/XgNE1hW6+OzKMzKNXnuypmDS1Q4Eb","previousCounter":0,"rootKey":"96zQBqM6M0v+5JzqLwu2AioePjYCkcwrueR0T/VeFBw="},"indexInfo":{"baseKey":"BbTJePdNbb0RQfKJRrzZ22TLI66iK+nnk2zXBZ2moCs4","baseKeyType":1,"closed":-1,"used":1759877806702,"created":1759877806702,"remoteIdentityKey":"BSBWJ1b2n+ZVnp3/fYdQGMOJih5UXPfEiIxeMVlg5Gg5"},"_chains":{"Ber3vkuRUQjSXtwKBO92tFewt833Znxy+umMuxeAMMgJ":{"chainKey":{"counter":2,"key":"Y9DmE80UhBhviu9mNYX+iI4q3tcT2jrqOGJ7W4cOq4Y="},"chainType":1,"messageKeys":{}}},"pendingPreKey":{"signedKeyId":4,"baseKey":"BbTJePdNbb0RQfKJRrzZ22TLI66iK+nnk2zXBZ2moCs4","preKeyId":4040181}}},"version":"v1"}