{"_sessions":{"Bb8S+7hvRMoCkoZXrXgw1zow2O5iXNTv0Ie+ye+Z4tkx":{"registrationId":210401286,"currentRatchet":{"ephemeralKeyPair":{"pubKey":"BaoF6ixtTZY8oTnpRqMAMwgp0gq2NpLzRm/XY5P5m3IE","privKey":"wJEpNQqjU0iJDRnBjtIGEAalNrBLnzAK0Shw9WD66EQ="},"lastRemoteEphemeralKey":"BWqbsyUHc5MQu5p+gehgCCm+YmmUuSctrm3QME5L17ZI","previousCounter":0,"rootKey":"YM2C1Q00RCUJOAyMsd/AHHIb9x21PTo1lj/wkN/f4ZQ="},"indexInfo":{"baseKey":"Bb8S+7hvRMoCkoZXrXgw1zow2O5iXNTv0Ie+ye+Z4tkx","baseKeyType":1,"closed":-1,"used":1759877806602,"created":1759877806602,"remoteIdentityKey":"BdS3koRgXCk6oIlxkEtCsAY4ZfSsb88vz9nbu67FrhVh"},"_chains":{"BaoF6ixtTZY8oTnpRqMAMwgp0gq2NpLzRm/XY5P5m3IE":{"chainKey":{"counter":2,"key":"TZkgqs3MMOZHmhvGKsApSbZzwxV/uUqtORzDcshkXrM="},"chainType":1,"messageKeys":{}}},"pendingPreKey":{"signedKeyId":1,"baseKey":"Bb8S+7hvRMoCkoZXrXgw1zow2O5iXNTv0Ie+ye+Z4tkx","preKeyId":7159462}}},"version":"v1"}