{"_sessions":{"BSaYy9XTPfd4WS7CXvHtUKVD+5P/XRgLLwho+VkTC0VO":{"registrationId":1894358401,"currentRatchet":{"ephemeralKeyPair":{"pubKey":"BSidIBEYMRGpKMT/Y12BfhaCaTlWlGFG+jinthrvEZ80","privKey":"+ATluayaNz4bLhyJ0j5PAsZkbiwDbPZDwvjPvQmMcEk="},"lastRemoteEphemeralKey":"BfdqNQT7pPvpZgVZMqhQbXNnlH8HqcCXq+/VPZbUkrxt","previousCounter":0,"rootKey":"y6GD+UM+LNCPx2o7jI7Sueu/ebGpGU5uDcVeLv8rmik="},"indexInfo":{"baseKey":"BSaYy9XTPfd4WS7CXvHtUKVD+5P/XRgLLwho+VkTC0VO","baseKeyType":1,"closed":-1,"used":1759877806722,"created":1759877806722,"remoteIdentityKey":"BXam1MUkByXcA7mlbS+JUZimMqYmh9MoO9gkwWmZcRF7"},"_chains":{"BSidIBEYMRGpKMT/Y12BfhaCaTlWlGFG+jinthrvEZ80":{"chainKey":{"counter":2,"key":"hr14/4/cQhhPwKbpw0plP4f+aql/agfGj4/OL+IFePg="},"chainType":1,"messageKeys":{}}},"pendingPreKey":{"signedKeyId":1,"baseKey":"BSaYy9XTPfd4WS7CXvHtUKVD+5P/XRgLLwho+VkTC0VO","preKeyId":6207704}}},"version":"v1"}