{"_sessions":{"BWByLxX69pqWOQr1QnQp0CNwgtPLG7LsodQEnYwICUME":{"registrationId":1908694799,"currentRatchet":{"ephemeralKeyPair":{"pubKey":"BZoYJhArEkYl96xZZG4x07Au1th75bjPGRO1Efcf+xEh","privKey":"UD9SyWbFuN5zr4X44O5VeWiqSYc0L0aGnDN6VDI5y1E="},"lastRemoteEphemeralKey":"BSnBfmFz08ihjHbSGz6IFedXZKshwy/AEfxkEEkkMMwn","previousCounter":0,"rootKey":"lWrKFBUIp78iP2tsPJz5Kmfd85R08YkkJc5RCik6/dc="},"indexInfo":{"baseKey":"BWByLxX69pqWOQr1QnQp0CNwgtPLG7LsodQEnYwICUME","baseKeyType":1,"closed":-1,"used":1759877806507,"created":1759877806507,"remoteIdentityKey":"BbE7tAn0jfgGNmj0MgSBbiC9jIao6fbJKzzjpbz5ewg+"},"_chains":{"BZoYJhArEkYl96xZZG4x07Au1th75bjPGRO1Efcf+xEh":{"chainKey":{"counter":2,"key":"L0iJkg45dk3A2fvsC6HGEzATxLQg0xvPJoZ45YsCRpw="},"chainType":1,"messageKeys":{}}},"pendingPreKey":{"signedKeyId":1,"baseKey":"BWByLxX69pqWOQr1QnQp0CNwgtPLG7LsodQEnYwICUME","preKeyId":12444614}}},"version":"v1"}