{"_sessions":{"BX20R94CMs84Ovey+mFPk7PSn/MhNcfMEH/IhQ8ZqvV9":{"registrationId":1726456062,"currentRatchet":{"ephemeralKeyPair":{"pubKey":"BfB10E5XnvfwcfdSXWrDLsEmOP7Mo7mSGwpZJS/rybky","privKey":"KDyHXg5SXTq8Frfd//I0PAflSYqAY0VsTrJ5xHVZn30="},"lastRemoteEphemeralKey":"BTYy7I1dsch258mx/EB7+ahyHdBeaDzvFzX0kzDSSSdG","previousCounter":0,"rootKey":"FOeei/Vp6FCuGNIbBcpypS/vJKPuaKUow4jpm9WFcBM="},"indexInfo":{"baseKey":"BX20R94CMs84Ovey+mFPk7PSn/MhNcfMEH/IhQ8ZqvV9","baseKeyType":1,"closed":-1,"used":1759877806430,"created":1759877806430,"remoteIdentityKey":"BZfHfkkaJzBV/lUV7WM5wWCokHzgvXxqAws5GlB0zVxn"},"_chains":{"BfB10E5XnvfwcfdSXWrDLsEmOP7Mo7mSGwpZJS/rybky":{"chainKey":{"counter":2,"key":"yjzzyr/Adn+oz/S60wwCrqq5lM2iUsMNeu6ZLyQIBng="},"chainType":1,"messageKeys":{}}},"pendingPreKey":{"signedKeyId":0,"baseKey":"BX20R94CMs84Ovey+mFPk7PSn/MhNcfMEH/IhQ8ZqvV9","preKeyId":6237892}}},"version":"v1"}