{"_sessions":{"BUKiWkhBQmL/w6uLBgf5BbhRDRNnLysEVNQD94LQbXFl":{"registrationId":1485644377,"currentRatchet":{"ephemeralKeyPair":{"pubKey":"BSYjO2GFWvnW1dXhS97oRmHubi2c3NUemCmiPWe75NNL","privKey":"MPtFOT2+14lXZlssVh7zr7fBZ9ZFn2OtxSlpU/iZEU8="},"lastRemoteEphemeralKey":"Bbp2Ruz5fBQJsY6JeFD9Ke8j8n//6sMX9MmuAteT/C9O","previousCounter":0,"rootKey":"cxo5fOxhfcUefanF6j4ae8/poqaqIJqxNVklFsTNaEM="},"indexInfo":{"baseKey":"BUKiWkhBQmL/w6uLBgf5BbhRDRNnLysEVNQD94LQbXFl","baseKeyType":1,"closed":-1,"used":1759877806690,"created":1759877806690,"remoteIdentityKey":"BS5TvgvIDtHFpAaQxfQH8FpdQ7uTn55fW1wSIjJ4W9Qp"},"_chains":{"BSYjO2GFWvnW1dXhS97oRmHubi2c3NUemCmiPWe75NNL":{"chainKey":{"counter":2,"key":"II8COq6iBiq4Nug1mqnB0R0ry23xA2YBJtiDrNLd8WQ="},"chainType":1,"messageKeys":{}}},"pendingPreKey":{"signedKeyId":2,"baseKey":"BUKiWkhBQmL/w6uLBgf5BbhRDRNnLysEVNQD94LQbXFl"}}},"version":"v1"}