{"_sessions":{"BQsYZLWqGx7278KnOxFYvid8g/RC+2WShv8mBBLqz3xp":{"registrationId":1196806408,"currentRatchet":{"ephemeralKeyPair":{"pubKey":"BayBMYJaMFc2dbP5DveUZ01vvzoFtaTsy6XZ5e7OjMoY","privKey":"cCKgX6OcFbvLeRfNfJjjZ3SPVowX84R8jxA1+5IrPXw="},"lastRemoteEphemeralKey":"BWsJiordtreKoezDbMcLV5Ha7LY5rndNxqNGhSWqZdpg","previousCounter":0,"rootKey":"TzBOBc7bhxh/94/gkAaiouPQyU+jOSK64pRLWqZHTgI="},"indexInfo":{"baseKey":"BQsYZLWqGx7278KnOxFYvid8g/RC+2WShv8mBBLqz3xp","baseKeyType":1,"closed":-1,"used":1759877806695,"created":1759877806695,"remoteIdentityKey":"BYWhDsTTVXX8lkZcuegFrhb/eDgDNBbJYuQWY4sAlyJE"},"_chains":{"BayBMYJaMFc2dbP5DveUZ01vvzoFtaTsy6XZ5e7OjMoY":{"chainKey":{"counter":2,"key":"zp4Kiqs0tBAErOEpv8cwbvUZTUOh7ZmRSHubGMJJA4g="},"chainType":1,"messageKeys":{}}},"pendingPreKey":{"signedKeyId":2,"baseKey":"BQsYZLWqGx7278KnOxFYvid8g/RC+2WShv8mBBLqz3xp","preKeyId":8344252}}},"version":"v1"}