{"_sessions":{"BdKD7O2cYDq4TUh2cUyq4qGaxp4rp9qYa+nh7IUNcQ4b":{"registrationId":1342079882,"currentRatchet":{"ephemeralKeyPair":{"pubKey":"BWTl62Z9QvsxNbsReCYJv3h7tFbm9TVOmKE2Uwel9JJ2","privKey":"0OLk+uqqYwxrwAp+lf+dZJb4XnAeEKACPUUSca4z20o="},"lastRemoteEphemeralKey":"BUu3FSV5MGyHvm+YO/KLoJWdmYI8EC4cL1HbGoiGwG8Q","previousCounter":0,"rootKey":"HSIJVLCyrcLeFwI9XRcmSbmADiOuaSqAD63qaLq0yRk="},"indexInfo":{"baseKey":"BdKD7O2cYDq4TUh2cUyq4qGaxp4rp9qYa+nh7IUNcQ4b","baseKeyType":1,"closed":-1,"used":1759877806682,"created":1759877806682,"remoteIdentityKey":"BXza/7Q4RwCP/vLoa4Acf8QhTZ4wIzQ2L8jQMun9788u"},"_chains":{"BWTl62Z9QvsxNbsReCYJv3h7tFbm9TVOmKE2Uwel9JJ2":{"chainKey":{"counter":2,"key":"QFnDEr2sID/DEcmNpHXJYLsrxCWmARNtmRj1IzfYLBQ="},"chainType":1,"messageKeys":{}}},"pendingPreKey":{"signedKeyId":3,"baseKey":"BdKD7O2cYDq4TUh2cUyq4qGaxp4rp9qYa+nh7IUNcQ4b","preKeyId":2652954}}},"version":"v1"}