{"_sessions":{"Ber/IgEZDAE/owFlNwoUutiB9nMnBWoryf8monQq30RG":{"registrationId":1472870398,"currentRatchet":{"ephemeralKeyPair":{"pubKey":"BeOdEoiBlbXEMvuaQz5MoDEu3vbHJLT324usIXh2G1Ex","privKey":"sNWk8mB2Nb6yiCvY2ZMvl3BngwDE33NXZ0EJt1otvFQ="},"lastRemoteEphemeralKey":"BfXXxk37jA4N0DJAszXvIwA1vuWFYqPwf9lebuiUsO4T","previousCounter":0,"rootKey":"ye0JwwrBkeQUnTqG77CDRN2MgUst7iESL+kb8NrN/No="},"indexInfo":{"baseKey":"Ber/IgEZDAE/owFlNwoUutiB9nMnBWoryf8monQq30RG","baseKeyType":1,"closed":-1,"used":1759877806474,"created":1759877806474,"remoteIdentityKey":"BQSCotHiKukrCOE7JLTKzfUpgi2HF0AgZygQdLUsQyh6"},"_chains":{"BeOdEoiBlbXEMvuaQz5MoDEu3vbHJLT324usIXh2G1Ex":{"chainKey":{"counter":2,"key":"VlE+vgCDUYs6dWB8gtFkHTToGZt4k20Wg9v74qDdURo="},"chainType":1,"messageKeys":{}}},"pendingPreKey":{"signedKeyId":0,"baseKey":"Ber/IgEZDAE/owFlNwoUutiB9nMnBWoryf8monQq30RG","preKeyId":9248816}}},"version":"v1"}