{"_sessions":{"BQ5VID73VG84wqiBkl9z//+rvhFeZ972zF5lsePM2wR5":{"registrationId":934453320,"currentRatchet":{"ephemeralKeyPair":{"pubKey":"BaCmdMPemz6rJ8aP13ju+9bxBBlOZIqJTFeX9EXs+9gg","privKey":"EAj0OKthrPEdMjID3fIbYLAOgJZ53VcgkZTb592Ec00="},"lastRemoteEphemeralKey":"BVcwrkYQMvMP24cQ5OoY16xlAVyPD1bxzgWJXmA5dlMV","previousCounter":0,"rootKey":"vrXG9OJU/o2+Ui2aGsViCwIU9OLyoWu+PqeXfvT+RuU="},"indexInfo":{"baseKey":"BQ5VID73VG84wqiBkl9z//+rvhFeZ972zF5lsePM2wR5","baseKeyType":1,"closed":-1,"used":1759877806477,"created":1759877806477,"remoteIdentityKey":"BW3Bme90P+1q0fakBJtwUwlvzAGTylC0pe2JVh92gR9t"},"_chains":{"BaCmdMPemz6rJ8aP13ju+9bxBBlOZIqJTFeX9EXs+9gg":{"chainKey":{"counter":2,"key":"su8FS6HE5tivqG6AKAfS1nr/r2Pe3r7gl1/qFMS+QVQ="},"chainType":1,"messageKeys":{}}},"pendingPreKey":{"signedKeyId":0,"baseKey":"BQ5VID73VG84wqiBkl9z//+rvhFeZ972zF5lsePM2wR5","preKeyId":2430968}}},"version":"v1"}