{"_sessions":{"BR6WQLGT0+M/d3uil0rvR9rXYTscqOEdiSOY/UFNcwFF":{"registrationId":1987091569,"currentRatchet":{"ephemeralKeyPair":{"pubKey":"BfsK2xYLWKcGf9VPJEmnKv6bZAAVsNul3i1eYU8lW7JI","privKey":"mBn5CtNrTefAvLSOSfXfUeVidcfU187VhltrbtVc1GY="},"lastRemoteEphemeralKey":"BYh3fxyL1BgPzd8y5Emq0OZenYLzVnwGaIVwowg+qaY+","previousCounter":0,"rootKey":"ujzlVNDT0IjJOimY0VGfu51UQUHK/MF2aEiOKxFaYl0="},"indexInfo":{"baseKey":"BR6WQLGT0+M/d3uil0rvR9rXYTscqOEdiSOY/UFNcwFF","baseKeyType":1,"closed":-1,"used":1759877806392,"created":1759877806392,"remoteIdentityKey":"BSB3ssx36iQMldP99KbVnQ+CNLn7ujtuG+QlCpqWDSVV"},"_chains":{"BfsK2xYLWKcGf9VPJEmnKv6bZAAVsNul3i1eYU8lW7JI":{"chainKey":{"counter":2,"key":"80ZF8lzZYNzFfsm3otVkFeybSTP5feYK4Gb8zRx2gYw="},"chainType":1,"messageKeys":{}}},"pendingPreKey":{"signedKeyId":1,"baseKey":"BR6WQLGT0+M/d3uil0rvR9rXYTscqOEdiSOY/UFNcwFF","preKeyId":10277911}}},"version":"v1"}