{"_sessions":{"Bbd0WaJRexSks1ajm4ph+Ojmics5ZMT3hl0UwWLogDVb":{"registrationId":1610848281,"currentRatchet":{"ephemeralKeyPair":{"pubKey":"Bey/n8FkKbHqdGb8V1jFJL45UpHft88rjQ2a2Z4JztIk","privKey":"aAAWjuM2nxqS59muFRarWW1RDLetEuJbIJhRjYpwB14="},"lastRemoteEphemeralKey":"BdMoz9H/obYJtYO/p05kLvkThKrwi61qUWPxZgjdh5YC","previousCounter":0,"rootKey":"m+3AErGw4CTVpCvtor8pdV5IUvNOtrIzUMredF5Djv4="},"indexInfo":{"baseKey":"Bbd0WaJRexSks1ajm4ph+Ojmics5ZMT3hl0UwWLogDVb","baseKeyType":1,"closed":-1,"used":1759877806651,"created":1759877806651,"remoteIdentityKey":"BZrFqWZ9OIy+5CWQSTBbwP9ucLL58dEBlJ0019zHaeZh"},"_chains":{"Bey/n8FkKbHqdGb8V1jFJL45UpHft88rjQ2a2Z4JztIk":{"chainKey":{"counter":2,"key":"9s7UBvJCQtI9+XV1d2qyz4wHjRypX1AwMuMnjbcjbfw="},"chainType":1,"messageKeys":{}}},"pendingPreKey":{"signedKeyId":1,"baseKey":"Bbd0WaJRexSks1ajm4ph+Ojmics5ZMT3hl0UwWLogDVb","preKeyId":2330394}}},"version":"v1"}