{"_sessions":{"BVkR+gBBxyZIxTx1BAV1It+YZGWvXTnKyE+n6ppwuc1a":{"registrationId":1942974391,"currentRatchet":{"ephemeralKeyPair":{"pubKey":"BXyZsmHp+ebw2mHAW9A9IGSgjjcxs2dJrObB+SNbWJQY","privKey":"KAyrvOtmxzw6DVZRdZAYA5SV8rtjNYilAEhj2BWjuUY="},"lastRemoteEphemeralKey":"BZxlcUGMWevWeZQhZlpY3XdudYx8rPSLezaTTbiGyoxL","previousCounter":0,"rootKey":"Mh5SahyWKg+e60tzClhrse2eSVbTobWa431e3WQXMBc="},"indexInfo":{"baseKey":"BVkR+gBBxyZIxTx1BAV1It+YZGWvXTnKyE+n6ppwuc1a","baseKeyType":1,"closed":-1,"used":1759877806493,"created":1759877806493,"remoteIdentityKey":"BcfnZ7itpMCF4oeLRDJryANGgUW6p/TXRB1622fJ/Kph"},"_chains":{"BXyZsmHp+ebw2mHAW9A9IGSgjjcxs2dJrObB+SNbWJQY":{"chainKey":{"counter":2,"key":"XUH3HBc1HFV0wE0cRfO2YFma9o1/PBHmMI5yoI6GCII="},"chainType":1,"messageKeys":{}}},"pendingPreKey":{"signedKeyId":0,"baseKey":"BVkR+gBBxyZIxTx1BAV1It+YZGWvXTnKyE+n6ppwuc1a","preKeyId":8085964}}},"version":"v1"}