{"_sessions":{"Ba//SRHgjcfFnoUSrsPtxGlcondIOO9zw7xtekXco79S":{"registrationId":108945647,"currentRatchet":{"ephemeralKeyPair":{"pubKey":"BTNwJDhXqvtTnGa4YCsIfbvzetZUsC6AKZxg4+rp8Xlk","privKey":"yK0gshb7Sm7x43HOG8Gx6YEDfaGgDWHMH94evOqrC1M="},"lastRemoteEphemeralKey":"BV55koDjUmfqA5J/sjveQFMlv94I1DG6AXWQAgonS2lK","previousCounter":0,"rootKey":"wGkzYn15IlysmOAYOAMcy1wZdrq2QcxRZRnoO/07ARk="},"indexInfo":{"baseKey":"Ba//SRHgjcfFnoUSrsPtxGlcondIOO9zw7xtekXco79S","baseKeyType":1,"closed":-1,"used":1759877806561,"created":1759877806561,"remoteIdentityKey":"BSfJimI8+/3BMdqY0iQPD0UeBiM5QLTqbVYT5zfSZ51S"},"_chains":{"BTNwJDhXqvtTnGa4YCsIfbvzetZUsC6AKZxg4+rp8Xlk":{"chainKey":{"counter":2,"key":"tYnGlRO1GBEPaz4YduUHd1dO1s8Wawrb7ANCYAkm2Vo="},"chainType":1,"messageKeys":{}}},"pendingPreKey":{"signedKeyId":15812274,"baseKey":"Ba//SRHgjcfFnoUSrsPtxGlcondIOO9zw7xtekXco79S","preKeyId":3732}}},"version":"v1"}