{"_sessions":{"BUuNG+qW4nou2vq/gYz6n4mYw0e8dkrlT6m6quguh106":{"registrationId":251700447,"currentRatchet":{"ephemeralKeyPair":{"pubKey":"BQFQhOgjpZzHkQ5Q41cWz7eLl0puEoDMYQdpiiPekgR5","privKey":"sDI+x5u/4BzzeEIeGrHQhyzlZHq7+NZVE/zm8pBaZWM="},"lastRemoteEphemeralKey":"BaQL0eJRPFg+ZnKQnAfrEvzAe+EMoXfPycD8+GniUsMi","previousCounter":0,"rootKey":"Ykd8aqH5GqvQ2QkgKFIBbeU3nn5ATqHEAs7QqQGnLew="},"indexInfo":{"baseKey":"BUuNG+qW4nou2vq/gYz6n4mYw0e8dkrlT6m6quguh106","baseKeyType":1,"closed":-1,"used":1759877806613,"created":1759877806613,"remoteIdentityKey":"BXJIpumo25KVyZPAwonFl213OcRWMiB6WB7P+nHu6stX"},"_chains":{"BQFQhOgjpZzHkQ5Q41cWz7eLl0puEoDMYQdpiiPekgR5":{"chainKey":{"counter":2,"key":"rliEeXpeiNseiEw2tDiXxOGsVfEqtYec2UTjjXG5hZE="},"chainType":1,"messageKeys":{}}},"pendingPreKey":{"signedKeyId":1,"baseKey":"BUuNG+qW4nou2vq/gYz6n4mYw0e8dkrlT6m6quguh106","preKeyId":9880145}}},"version":"v1"}