{"_sessions":{"BcitHjjnvoJUw2YkY1CSCLxq/2nDlvrnwYAQL61qV646":{"registrationId":248,"currentRatchet":{"ephemeralKeyPair":{"pubKey":"BbXLK4J5PsC1R1qz4bGvPAeboW3+5NI4MoY2fUe35WtP","privKey":"EOk91BmPJriD3SQ0PDg+OdQ5tsJFpBUS/jPQ6GBd51Y="},"lastRemoteEphemeralKey":"BVb6fqBLDSsHzPrpKSMQWyKnhKnb1CO13O1UaoD9b+ov","previousCounter":0,"rootKey":"5+NDCY6runqEGlzVNibGyKhOYD11zc3kAa92EAmA5fM="},"indexInfo":{"baseKey":"BcitHjjnvoJUw2YkY1CSCLxq/2nDlvrnwYAQL61qV646","baseKeyType":1,"closed":-1,"used":1759877806720,"created":1759877806720,"remoteIdentityKey":"BVBCXiVPePCFNDLWjMoXai5cac992i3RowXRrKFCTREg"},"_chains":{"BbXLK4J5PsC1R1qz4bGvPAeboW3+5NI4MoY2fUe35WtP":{"chainKey":{"counter":2,"key":"QR5vPDIXj06Iuv3knDky1bORKcu90MAd72bQPIAYxCE="},"chainType":1,"messageKeys":{}}},"pendingPreKey":{"signedKeyId":1,"baseKey":"BcitHjjnvoJUw2YkY1CSCLxq/2nDlvrnwYAQL61qV646"}}},"version":"v1"}