{"_sessions":{"BVzKYnX4NvJciURKYTe54jW9ROhr2JokmBMw/FDeQjFX":{"registrationId":692440038,"currentRatchet":{"ephemeralKeyPair":{"pubKey":"BRLUT5J0gZTPJA6X8dQPK05WQZyfHkyxcHGTy4LIZ7AO","privKey":"cH7u6fN/TVOU6F4GLrf4Mx7eekPcHWlIL2AdOQVa3Ek="},"lastRemoteEphemeralKey":"BSFTpSvOza/Ex74dWPbSeBKuQaIGUv6GjTRp+AkF9lBY","previousCounter":0,"rootKey":"0d35JvYRfQSWT/f6OLMm8QY/bJ1BWdSEtD8t7rMMW0I="},"indexInfo":{"baseKey":"BVzKYnX4NvJciURKYTe54jW9ROhr2JokmBMw/FDeQjFX","baseKeyType":1,"closed":-1,"used":1759877806555,"created":1759877806555,"remoteIdentityKey":"BesA9RNmPyRaEVr0F7IP+GmHnwCSroVPDshkOhZpL/cj"},"_chains":{"BRLUT5J0gZTPJA6X8dQPK05WQZyfHkyxcHGTy4LIZ7AO":{"chainKey":{"counter":2,"key":"WYDMV1KYZVDxOmOTuOy1sVOZT9Ipn3+dlpVLCI1F24w="},"chainType":1,"messageKeys":{}}},"pendingPreKey":{"signedKeyId":4,"baseKey":"BVzKYnX4NvJciURKYTe54jW9ROhr2JokmBMw/FDeQjFX","preKeyId":3652763}}},"version":"v1"}