{"_sessions":{"Ben8rPV0W5QglLevOvhV1OjqLaDl3f4tqpGPbWJJBuR+":{"registrationId":1877673169,"currentRatchet":{"ephemeralKeyPair":{"pubKey":"Bd6CsMKUUn6809fGaaExoE0GnMYC+wM4jjwbTwXfx9tR","privKey":"+CCmJ68C1s+JI0b6joMh1dptDqPP2QOPgpO6oU74YG8="},"lastRemoteEphemeralKey":"BdmGgqY6cXTSkGhChrarvyzsvkcuJQWyPrfOCDTtOGFr","previousCounter":0,"rootKey":"I32uYa2USq4gCaLwv59PZuNbMndjnBbJkKcB3MZxV5g="},"indexInfo":{"baseKey":"Ben8rPV0W5QglLevOvhV1OjqLaDl3f4tqpGPbWJJBuR+","baseKeyType":1,"closed":-1,"used":1759877806442,"created":1759877806442,"remoteIdentityKey":"BR1XQfV8biaEsS85B3LZgZst07Tn2pyYITFK7L26av9n"},"_chains":{"Bd6CsMKUUn6809fGaaExoE0GnMYC+wM4jjwbTwXfx9tR":{"chainKey":{"counter":2,"key":"Go4ex5JJRxiwfWuPJmfFmr64kUABv9FsedIk5bYDRRs="},"chainType":1,"messageKeys":{}}},"pendingPreKey":{"signedKeyId":2,"baseKey":"Ben8rPV0W5QglLevOvhV1OjqLaDl3f4tqpGPbWJJBuR+","preKeyId":15411375}}},"version":"v1"}