{"_sessions":{"BSAci2dW/B+SZNCPSOb4/nbHUWTxTQWh4aGlBiNnuZcm":{"registrationId":1726399949,"currentRatchet":{"ephemeralKeyPair":{"pubKey":"Be66Qpp7+wOhMcMSG/Xe1I1oiZEXHSqtTjtvdPwnhP8b","privKey":"SPoM6VBUMR4QyVY/9Avy+8O1weLGx0Wc1uLq3i8hiX0="},"lastRemoteEphemeralKey":"BSLmX3MVQSOG2tzpsSs1wK7lhAT/P9I9LB8jg5IDwLl6","previousCounter":0,"rootKey":"koiw4c+ECFLsqIpceIMkX5poUJ2F+bOC93nVgLIJtB8="},"indexInfo":{"baseKey":"BSAci2dW/B+SZNCPSOb4/nbHUWTxTQWh4aGlBiNnuZcm","baseKeyType":1,"closed":-1,"used":1759877806578,"created":1759877806578,"remoteIdentityKey":"BWgs5QfEE6w8p5uvL/NCSE7NFqdZRhx1Q3ldPxywPqxx"},"_chains":{"Be66Qpp7+wOhMcMSG/Xe1I1oiZEXHSqtTjtvdPwnhP8b":{"chainKey":{"counter":2,"key":"RRdK6UlwbIKGk9H+6SQMjpSTSC6WfJc+R73N6rN3Rvk="},"chainType":1,"messageKeys":{}}},"pendingPreKey":{"signedKeyId":0,"baseKey":"BSAci2dW/B+SZNCPSOb4/nbHUWTxTQWh4aGlBiNnuZcm","preKeyId":12411184}}},"version":"v1"}