{"_sessions":{"BYaQim0lCvnX34rqXBiuybKbtoBZjYDp6OeV/deRUNBz":{"registrationId":554622248,"currentRatchet":{"ephemeralKeyPair":{"pubKey":"BZdCtNlQaLLohJmQar0dW/ZMYooiofTxPK3bUAbMGKZQ","privKey":"sIygLwC9ntkJMrrcDdoWy8hs9lZNIvpYH9qKl9fckEU="},"lastRemoteEphemeralKey":"BXSnETHpMGVI/0a4wiOSLeWcSNkdeshTEuOwt45ZxT4E","previousCounter":0,"rootKey":"Qff7IMUiY3lSKPm0rE8Rk9VEMN8/wt07rbnWl3bhbGY="},"indexInfo":{"baseKey":"BYaQim0lCvnX34rqXBiuybKbtoBZjYDp6OeV/deRUNBz","baseKeyType":1,"closed":-1,"used":1759877806585,"created":1759877806585,"remoteIdentityKey":"BRYdtWwOvuFAfZVzLVne2C0wzkSptYtVrmwzMhjYjjEa"},"_chains":{"BZdCtNlQaLLohJmQar0dW/ZMYooiofTxPK3bUAbMGKZQ":{"chainKey":{"counter":2,"key":"5/dZIyh1+4w1DzwMhcc6QPzL9rjjD3cY76qeesymfc0="},"chainType":1,"messageKeys":{}}},"pendingPreKey":{"signedKeyId":14,"baseKey":"BYaQim0lCvnX34rqXBiuybKbtoBZjYDp6OeV/deRUNBz","preKeyId":1009258}}},"version":"v1"}