{"_sessions":{"BQXDR/vvMGChRZJvAxp8N/x+b1bLHIpZjYhdAYG7g2Rg":{"registrationId":1710195492,"currentRatchet":{"ephemeralKeyPair":{"pubKey":"BaJnxXk1xj1vrnpp12dg9dpSg4VgVQOujDX0zLs5ito2","privKey":"eAjABBTgfNwPS5b9ykL1qWlvD2JG9ZOoWMmBj7h5/XA="},"lastRemoteEphemeralKey":"BWsLJMpNjaRjFNC8lBLMP790TXObtg88SMBpU8wBq0QC","previousCounter":0,"rootKey":"FIp3GJ+lrzRg0eT9NtuSz11Uor1SnUgv7WtOglwJtr8="},"indexInfo":{"baseKey":"BQXDR/vvMGChRZJvAxp8N/x+b1bLHIpZjYhdAYG7g2Rg","baseKeyType":1,"closed":-1,"used":1759877806565,"created":1759877806565,"remoteIdentityKey":"Bc54seq4x25OmgZSbnaV+bnuSFELGLT88MkD0ymkLQhQ"},"_chains":{"BaJnxXk1xj1vrnpp12dg9dpSg4VgVQOujDX0zLs5ito2":{"chainKey":{"counter":2,"key":"4IrKoQ2RMjVn7K/Ge522SM7PWZZ7uB+ZpOPaSdTrzi8="},"chainType":1,"messageKeys":{}}},"pendingPreKey":{"signedKeyId":0,"baseKey":"BQXDR/vvMGChRZJvAxp8N/x+b1bLHIpZjYhdAYG7g2Rg"}}},"version":"v1"}