{"_sessions":{"Bbb9JYPv/DZeOKysA8aZOvCeJArT6cC6HDmzKPYxn9dZ":{"registrationId":515119391,"currentRatchet":{"ephemeralKeyPair":{"pubKey":"BX4t2r5ltZsN/DzuORKswoEJ/zmazHfWaIZcIK//tBM4","privKey":"OOgHWVQhyuI2NFrapQB5Oznn42BRMpZcUD7xFlHf7Us="},"lastRemoteEphemeralKey":"BS/ttSzCN1d1dB2xSXwYdh66HRXH1BMmLkYAJ/VtkA4H","previousCounter":0,"rootKey":"tPz+z4TjIjDNIJOOjst+abejteNzQgApSCj9ZPi2UUA="},"indexInfo":{"baseKey":"Bbb9JYPv/DZeOKysA8aZOvCeJArT6cC6HDmzKPYxn9dZ","baseKeyType":1,"closed":-1,"used":1759877806405,"created":1759877806405,"remoteIdentityKey":"BSB2fIBLGIiHA9MoMrypLRdzoWOLQq1yPq6ZD+dO/ToB"},"_chains":{"BX4t2r5ltZsN/DzuORKswoEJ/zmazHfWaIZcIK//tBM4":{"chainKey":{"counter":2,"key":"WStyD+To/30JlIZt4SxEf9uB0ERTWAUjcP1w1y0HKcc="},"chainType":1,"messageKeys":{}}},"pendingPreKey":{"signedKeyId":0,"baseKey":"Bbb9JYPv/DZeOKysA8aZOvCeJArT6cC6HDmzKPYxn9dZ","preKeyId":7773118}}},"version":"v1"}