{"_sessions":{"BQJolbzmtmtiYlLAOQZ8U1IjUoxgaf8npLz6dlhW0Ssc":{"registrationId":1405843582,"currentRatchet":{"ephemeralKeyPair":{"pubKey":"BTxgqlypibsd7dc5wl93sz4bkzbXTwcIxtU09OR642Zm","privKey":"aLYiveY7nYeaG7FO1YKQS+jAYkfmCIoO9zRXNdV6g2M="},"lastRemoteEphemeralKey":"BQmp8fl6rbD8iDzcSnZ5fduVYGPAjvNYEMcsrPpX4d17","previousCounter":0,"rootKey":"YOhN+kY/GxRrH6qBagZafn2dmSn/K6gLiWeNlF2Bp8I="},"indexInfo":{"baseKey":"BQJolbzmtmtiYlLAOQZ8U1IjUoxgaf8npLz6dlhW0Ssc","baseKeyType":1,"closed":-1,"used":1759877806610,"created":1759877806610,"remoteIdentityKey":"BSTXfApS71pqPntSi2mNjtreERDDwJ9Ni5LzcDAop7l/"},"_chains":{"BTxgqlypibsd7dc5wl93sz4bkzbXTwcIxtU09OR642Zm":{"chainKey":{"counter":2,"key":"EGYatWR78f2hZ9F1pW0OYXcRNQoI2UZnhtcqA1cdSPM="},"chainType":1,"messageKeys":{}}},"pendingPreKey":{"signedKeyId":2,"baseKey":"BQJolbzmtmtiYlLAOQZ8U1IjUoxgaf8npLz6dlhW0Ssc"}}},"version":"v1"}