{"_sessions":{"BQyjGJIHNC2FLd3zt6M9VmtEpMPfrqGpXFCcqMc1uQhG":{"registrationId":1282957256,"currentRatchet":{"ephemeralKeyPair":{"pubKey":"BcfoMm6LD/oDvyVPPoYjhtdGkZRN5jEchARaRAE9bDdh","privKey":"yMoMAj5sa+TCPW4ynUv40xkQfsQDLQlTjOi7G24xQHU="},"lastRemoteEphemeralKey":"BR7515wyLfjsKUu3Lf2lXRVE9wgByEmgdNe5SYX86lRY","previousCounter":0,"rootKey":"OqAXgINpXToIw1xLWSjPHmfFWukpWKusCpTEtem0suw="},"indexInfo":{"baseKey":"BQyjGJIHNC2FLd3zt6M9VmtEpMPfrqGpXFCcqMc1uQhG","baseKeyType":1,"closed":-1,"used":1759877806523,"created":1759877806523,"remoteIdentityKey":"BaQm7epCGp4sCsUqEPcIWQ/62TxhunKIWFFHwvyegB04"},"_chains":{"BcfoMm6LD/oDvyVPPoYjhtdGkZRN5jEchARaRAE9bDdh":{"chainKey":{"counter":2,"key":"Z2o977fn4JUy90sES4k6eEznyjkv8GWYzfDkt8zldLw="},"chainType":1,"messageKeys":{}}},"pendingPreKey":{"signedKeyId":6,"baseKey":"BQyjGJIHNC2FLd3zt6M9VmtEpMPfrqGpXFCcqMc1uQhG","preKeyId":3361751}}},"version":"v1"}