{"_sessions":{"Bf9eH6EFd0ZTz1aBtEwYrL6ABZ3nBMHWzVvRcvaxHnNL":{"registrationId":1462690213,"currentRatchet":{"ephemeralKeyPair":{"pubKey":"BUlc1ItkEOOc7tRroajPOQ0e8VDRIsZU2QUiNZ6fkOJw","privKey":"wDCccgIAqRXZG5bjVQigpzOohH28h+Th2M98OEeBZEM="},"lastRemoteEphemeralKey":"BZ6zurTNbZvSY5yGnUFlQg2JmoBZnugGGdj1tg4P8DYT","previousCounter":0,"rootKey":"z+vKzPiHV+ceYQjhgQZAmVr3SLEqJakjBQ0S9zBuMZs="},"indexInfo":{"baseKey":"Bf9eH6EFd0ZTz1aBtEwYrL6ABZ3nBMHWzVvRcvaxHnNL","baseKeyType":1,"closed":-1,"used":1759877806678,"created":1759877806678,"remoteIdentityKey":"BfDq3F8EyjmVDTKitJQw2dosHunZii32fsRuSkeJJ+w+"},"_chains":{"BUlc1ItkEOOc7tRroajPOQ0e8VDRIsZU2QUiNZ6fkOJw":{"chainKey":{"counter":2,"key":"//5VCUiFnvQhEztbefyO8j7NN7JkWZ7pJY7vzBnuAEk="},"chainType":1,"messageKeys":{}}},"pendingPreKey":{"signedKeyId":5,"baseKey":"Bf9eH6EFd0ZTz1aBtEwYrL6ABZ3nBMHWzVvRcvaxHnNL","preKeyId":6516412}}},"version":"v1"}