{"_sessions":{"BdOYTA93oACNu6hvC25WNkPJI+Xtt7rCkJ3aTBs0fgV+":{"registrationId":1061775760,"currentRatchet":{"ephemeralKeyPair":{"pubKey":"BbJUwtysqdPy0Od1TG4loYRbHB2o7u3wRc+Rnb2qixJz","privKey":"oDriVeESPPvti33swm6g4btaLn6BWFANAi5b2u53NVU="},"lastRemoteEphemeralKey":"Bb5HvG0Q+s/XA2GjC0h0RfloY3opYqodjjyHMQSZsW4x","previousCounter":0,"rootKey":"GZ7bOO7CALKDKD7qIvvD5ap6ZjR1bcNIF9+xMXx8aPo="},"indexInfo":{"baseKey":"BdOYTA93oACNu6hvC25WNkPJI+Xtt7rCkJ3aTBs0fgV+","baseKeyType":1,"closed":1759878595250,"used":1759875634759,"created":1759875634759,"remoteIdentityKey":"BY7d0VYi6NYdKeR3M0VFaHiVIAzTaNs4WzjQv13Zoete"},"_chains":{"BbJUwtysqdPy0Od1TG4loYRbHB2o7u3wRc+Rnb2qixJz":{"chainKey":{"counter":56,"key":"c9LUm1Lb6WsPVi8bMFCibzFWvUt9eHoaxTdWpRmWCMA="},"chainType":1,"messageKeys":{}}},"pendingPreKey":{"signedKeyId":1,"baseKey":"BdOYTA93oACNu6hvC25WNkPJI+Xtt7rCkJ3aTBs0fgV+","preKeyId":916}},"BZoa4BEY1FDVp4ua8ftAsy2fziYgwpX3ZF18fhdoAr8n":{"registrationId":1061775760,"currentRatchet":{"ephemeralKeyPair":{"pubKey":"BWiBAqmo/OrRpAU9HcAS9o5obLG8K4w4b/nkMfUcWTxM","privKey":"gFP9A2FZyK5kNe6T7qK/5KzBVj6G0ReF5o3efNdCT28="},"lastRemoteEphemeralKey":"Bb5HvG0Q+s/XA2GjC0h0RfloY3opYqodjjyHMQSZsW4x","previousCounter":0,"rootKey":"a9edkwnL+tRnkA10bLi9+QjqWdZe6AzUhvOPIqKu0Wg="},"indexInfo":{"baseKey":"BZoa4BEY1FDVp4ua8ftAsy2fziYgwpX3ZF18fhdoAr8n","baseKeyType":1,"closed":-1,"used":1759878595249,"created":1759878595249,"remoteIdentityKey":"BY7d0VYi6NYdKeR3M0VFaHiVIAzTaNs4WzjQv13Zoete"},"_chains":{"BWiBAqmo/OrRpAU9HcAS9o5obLG8K4w4b/nkMfUcWTxM":{"chainKey":{"counter":0,"key":"m4uaVu3B7wFijKahhG0qfD3u9EJlOlU0ifa0KpaitLs="},"chainType":1,"messageKeys":{}}},"pendingPreKey":{"signedKeyId":1,"baseKey":"BZoa4BEY1FDVp4ua8ftAsy2fziYgwpX3ZF18fhdoAr8n","preKeyId":933}}},"version":"v1"}