{"_sessions":{"BenKrd7HerupNAdbCtClRVsViTgDQDigMqoLbQiNnhYG":{"registrationId":2104241438,"currentRatchet":{"ephemeralKeyPair":{"pubKey":"BRMoVYSj0lwL6XUlQNaoXusWwOoEsyuKb91bH+9ppcx5","privKey":"sGKBY8iju6oIRU3yxs26mDoBtzNPkRGpd6OQZKpsyVE="},"lastRemoteEphemeralKey":"BaZvvJE0Y5nMvhtg8i8trh/LiFvf54LTyuza3pnlAywI","previousCounter":0,"rootKey":"pCllNRPdN40PPwK+DF9QSPXvaKw08mPwUl5IkCpCLbw="},"indexInfo":{"baseKey":"BenKrd7HerupNAdbCtClRVsViTgDQDigMqoLbQiNnhYG","baseKeyType":1,"closed":-1,"used":1759877806683,"created":1759877806683,"remoteIdentityKey":"BQhyqH6DuEJcuM6pyQiNaagxJVy5U5uUZq0ZEnDxczEw"},"_chains":{"BRMoVYSj0lwL6XUlQNaoXusWwOoEsyuKb91bH+9ppcx5":{"chainKey":{"counter":2,"key":"pgzOmvTCkTEjOCIGbFOUn5A8uxCmDel7sITRtE1Ek6s="},"chainType":1,"messageKeys":{}}},"pendingPreKey":{"signedKeyId":5,"baseKey":"BenKrd7HerupNAdbCtClRVsViTgDQDigMqoLbQiNnhYG","preKeyId":4686992}}},"version":"v1"}