{"_sessions":{"BUatW3khN2gtK7ql2UsfR3m5t3kY+2zVpk8tdze2Y2xx":{"registrationId":983395403,"currentRatchet":{"ephemeralKeyPair":{"pubKey":"BQ/FiF2qUNOv1A/xmj6nqO44eV2XyRzX8mOmJwJ4deUk","privKey":"8BsTD0SyJgBI3hrYprlxs3lbDl7uOan4WsSRfHEqgGw="},"lastRemoteEphemeralKey":"BclA0f9A6M96rhz3BtK6f+lX2qfxN3rfdw/pncg/a0sL","previousCounter":0,"rootKey":"4brDK9vrzF08EB9LAdD4YLFv6WstdYmZMqOhJN1w2RY="},"indexInfo":{"baseKey":"BUatW3khN2gtK7ql2UsfR3m5t3kY+2zVpk8tdze2Y2xx","baseKeyType":1,"closed":-1,"used":1759877806629,"created":1759877806629,"remoteIdentityKey":"BY0Z0Hl/Mc3lUkp9T5OK7iX1s7SfIqmZkejH2w8HKUQ1"},"_chains":{"BQ/FiF2qUNOv1A/xmj6nqO44eV2XyRzX8mOmJwJ4deUk":{"chainKey":{"counter":2,"key":"obiRs9rDKgUqCqUeXONAYlX/Ej8vzaL3DgmSaY006RU="},"chainType":1,"messageKeys":{}}},"pendingPreKey":{"signedKeyId":8,"baseKey":"BUatW3khN2gtK7ql2UsfR3m5t3kY+2zVpk8tdze2Y2xx","preKeyId":9104885}}},"version":"v1"}