{"_sessions":{"BepFNC9ZIqRkeVH0UlHE68K7/Gvw8yO8+okkv2YiYAZ6":{"registrationId":1407627623,"currentRatchet":{"ephemeralKeyPair":{"pubKey":"BQSRV1EZEnH7hRxXAiA80zkvpPLMJFmfdTrUXcLP4Swm","privKey":"wOdAKjuzYknJfvelxl5z52+/aXMbcdIxsx3MlNV2rEk="},"lastRemoteEphemeralKey":"BapYgKfZ5g1IMMkJhuSPxuX9pN4lOCMWkAEnDGcNq+Fk","previousCounter":0,"rootKey":"pzfukQ5sYJlkxlV4Lh6x8MP4yjIRVPBHaCcMhIr8AsI="},"indexInfo":{"baseKey":"BepFNC9ZIqRkeVH0UlHE68K7/Gvw8yO8+okkv2YiYAZ6","baseKeyType":1,"closed":-1,"used":1759877806500,"created":1759877806500,"remoteIdentityKey":"BUMtxuY2qa51pkwqDg7kef0Eao8E8DeHKXoA+XBXo4Jf"},"_chains":{"BQSRV1EZEnH7hRxXAiA80zkvpPLMJFmfdTrUXcLP4Swm":{"chainKey":{"counter":2,"key":"QPiBXHvVytMWU39NmtZF5GhtmsnGP1mw4ASqu/pbQOo="},"chainType":1,"messageKeys":{}}},"pendingPreKey":{"signedKeyId":3,"baseKey":"BepFNC9ZIqRkeVH0UlHE68K7/Gvw8yO8+okkv2YiYAZ6","preKeyId":11556546}}},"version":"v1"}