{"_sessions":{"Bb1lSVvmugqMJB+RcCjrBdPIYK9+CjSivSIhEh4sb44+":{"registrationId":804026724,"currentRatchet":{"ephemeralKeyPair":{"pubKey":"BclMacKRYyL0xS5F5+tNV4eTtEhDMoODE24i72VCoPck","privKey":"AF8ZPaCQFcUqsoqiO4w3dEs286w+9BShoe1o8neDWlE="},"lastRemoteEphemeralKey":"BaLMHOpk8AGELlAG58BuPmJAtCNBU2bKEtt/tsG7+gUV","previousCounter":0,"rootKey":"fnkgIXZA4xxryGJF9U13U830VgiY5Ejff5F3PQbD7S8="},"indexInfo":{"baseKey":"Bb1lSVvmugqMJB+RcCjrBdPIYK9+CjSivSIhEh4sb44+","baseKeyType":1,"closed":-1,"used":1759877806574,"created":1759877806574,"remoteIdentityKey":"BWTs8cGGTWEHsOYIGbQuA1760pVMhmjwncd00CmFqMcD"},"_chains":{"BclMacKRYyL0xS5F5+tNV4eTtEhDMoODE24i72VCoPck":{"chainKey":{"counter":2,"key":"Ezm/fk1TrVWNlccmORu9brGAno04+mfIwudgKDz19HY="},"chainType":1,"messageKeys":{}}},"pendingPreKey":{"signedKeyId":63,"baseKey":"Bb1lSVvmugqMJB+RcCjrBdPIYK9+CjSivSIhEh4sb44+","preKeyId":13017480}}},"version":"v1"}