{"_sessions":{"BfSaw/o72B2klht0yckAiqwPt7AWWHqQurn6kQHIuuk7":{"registrationId":1193369153,"currentRatchet":{"ephemeralKeyPair":{"pubKey":"BVhoFVzvJjBwY6J42zDyVU2xol4m2m0tGWOlUKFbzPR8","privKey":"MHfnBEzcApsmWmcMc0TVUL3a8Vx6tOJU5frfXBF01n8="},"lastRemoteEphemeralKey":"BeRpUZK+2GeCLwJc43e3hTnmE6csotw2VJpbk2fNOMZZ","previousCounter":0,"rootKey":"o8lD3ixej8ThlCGFIUHvgdGwnbN7i49ltPjyPd/iPQw="},"indexInfo":{"baseKey":"BfSaw/o72B2klht0yckAiqwPt7AWWHqQurn6kQHIuuk7","baseKeyType":1,"closed":-1,"used":1759877806517,"created":1759877806517,"remoteIdentityKey":"BcLxNUXLKRbYUK2xTiT+Ku0E6YO9y9sStdQbHDohG+8o"},"_chains":{"BVhoFVzvJjBwY6J42zDyVU2xol4m2m0tGWOlUKFbzPR8":{"chainKey":{"counter":2,"key":"/2VtfhaVhZNCt3x2WODl9+qFx1T3lXfF9z4LHzBd5PQ="},"chainType":1,"messageKeys":{}}},"pendingPreKey":{"signedKeyId":1,"baseKey":"BfSaw/o72B2klht0yckAiqwPt7AWWHqQurn6kQHIuuk7","preKeyId":14491527}}},"version":"v1"}