{"_sessions":{"BZlWtC/Ft1M1QeoUWwRaGFUln6OKXhGaYsjTwrhXmj4o":{"registrationId":1411622792,"currentRatchet":{"ephemeralKeyPair":{"pubKey":"BS+eyJ1/U8vnHPdonYjW1crLJc3wA5SqvfY5LNSVz5EG","privKey":"KNr9FYfORrL8sb5R1i0zu18Yxw3cxAIByL/idWN5DkQ="},"lastRemoteEphemeralKey":"Bas1vvUVDChit7uRi+/QLKj8LpS3Hylbwnn3YsA3U6Yq","previousCounter":0,"rootKey":"exQfZngcq3Y+WbQePSqrWufovxrPtMrEhrqghdblnDY="},"indexInfo":{"baseKey":"BZlWtC/Ft1M1QeoUWwRaGFUln6OKXhGaYsjTwrhXmj4o","baseKeyType":1,"closed":-1,"used":1759877806563,"created":1759877806563,"remoteIdentityKey":"BSmo18fL/VHdRc3C5Rtw5bjsmdlTScu5RC/sRJiYer49"},"_chains":{"BS+eyJ1/U8vnHPdonYjW1crLJc3wA5SqvfY5LNSVz5EG":{"chainKey":{"counter":2,"key":"PY37pzoDkIkLLS/+903a3j2xXdy92LBemhKytc98urM="},"chainType":1,"messageKeys":{}}},"pendingPreKey":{"signedKeyId":3,"baseKey":"BZlWtC/Ft1M1QeoUWwRaGFUln6OKXhGaYsjTwrhXmj4o","preKeyId":1301359}}},"version":"v1"}