{"_sessions":{"BXUwiJFPom623+vei45X9ZGM2q6Xde0/ILIMa7cuJB17":{"registrationId":1574906241,"currentRatchet":{"ephemeralKeyPair":{"pubKey":"Ba35EwZnmTSvaxcwYwlW76DVZXWpu2jIDQxWEQu7kAYM","privKey":"YNODswIePOsE5v39qRlIYa+5LErE7zABQqpRg+JomW8="},"lastRemoteEphemeralKey":"BX2ZEuS/kEzwcp2PQw2Aer8uIqEQoDt248dWySMxynNQ","previousCounter":0,"rootKey":"Kq1xd00iXwZFofLb93gBABXhbYC2PaxkyWwk/bX1HLw="},"indexInfo":{"baseKey":"BXUwiJFPom623+vei45X9ZGM2q6Xde0/ILIMa7cuJB17","baseKeyType":1,"closed":-1,"used":1759877806709,"created":1759877806709,"remoteIdentityKey":"BSMRi6Zz5PBXluWCkDQ289wGE2uUp6b0+SPykhqNCoN/"},"_chains":{"Ba35EwZnmTSvaxcwYwlW76DVZXWpu2jIDQxWEQu7kAYM":{"chainKey":{"counter":2,"key":"9RNlyyeYKPfGpeT3+jx9+mvayTguCpv6yRQLjMnch6U="},"chainType":1,"messageKeys":{}}},"pendingPreKey":{"signedKeyId":0,"baseKey":"BXUwiJFPom623+vei45X9ZGM2q6Xde0/ILIMa7cuJB17","preKeyId":14973871}}},"version":"v1"}