{"_sessions":{"BQn5RcadYqZ/WL7zT8EfD+2JdM2GrLdFmG6QD1l4iIBX":{"registrationId":1295889114,"currentRatchet":{"ephemeralKeyPair":{"pubKey":"BTlKjeLbF/NxHrDY3NQWUPaK1Unr+Rp0qY8kifYsNpVW","privKey":"SKnzNEBJODEQCQ6sH7bV9vuXMPepmi4JoTnX6noRolA="},"lastRemoteEphemeralKey":"BVcfrIQuCEE7kfBBUcUI5Pg8kFdNaIhGnAl0TUPhVaBt","previousCounter":0,"rootKey":"T7NeRy9ip6bcXFVWPxdfYlIz6jPlaCLhAs1A44VNU3w="},"indexInfo":{"baseKey":"BQn5RcadYqZ/WL7zT8EfD+2JdM2GrLdFmG6QD1l4iIBX","baseKeyType":1,"closed":-1,"used":1759877806490,"created":1759877806490,"remoteIdentityKey":"BcVe5FX4dcvynyh08GZrgEFJeniPw6YM5PjMGDqjglEf"},"_chains":{"BTlKjeLbF/NxHrDY3NQWUPaK1Unr+Rp0qY8kifYsNpVW":{"chainKey":{"counter":2,"key":"qqmEwBLrxuzdRv/BqC40ddAgv7HQaUbAUkAeLPRJ4Rs="},"chainType":1,"messageKeys":{}}},"pendingPreKey":{"signedKeyId":12,"baseKey":"BQn5RcadYqZ/WL7zT8EfD+2JdM2GrLdFmG6QD1l4iIBX","preKeyId":14926927}}},"version":"v1"}