{"_sessions":{"BSpBiLYrYgJCPuMHNy8Ag3nqcGvYOqI9FroCRyNc9Vlv":{"registrationId":1050325363,"currentRatchet":{"ephemeralKeyPair":{"pubKey":"BVJxiD9lJP+08p+GQOEWUX8GKCMzKoUbXgcnbMGKqe97","privKey":"qPeG5jObNlQIrf+vI5aDeV4gyDr5g3ydLlXpQML0iH4="},"lastRemoteEphemeralKey":"BdnfX0/7nMsWycBqIMbkb6dAuNOeXW8RrvBGKA0tZnc4","previousCounter":0,"rootKey":"5HtZ5kt4DtxMQGk0npsHVdHCpEozC4B7eL3/JHxl/0E="},"indexInfo":{"baseKey":"BSpBiLYrYgJCPuMHNy8Ag3nqcGvYOqI9FroCRyNc9Vlv","baseKeyType":1,"closed":-1,"used":1759877806458,"created":1759877806458,"remoteIdentityKey":"BWSzsiVO3GWWdnfRosOVYnyeGM5KwsHE+L4YU9WIn9Mf"},"_chains":{"BVJxiD9lJP+08p+GQOEWUX8GKCMzKoUbXgcnbMGKqe97":{"chainKey":{"counter":2,"key":"ug2+p85F4Xsb2dygtdkt5sFzudR2dAJuno9K/YcfrSQ="},"chainType":1,"messageKeys":{}}},"pendingPreKey":{"signedKeyId":1,"baseKey":"BSpBiLYrYgJCPuMHNy8Ag3nqcGvYOqI9FroCRyNc9Vlv","preKeyId":9349657}}},"version":"v1"}