{"_sessions":{"BVXADtmGtxqqQPzXcG8jnPh94OyXTh3y5jRhFlA4hIlI":{"registrationId":774625786,"currentRatchet":{"ephemeralKeyPair":{"pubKey":"BSWn314+y7ceaD/FyF6P5scLU0J1QTfHNXInLSZ+OQlO","privKey":"0IYdrVn8uX+bVt0uG07w9TMyR/pYHg58jxCj26ymUnA="},"lastRemoteEphemeralKey":"BVw4eSTaycta21LsspWZmeEeNSMWzXcREMdMIZqT2Y8h","previousCounter":0,"rootKey":"ODWfPsmbUf+ws6Rz9kq6fg5aFMr2U0ONg8oGcn+NnPk="},"indexInfo":{"baseKey":"BVXADtmGtxqqQPzXcG8jnPh94OyXTh3y5jRhFlA4hIlI","baseKeyType":1,"closed":-1,"used":1759877806619,"created":1759877806619,"remoteIdentityKey":"BVbTySJ4UMHKry1eC+U8VNzRi41JEufRcpFGSI2Kvywo"},"_chains":{"BSWn314+y7ceaD/FyF6P5scLU0J1QTfHNXInLSZ+OQlO":{"chainKey":{"counter":2,"key":"AI1P5V2dOylQBsfcT7e4kifjOnyV67tz7Rb6ZUjABJk="},"chainType":1,"messageKeys":{}}},"pendingPreKey":{"signedKeyId":1,"baseKey":"BVXADtmGtxqqQPzXcG8jnPh94OyXTh3y5jRhFlA4hIlI","preKeyId":13512749}}},"version":"v1"}