{"_sessions":{"BYK1/yoZ4h2yk93TPFkdLwG3ASmLeh1g0+p8RF+XvI5L":{"registrationId":1879246215,"currentRatchet":{"ephemeralKeyPair":{"pubKey":"BZ7ubb5yIdj2J4p0oglNoFLP6Y9Vg+E1OunzrRWapDoq","privKey":"WGlaaqj9mkIiLc/U4tNAxKX8y4PMAVLt1wtuUQSsQlM="},"lastRemoteEphemeralKey":"BWaQSV3g28Q6AuHGzzFXKzUVlWy6Gj2d2tKFZK3WF50i","previousCounter":0,"rootKey":"Xh+rcw14Pn2zdZJ2ldW6s41k4MCK7BcNFzgseo+lLYU="},"indexInfo":{"baseKey":"BYK1/yoZ4h2yk93TPFkdLwG3ASmLeh1g0+p8RF+XvI5L","baseKeyType":1,"closed":-1,"used":1759877806571,"created":1759877806571,"remoteIdentityKey":"BRIRvSDYSiT9nb6c3YLOA1u0OyUAonLeBfEJwvaTkzYs"},"_chains":{"BZ7ubb5yIdj2J4p0oglNoFLP6Y9Vg+E1OunzrRWapDoq":{"chainKey":{"counter":2,"key":"lUzMzYaA4bly0wn39lCicfat6sfNpawZAvhAU+/m+EA="},"chainType":1,"messageKeys":{}}},"pendingPreKey":{"signedKeyId":12,"baseKey":"BYK1/yoZ4h2yk93TPFkdLwG3ASmLeh1g0+p8RF+XvI5L","preKeyId":10366652}}},"version":"v1"}