{"_sessions":{"Bfliyugjs6v1wPBGf8g/AjjyWlgN7/QGh/OPPyIamPp7":{"registrationId":155312369,"currentRatchet":{"ephemeralKeyPair":{"pubKey":"BQa/NQnadA87OINcgCs1+LKIElZfI5pSTvUGb1f4xe5P","privKey":"cNoyIZe8ZHsmRNscSEPncXgck+ZAZLE2iI0NHCKznG4="},"lastRemoteEphemeralKey":"Bf5zkvV6jWw6ITd7xcPOGoHtNIZSN+VJDrhnhaOwXYBv","previousCounter":0,"rootKey":"B3XKieIyLZ5RDBF4I6koEksuD/eEGQkfbAsa4qnmbXQ="},"indexInfo":{"baseKey":"Bfliyugjs6v1wPBGf8g/AjjyWlgN7/QGh/OPPyIamPp7","baseKeyType":1,"closed":-1,"used":1759877806461,"created":1759877806461,"remoteIdentityKey":"BTlxqL4nohRgky1LjS0iv+QtYxArXpaP+tolzy1PKTIT"},"_chains":{"BQa/NQnadA87OINcgCs1+LKIElZfI5pSTvUGb1f4xe5P":{"chainKey":{"counter":2,"key":"xy/q9Iyx35+GZweTBTIzQ/vPrWXbAXQMdrIQrSxm3jw="},"chainType":1,"messageKeys":{}}},"pendingPreKey":{"signedKeyId":17,"baseKey":"Bfliyugjs6v1wPBGf8g/AjjyWlgN7/QGh/OPPyIamPp7","preKeyId":13700799}}},"version":"v1"}