{"_sessions":{"BZn4YuZi4uGPpp3KaHC6RdQ9sFrUFfuq5xh3L/V/OsoG":{"registrationId":715149511,"currentRatchet":{"ephemeralKeyPair":{"pubKey":"BXreChMHdnZgXjR7B594aN/MqUcSqhJnyyt/Fk/KCCU2","privKey":"GEvGLqhbLAypFoZ7TnOiiCm+wbLck5siSVPPw94Y3nk="},"lastRemoteEphemeralKey":"BTsLWjjV+xg8WqH2FPZJbfaVa8EZFjsszcQW9poZRL4y","previousCounter":1,"rootKey":"r4naBGaAQ0THJGjuw+OlO338dCsDLPxwyklaEEsd7Q8="},"indexInfo":{"baseKey":"BZn4YuZi4uGPpp3KaHC6RdQ9sFrUFfuq5xh3L/V/OsoG","baseKeyType":1,"closed":-1,"used":1759877498007,"created":1759875634760,"remoteIdentityKey":"BZeFzn1X75/tBFSNPBobOaDCrdOvVyiUQccWShK5KH9y"},"_chains":{"BVq6O2CqPSSXpDDNnnaqoPqVXJGNmOmqV07N/4DPz6wH":{"chainKey":{"counter":0},"chainType":2,"messageKeys":{}},"BRphQ3qopifrVrZC7M3mdnVKjItINA9vFqYgG237HmhB":{"chainKey":{"counter":1},"chainType":2,"messageKeys":{}},"BbN1a+T1rQcFf9qBpEpCLSPRSrW8BVuz0P4GJ472ISlj":{"chainKey":{"counter":0},"chainType":2,"messageKeys":{}},"BVkltpWxciC/1xZ36rGz3ZMx0NsvtYXzIfDBtoFosT49":{"chainKey":{"counter":0},"chainType":2,"messageKeys":{}},"BXRYwQYUCJrbSdhC8pnYfmXLXQ+rIyl8lkAgoG8HE6Fm":{"chainKey":{"counter":0},"chainType":2,"messageKeys":{}},"BUbxbt2mB7NygxYigZfMyGou5+wVSMYd93qzquJEXjB3":{"chainKey":{"counter":4},"chainType":2,"messageKeys":{}},"BR4CacwFYifH1qZVszveN4qtBY2vVbOUiGBIkiToymBE":{"chainKey":{"counter":0},"chainType":2,"messageKeys":{}},"BQWIleQiMEALqa7GfKFbPwMjbdtN1gmR1V/ypU9fz2I/":{"chainKey":{"counter":0},"chainType":2,"messageKeys":{}},"BapHikdfFIlRtJ8+t6mWxzKpWBKRwv4gthSg7MUH7i90":{"chainKey":{"counter":0},"chainType":2,"messageKeys":{}},"BTzZlO9fP6fdm/AIxN5Nss/p508117Yb+kxMDW33VB1l":{"chainKey":{"counter":0},"chainType":2,"messageKeys":{}},"Bbc+Rctc7r6CyK2j0Gp5pzOppwW4aRA6gTRaG6caTopp":{"chainKey":{"counter":0},"chainType":2,"messageKeys":{}},"Bck5+2ZOmleqtCIc1j7yxlnzpvpjMJ8icAyNUuIoBykq":{"chainKey":{"counter":1},"chainType":2,"messageKeys":{}},"BWnHwFzzOc06DZ84vm9akA8S8nqPGxv3r5yFLZTl/qEs":{"chainKey":{"counter":0},"chainType":2,"messageKeys":{}},"BZUx3BVLHLRV+ECgmR5TW2D8DnkiNWYdiJD7GWBpiY9h":{"chainKey":{"counter":0},"chainType":2,"messageKeys":{}},"BbD5WCzymm60ZSlRiK+q2zP2KLMzGoRQdunKSkG5GrNz":{"chainKey":{"counter":1},"chainType":2,"messageKeys":{}},"BaWdqJcdo8lw6e28B4p99ULynrxc8D1je++ETyeaW6Z0":{"chainKey":{"counter":0},"chainType":2,"messageKeys":{}},"BS0sv26PChKBQWEF7WCcn6OdYl7u979V/bMrbF6SepoW":{"chainKey":{"counter":0},"chainType":2,"messageKeys":{}},"BW/gI18ZGrWXJDqa+1qbRmJTyeqU4CDfDil9sIDNuV1k":{"chainKey":{"counter":0},"chainType":2,"messageKeys":{}},"BSsDqe4tB1vDJqAl6+lvCoTxLTV57k5W3Nlw+VV8hSgJ":{"chainKey":{"counter":0},"chainType":2,"messageKeys":{}},"Bd7RGREWS+hCyU9QRoopCfyvZVLcnG/UnTixhMnbpflm":{"chainKey":{"counter":0},"chainType":2,"messageKeys":{}},"BXU33ebRKB5w8AY8HyWJrbNBVtJhOrlBSOXClPPkYw5A":{"chainKey":{"counter":0},"chainType":2,"messageKeys":{}},"BebWy3tcBTsAOw+kyKLjouEnZxpy9DTLU5X2P89amcdb":{"chainKey":{"counter":1},"chainType":2,"messageKeys":{}},"BXHQ1CW+ZuWDxaXKRy2Ow+ts9THecJKJTa9fVhbE891/":{"chainKey":{"counter":0},"chainType":2,"messageKeys":{}},"BSSAkEN94LShAFxrgbB+srceXrabry1oyuy1RW3V10RC":{"chainKey":{"counter":0},"chainType":2,"messageKeys":{}},"BW1y8Ccy4n+r9JaIaeKFjQlkRYE5wsUEErFpuMIhdxVt":{"chainKey":{"counter":0},"chainType":2,"messageKeys":{}},"Ba+186UZbr+u/Gouwxe6HQK3sGCfNeyscI884262kg9P":{"chainKey":{"counter":0},"chainType":2,"messageKeys":{}},"BVnBROuUjjtVsWeYx/cLGA3SGrR7bXToZFDdvXIwiO1V":{"chainKey":{"counter":1},"chainType":2,"messageKeys":{}},"BUmpV9zLLzo+oWCQAA5nz3GonIk3+fZyolivTBC/5dQe":{"chainKey":{"counter":0},"chainType":2,"messageKeys":{}},"BXwngG1xENHEFmDBjzfznF4JHN1F8gUcbu/7nKiyoilo":{"chainKey":{"counter":0},"chainType":2,"messageKeys":{}},"BTsPGYPJ8uX3MotDoqX1L3/ajxWiwxHJ9K/hv5Mdgig+":{"chainKey":{"counter":0},"chainType":2,"messageKeys":{}},"BSli8p1JMDJdSOmseOrK9y2SujCIj3fvYd6QMihHFlBF":{"chainKey":{"counter":0},"chainType":2,"messageKeys":{}},"BTsLWjjV+xg8WqH2FPZJbfaVa8EZFjsszcQW9poZRL4y":{"chainKey":{"counter":0,"key":"GmsLMrUCaGECckzSynPQK29pwDHeDMA51ZZsRqEPTAY="},"chainType":2,"messageKeys":{}},"BXreChMHdnZgXjR7B594aN/MqUcSqhJnyyt/Fk/KCCU2":{"chainKey":{"counter":3,"key":"2mbMqoD6zBe1+VD1qWWB0CSID9XdZ3tcOZyIIGZWym0="},"chainType":1,"messageKeys":{}}}}},"version":"v1"}