{"_sessions":{"BXZE92Ho+H0ok2l+TdqWcrs1nAQlPrTi1jO3MKxhx6to":{"registrationId":622109879,"currentRatchet":{"ephemeralKeyPair":{"pubKey":"BQ+btgUWM+SMpLcNqX+A8UTWlwzN6s1DWgjZOgxhoUUt","privKey":"aM0rW2f7kqeW5nOFL1K8kG6FbEI9nbnrBtN16+gR8lI="},"lastRemoteEphemeralKey":"BawVhiEx9KFkKXMTZkQ1V2AgduDLFDQfO94T6F5cwJBo","previousCounter":0,"rootKey":"bIe/kYUdD46mKHSUOmM1CJKU/G9qgvvFSCCbCavOQUA="},"indexInfo":{"baseKey":"BXZE92Ho+H0ok2l+TdqWcrs1nAQlPrTi1jO3MKxhx6to","baseKeyType":1,"closed":-1,"used":1759877806777,"created":1759877806777,"remoteIdentityKey":"BVFvMBpFhSSLFooe4XXt1qUJ8UI1n3OaKepisBMQvOMu"},"_chains":{"BQ+btgUWM+SMpLcNqX+A8UTWlwzN6s1DWgjZOgxhoUUt":{"chainKey":{"counter":2,"key":"IFCGFrH92Vo30hbTpJcl1n1K51CBK3Cc2wcGe2RfYHU="},"chainType":1,"messageKeys":{}}},"pendingPreKey":{"signedKeyId":1,"baseKey":"BXZE92Ho+H0ok2l+TdqWcrs1nAQlPrTi1jO3MKxhx6to","preKeyId":2890}}},"version":"v1"}