{"_sessions":{"BX3yB9dvb6Iv8ZbLub2iO5JVaZrITxhv5fJ4aTRJkp9N":{"registrationId":1675841112,"currentRatchet":{"ephemeralKeyPair":{"pubKey":"BfgLqzu5AAU1at8P4Fp0lboLvvIC/gzDTsPe/qZlgeoF","privKey":"yKnGMCLeKCMcbeKyeJ0+e8RoHB0BRcp2JKRhhiQ/2GA="},"lastRemoteEphemeralKey":"BVqWQg4tWrWtc/jezXT+o82DRJunEWm1N6M/O89Qe8oD","previousCounter":0,"rootKey":"71v7dRG0rUyxzuGpg2mM7L/rY38SAkvi6WU6dWrARSU="},"indexInfo":{"baseKey":"BX3yB9dvb6Iv8ZbLub2iO5JVaZrITxhv5fJ4aTRJkp9N","baseKeyType":1,"closed":-1,"used":1759877806622,"created":1759877806622,"remoteIdentityKey":"BUiBnKczVHTV6R5Cnqhj53OziR4XYkfcOqzHRKPDyAdx"},"_chains":{"BfgLqzu5AAU1at8P4Fp0lboLvvIC/gzDTsPe/qZlgeoF":{"chainKey":{"counter":2,"key":"p6acEupc8IJBYQRpDFu+s5gq/Ubqlggoad/gskKBQfg="},"chainType":1,"messageKeys":{}}},"pendingPreKey":{"signedKeyId":8,"baseKey":"BX3yB9dvb6Iv8ZbLub2iO5JVaZrITxhv5fJ4aTRJkp9N","preKeyId":9980902}}},"version":"v1"}