{"_sessions":{"BeSToERsXhGRsq+hclwT+M9sxeWdK7k66MDNM5AwfIBf":{"registrationId":646566533,"currentRatchet":{"ephemeralKeyPair":{"pubKey":"BQXVRvrIiA7b82pzp+xfP8UZPeinDxsroNmt9TMqmhZ/","privKey":"mPPAkz5xONEG38IuQmstQYvbOO5EMdiVs2e6BesN8Fg="},"lastRemoteEphemeralKey":"BccafqnAwIhs7UnXG1MHdY3abbaamuqqcTogo4JepDF+","previousCounter":0,"rootKey":"pvYMc9JdwLzM9ma+jjzC5c2Nb3XZdQlheAcxxsVoL9g="},"indexInfo":{"baseKey":"BeSToERsXhGRsq+hclwT+M9sxeWdK7k66MDNM5AwfIBf","baseKeyType":1,"closed":-1,"used":1759877806596,"created":1759877806596,"remoteIdentityKey":"Bb1D31/RSOycoPLOm2Ud/YQxUcjWBjjkvomqm95mGiJp"},"_chains":{"BQXVRvrIiA7b82pzp+xfP8UZPeinDxsroNmt9TMqmhZ/":{"chainKey":{"counter":2,"key":"UO+SAQrvlbpjWql71BURTl/fyta+fBt/NS0X4d2YJ7Q="},"chainType":1,"messageKeys":{}}},"pendingPreKey":{"signedKeyId":3,"baseKey":"BeSToERsXhGRsq+hclwT+M9sxeWdK7k66MDNM5AwfIBf","preKeyId":12984908}}},"version":"v1"}