{"_sessions":{"BZYsQu8gp1JTmJola7fMad2vbHJACcrgUMx5RRonrHAh":{"registrationId":2022858760,"currentRatchet":{"ephemeralKeyPair":{"pubKey":"BSVB7ofqFV+l44YMJ9O5MDaismSekKn9WJ/E+PKXdUdA","privKey":"4N09HoBi+m61ignnxmGflBR9NlbLJmg9oszzDYFvoWY="},"lastRemoteEphemeralKey":"BZ8nOal9qNYx1GRjloXf3VuzfAHrNe5MijHLtkzhYX18","previousCounter":0,"rootKey":"ERoSezIXPZbFv/rRgHrKxdMb3o37cqHRd7JGRXFA9UU="},"indexInfo":{"baseKey":"BZYsQu8gp1JTmJola7fMad2vbHJACcrgUMx5RRonrHAh","baseKeyType":1,"closed":-1,"used":1759877806701,"created":1759877806701,"remoteIdentityKey":"BUCSdQQi6xIIM8DzP+tu/7xRFGyZyZAxWMLZFan+hLNa"},"_chains":{"BSVB7ofqFV+l44YMJ9O5MDaismSekKn9WJ/E+PKXdUdA":{"chainKey":{"counter":2,"key":"CHytbc/L1L53UQQo7vEcWqC0wM6jlM3UWMlRNdAOKyA="},"chainType":1,"messageKeys":{}}},"pendingPreKey":{"signedKeyId":0,"baseKey":"BZYsQu8gp1JTmJola7fMad2vbHJACcrgUMx5RRonrHAh","preKeyId":8818063}}},"version":"v1"}