{"_sessions":{"BV3wOTqzGe77aCCGHb5NMfzl1cWctXT8lcwVUhCba+ki":{"registrationId":446027424,"currentRatchet":{"ephemeralKeyPair":{"pubKey":"BVug9voKHg6aADMKk7sUP5A/2Y+0T/1hI7fL6jg1YilK","privKey":"8GZDgyBTGyEZBHTJT/8V66s7DCzp8ZuYd/7nCut8GXg="},"lastRemoteEphemeralKey":"BW/Nldit/m3C5WKRNCgROi/7c849IDTPXjCw22z1EtUj","previousCounter":0,"rootKey":"DgP1G7+cWKKzyxVP4lJeR1+6819pxiM9vU/QWdCNr3w="},"indexInfo":{"baseKey":"BV3wOTqzGe77aCCGHb5NMfzl1cWctXT8lcwVUhCba+ki","baseKeyType":1,"closed":-1,"used":1759877806636,"created":1759877806636,"remoteIdentityKey":"BbbQNPDvhKwx9lO+at33FQmj4P4sW1krVYfTQr3sRUU+"},"_chains":{"BVug9voKHg6aADMKk7sUP5A/2Y+0T/1hI7fL6jg1YilK":{"chainKey":{"counter":2,"key":"4qbNr4N2cyDZzTzNLKm1jvZ1zP2+N1DA0T0HbRqP6bo="},"chainType":1,"messageKeys":{}}},"pendingPreKey":{"signedKeyId":4,"baseKey":"BV3wOTqzGe77aCCGHb5NMfzl1cWctXT8lcwVUhCba+ki","preKeyId":3990646}}},"version":"v1"}