{"_sessions":{"BReGgKji0EzSnFBxk4Z6Ziux7H+tjQl76BV+eehVFTFg":{"registrationId":2129319551,"currentRatchet":{"ephemeralKeyPair":{"pubKey":"BTqsIsEeO68cYbIRMZeMc4Q0oz8c+sZj/QeIVJRrkoI6","privKey":"EM1urwYEDjVGho7ryV/L0l0PRmUfztyWgHnjLzNAdWc="},"lastRemoteEphemeralKey":"BfvntVdEZLeXA/Er7R8LPjpGNMnMf6G465WPVWcuKBkr","previousCounter":0,"rootKey":"WqEXt8Sdtir0MPqZcMBIimaA1H9cvnas3YllZqS1QJE="},"indexInfo":{"baseKey":"BReGgKji0EzSnFBxk4Z6Ziux7H+tjQl76BV+eehVFTFg","baseKeyType":1,"closed":-1,"used":1759877806554,"created":1759877806554,"remoteIdentityKey":"BYfwdhsXCGJCTStgM3O5iI+JG5EOxjEJ8vk3tOkERdg8"},"_chains":{"BTqsIsEeO68cYbIRMZeMc4Q0oz8c+sZj/QeIVJRrkoI6":{"chainKey":{"counter":2,"key":"H3aRvH1vAK3EKQxNAg9mX+YuAcRI0nLhF+iaOpRRHqc="},"chainType":1,"messageKeys":{}}},"pendingPreKey":{"signedKeyId":1,"baseKey":"BReGgKji0EzSnFBxk4Z6Ziux7H+tjQl76BV+eehVFTFg","preKeyId":502246}}},"version":"v1"}