{"_sessions":{"BdUYIR/OxKZ7Plh9Wq1Iw+M5BC7cjgb8Vhs8N8jsAKxo":{"registrationId":454728989,"currentRatchet":{"ephemeralKeyPair":{"pubKey":"BZU0ku9N5zIi6KA6EnBDkzj+Cz+qoOkGbLtcPxJPoMJC","privKey":"sAD1roZCuE9sT1x9uWzD1G+muGMqHSnYT7MUbAsL3Ek="},"lastRemoteEphemeralKey":"BV5oNw1QCFuBJAjq9dVdYkMPFGrrIqYBbGLlqMUNyBww","previousCounter":0,"rootKey":"iDJgLZV/xR4gukINSrhIZJlMDL8gDpgW6qWbDeoKIPE="},"indexInfo":{"baseKey":"BdUYIR/OxKZ7Plh9Wq1Iw+M5BC7cjgb8Vhs8N8jsAKxo","baseKeyType":1,"closed":-1,"used":1759877806446,"created":1759877806446,"remoteIdentityKey":"Ba+pDcsHmdb1vr5OUsSJxMYln5ztUUIFLMs3WxMItsBQ"},"_chains":{"BZU0ku9N5zIi6KA6EnBDkzj+Cz+qoOkGbLtcPxJPoMJC":{"chainKey":{"counter":2,"key":"tD5Vp8rdqXWCo0k1yAMVHIzui9CXf5rWmZIU2gK+zak="},"chainType":1,"messageKeys":{}}},"pendingPreKey":{"signedKeyId":1,"baseKey":"BdUYIR/OxKZ7Plh9Wq1Iw+M5BC7cjgb8Vhs8N8jsAKxo","preKeyId":12320387}}},"version":"v1"}