{"_sessions":{"BRumpAXXBGBTGWPgq0eN8ZGAsi9W0Bi1R9vXtXoWW85a":{"registrationId":807579905,"currentRatchet":{"ephemeralKeyPair":{"pubKey":"Bcay9jP5cmpFRO5ggbeYqkuX8iDrULnUfwx8xw3+UbJN","privKey":"aOpOg+zKJOFwhjp+s3OeKXdZhMwHDfBElHUeQCwVUHo="},"lastRemoteEphemeralKey":"BUKh89ay4OVcnSBw7K0V/pPMKHTvYKknGPp3Q3iFggwa","previousCounter":0,"rootKey":"hRgy4JPuEGo0ejXLjuxRyJglUgu0TuGPkp39i/cFcBs="},"indexInfo":{"baseKey":"BRumpAXXBGBTGWPgq0eN8ZGAsi9W0Bi1R9vXtXoWW85a","baseKeyType":1,"closed":-1,"used":1759877806591,"created":1759877806591,"remoteIdentityKey":"BUBJ9/e1Y3sMVta+q4bpBpwGq2xVTsTZxnTwfE4m9npJ"},"_chains":{"Bcay9jP5cmpFRO5ggbeYqkuX8iDrULnUfwx8xw3+UbJN":{"chainKey":{"counter":2,"key":"5BtWADs8GD07wQuF+xjTMiLkDA/GX/buHHW8usMi7rQ="},"chainType":1,"messageKeys":{}}},"pendingPreKey":{"signedKeyId":9,"baseKey":"BRumpAXXBGBTGWPgq0eN8ZGAsi9W0Bi1R9vXtXoWW85a"}}},"version":"v1"}