{"_sessions":{"Bd/sQE/PelNsQHvRGGb7F07/bEjRDIcLwMZb6U8CWFos":{"registrationId":2107679535,"currentRatchet":{"ephemeralKeyPair":{"pubKey":"BUNRKwh2BqsDd/SMG/ViDNe/jQhnsxM4R/OE8GakRG8P","privKey":"8NaDEeU4+yoWeCPQrgJaaXR5LvbzSut4pka9TE2Pa1E="},"lastRemoteEphemeralKey":"BQOUyIEdTJybDIxLzsTRF0D4gy7IKmKkOUSuPInflD5w","previousCounter":0,"rootKey":"DRQBXvgm7c7fUaj7X3hdxI0pEN9h6th50UXnl58Ls+0="},"indexInfo":{"baseKey":"Bd/sQE/PelNsQHvRGGb7F07/bEjRDIcLwMZb6U8CWFos","baseKeyType":1,"closed":-1,"used":1759877806617,"created":1759877806617,"remoteIdentityKey":"BTX33lBuGu1K4ovVNqGlZ7DoSsQCwW0RL/TUj3ml93QM"},"_chains":{"BUNRKwh2BqsDd/SMG/ViDNe/jQhnsxM4R/OE8GakRG8P":{"chainKey":{"counter":2,"key":"wgDD74cgOWfd0XlaSLHf94ZEBw+3a7+t5xvRTCAYPx4="},"chainType":1,"messageKeys":{}}},"pendingPreKey":{"signedKeyId":2,"baseKey":"Bd/sQE/PelNsQHvRGGb7F07/bEjRDIcLwMZb6U8CWFos","preKeyId":13305670}}},"version":"v1"}