{"_sessions":{"BWkzKqxyfBlYnwOkUJ2g5dwjbOgsPsdpWFOR865C0zUt":{"registrationId":212931564,"currentRatchet":{"ephemeralKeyPair":{"pubKey":"Bdca0cb4DjJpw0HTjyunErZRLQUCjEx4fRcGcMtYlsAS","privKey":"4AqUie1XcYtgKR53bJKnfeQfC1oRHJgu8v9Z8quUD0E="},"lastRemoteEphemeralKey":"BXeE0tYLLJTi8FAy1Ur9C1g3AYqOgXBgfD0kkNaZhgFu","previousCounter":0,"rootKey":"tlmzx+czU0Jbbvso1jQmB6dl3UzjWrZFn4bSL2AWnZ0="},"indexInfo":{"baseKey":"BWkzKqxyfBlYnwOkUJ2g5dwjbOgsPsdpWFOR865C0zUt","baseKeyType":1,"closed":-1,"used":1759877806479,"created":1759877806479,"remoteIdentityKey":"BUSds1sbvUM+H4O/1v3XLF9YiYM6HJlHhcA7sJkxlSMb"},"_chains":{"Bdca0cb4DjJpw0HTjyunErZRLQUCjEx4fRcGcMtYlsAS":{"chainKey":{"counter":2,"key":"VSpxY7oUJwTGxYPdP8ifIiPudCOgVzbljQAwOtYGK6E="},"chainType":1,"messageKeys":{}}},"pendingPreKey":{"signedKeyId":3,"baseKey":"BWkzKqxyfBlYnwOkUJ2g5dwjbOgsPsdpWFOR865C0zUt","preKeyId":13484462}}},"version":"v1"}