{"_sessions":{"Bf4pFMUCBr29VdjjNeszXZYjCjx7CMeQK42h7ATfoDds":{"registrationId":805873196,"currentRatchet":{"ephemeralKeyPair":{"pubKey":"BVKRtUCbAn0/QuUQjfXIrB6I8evJ8HSpr0MO82K27Xgn","privKey":"cOBg9+vosRLX84hPXWVbD+zwRpwEvgEaBa6KzT2CuXI="},"lastRemoteEphemeralKey":"Bd+Hv8Mext5H0qdd9sB0anUtmDCb3FE7JM44u78pLZ4v","previousCounter":0,"rootKey":"MohopllmUgNaaNapyTpFdscV6HJ2ZJuPsGPJEbRShFM="},"indexInfo":{"baseKey":"Bf4pFMUCBr29VdjjNeszXZYjCjx7CMeQK42h7ATfoDds","baseKeyType":1,"closed":-1,"used":1759877806608,"created":1759877806608,"remoteIdentityKey":"BWt5EdFAWuJwg7ibf8b/3Kbq2RrHoYyL5FIXSGurEcE2"},"_chains":{"BVKRtUCbAn0/QuUQjfXIrB6I8evJ8HSpr0MO82K27Xgn":{"chainKey":{"counter":2,"key":"h44cpFZxO90WwcryQvPoNx2ENUwoY6HeBuoAqas/I0I="},"chainType":1,"messageKeys":{}}},"pendingPreKey":{"signedKeyId":1,"baseKey":"Bf4pFMUCBr29VdjjNeszXZYjCjx7CMeQK42h7ATfoDds","preKeyId":13362106}}},"version":"v1"}