{"_sessions":{"BT/EDFT1XqzXUzxflQQS8+1Nm4DorgrdmXhqGF13WnJt":{"registrationId":737591600,"currentRatchet":{"ephemeralKeyPair":{"pubKey":"BQfwN4KLuW6OwXpwIDlYJz1fSzTfKNewZb59QCuhXERl","privKey":"mIh/evG/nqcJ3brVLI3wdti76iJ2D7k75BeXljGepnU="},"lastRemoteEphemeralKey":"BRqmXxNvXS+mNypmyXNrQmzfwUVwkQOEtDAfbouUhyFG","previousCounter":0,"rootKey":"lAO4Lkg6TzHfK5lBA1zFRyNdj2Gls7tHcpVPvsl4czo="},"indexInfo":{"baseKey":"BT/EDFT1XqzXUzxflQQS8+1Nm4DorgrdmXhqGF13WnJt","baseKeyType":1,"closed":-1,"used":1759877806720,"created":1759877806720,"remoteIdentityKey":"Bd0SzuLhR0yIIF3hUBwtDk4V6KWvb1gQO2vauCdyJCUx"},"_chains":{"BQfwN4KLuW6OwXpwIDlYJz1fSzTfKNewZb59QCuhXERl":{"chainKey":{"counter":2,"key":"YQQNo09JEpp/pwTsTjpvU42crNQNEJoS7LQl2KVIO54="},"chainType":1,"messageKeys":{}}},"pendingPreKey":{"signedKeyId":13393710,"baseKey":"BT/EDFT1XqzXUzxflQQS8+1Nm4DorgrdmXhqGF13WnJt"}}},"version":"v1"}