{"_sessions":{"BVxNBLqwMgB4njooTsPxRimpxw/a4N8JKIiDN3VYVypa":{"registrationId":666063400,"currentRatchet":{"ephemeralKeyPair":{"pubKey":"BUFx6835QpTeY4kHwsac6OKulnwm06My+/e8JsAEbgMi","privKey":"CAzDnsc9ybmLaewssD96oHb4fADC6uenTI0T41BgKXM="},"lastRemoteEphemeralKey":"BTd8Hut1d/PTN2Nw9xeiCznBj07483A7fs+w3X6IcfNO","previousCounter":0,"rootKey":"lsFACQiHMkiuk6rdYE3QQlE2Eb7opiuT2DdDGKB9UPU="},"indexInfo":{"baseKey":"BVxNBLqwMgB4njooTsPxRimpxw/a4N8JKIiDN3VYVypa","baseKeyType":1,"closed":-1,"used":1759877806711,"created":1759877806711,"remoteIdentityKey":"BXHZd95BTHEYKUNJHAwyOIPkkULCumuZkloLZ4ghHg4b"},"_chains":{"BUFx6835QpTeY4kHwsac6OKulnwm06My+/e8JsAEbgMi":{"chainKey":{"counter":2,"key":"exzBniZbjY456wvIuqTqHe878+7DzWu04Pu27fJQfVQ="},"chainType":1,"messageKeys":{}}},"pendingPreKey":{"signedKeyId":5,"baseKey":"BVxNBLqwMgB4njooTsPxRimpxw/a4N8JKIiDN3VYVypa","preKeyId":12709146}}},"version":"v1"}