{"_sessions":{"Bc5E8/gXzBl42HdkukczbBbSHwhBetyw7VWUsdP7VohL":{"registrationId":1839204490,"currentRatchet":{"ephemeralKeyPair":{"pubKey":"BdtwWI6wjc3F+nV/NeXNOgmj2I5yFQr0yBT5guGT+/xi","privKey":"0PjntuhV4vPIppQli5G6zOr/w3WRtI1JQAm+g9zBeVE="},"lastRemoteEphemeralKey":"BeBbmz6XvuNVwRlBIFqNqZ+zSJATb3GHsuxJFDRT9lED","previousCounter":0,"rootKey":"wfqYUb1P7fR3fOHrq5RUJ2cwnGooC/cisHxDiOblj2w="},"indexInfo":{"baseKey":"Bc5E8/gXzBl42HdkukczbBbSHwhBetyw7VWUsdP7VohL","baseKeyType":1,"closed":-1,"used":1759877806522,"created":1759877806522,"remoteIdentityKey":"BQHe+gx1EB55jiXm9mjEdkp2iljo0xoxbfIwrS8kSPMB"},"_chains":{"BdtwWI6wjc3F+nV/NeXNOgmj2I5yFQr0yBT5guGT+/xi":{"chainKey":{"counter":2,"key":"RoegSiah8vDe1/NXeumFa7XgRQVWVHUDRAmfQb/4jME="},"chainType":1,"messageKeys":{}}},"pendingPreKey":{"signedKeyId":3,"baseKey":"Bc5E8/gXzBl42HdkukczbBbSHwhBetyw7VWUsdP7VohL","preKeyId":11177066}}},"version":"v1"}