{"_sessions":{"BU0/pSgJ9ZenTHWWIHffSoFTsAp7E2xYjP3huD4Wi3cg":{"registrationId":1847554242,"currentRatchet":{"ephemeralKeyPair":{"pubKey":"Bdeb+r7mn+UGh1RVBqJzeP70g5PQwScod3RfD3x2COlY","privKey":"AM9LlcSxj9NvrLyQdQri+UPbcAfBH53GX0kFGKQavFo="},"lastRemoteEphemeralKey":"BfCZQLtClSzodhXURgKGpPB6YK4ge5HQSYNcnthJ1Jo2","previousCounter":0,"rootKey":"6KGOQkNuwowCijJ0tq7iovazJYANFob06/dx8F4o3uw="},"indexInfo":{"baseKey":"BU0/pSgJ9ZenTHWWIHffSoFTsAp7E2xYjP3huD4Wi3cg","baseKeyType":1,"closed":-1,"used":1759877806453,"created":1759877806453,"remoteIdentityKey":"BYuyjt2w1jm/ZDw6gUq9dw+U2Yx7hzi7WAcS7i2RKjgj"},"_chains":{"Bdeb+r7mn+UGh1RVBqJzeP70g5PQwScod3RfD3x2COlY":{"chainKey":{"counter":2,"key":"GH9ZHcuVfLKOTLEKRqUoKRThWI1xFctNqG8+bKKDa7I="},"chainType":1,"messageKeys":{}}},"pendingPreKey":{"signedKeyId":5,"baseKey":"BU0/pSgJ9ZenTHWWIHffSoFTsAp7E2xYjP3huD4Wi3cg","preKeyId":1650205}}},"version":"v1"}