{"_sessions":{"BdC7sHKS7WagG4M/QOdVff4a3TZzv+dh31XJ+w7TSzci":{"registrationId":1091572189,"currentRatchet":{"ephemeralKeyPair":{"pubKey":"BSKVeJKIOygAeo2nh2jPPhWN0AmXynlAmvZGWYUIOMZu","privKey":"uFyIYDhW847lFfYMDgd/ptwAFXEcxDkbaIM/H/+EBlE="},"lastRemoteEphemeralKey":"BfP9B2vz1jNFEfrEglbq+GvsZZeCzTmD1ejL9C47egQ4","previousCounter":0,"rootKey":"yzitOQrRX573sa32tQ4sekSjCIEECB27Q/ZOJecf34g="},"indexInfo":{"baseKey":"BdC7sHKS7WagG4M/QOdVff4a3TZzv+dh31XJ+w7TSzci","baseKeyType":1,"closed":-1,"used":1759877806775,"created":1759877806775,"remoteIdentityKey":"BZBIjde0kGmCZZByGMoOjYqfw30rZmcdXbjgalWto7RZ"},"_chains":{"BSKVeJKIOygAeo2nh2jPPhWN0AmXynlAmvZGWYUIOMZu":{"chainKey":{"counter":2,"key":"3BTWlNhMBBeuTjJ8checBg12h4SV7urYWaOeS4ILkIs="},"chainType":1,"messageKeys":{}}},"pendingPreKey":{"signedKeyId":0,"baseKey":"BdC7sHKS7WagG4M/QOdVff4a3TZzv+dh31XJ+w7TSzci"}}},"version":"v1"}