{"_sessions":{"BXW+o424Bny+StQw+h+bgkqjk0Lz+uUSjRWXvsl40ul0":{"registrationId":463183523,"currentRatchet":{"ephemeralKeyPair":{"pubKey":"BTDI+776+Q/HsUABrqibsFz6nzyWciUfkIsfNgKClPEg","privKey":"UMo0ipnMyQDVGAG+hJKMsWDRkKhPeKBan59MFhVM8HU="},"lastRemoteEphemeralKey":"BbTPsr8BCS1QhW6EFfgLIOhkTSP7/pdz1HTRbKflGEd1","previousCounter":0,"rootKey":"Zx6vGTM4qFSNyL4+3xLgBvs8wEhvUof4ilZ31N6L5gQ="},"indexInfo":{"baseKey":"BXW+o424Bny+StQw+h+bgkqjk0Lz+uUSjRWXvsl40ul0","baseKeyType":1,"closed":-1,"used":1759877806717,"created":1759877806717,"remoteIdentityKey":"BVzUYXvA3O0DVRRh0Bz1FDsiK2kJxXnKQQ7Rs6p21e4o"},"_chains":{"BTDI+776+Q/HsUABrqibsFz6nzyWciUfkIsfNgKClPEg":{"chainKey":{"counter":2,"key":"l/QcUoDgjtnoQZglnJIDFR3EtuI1gmBHLmDCDB6KMJg="},"chainType":1,"messageKeys":{}}},"pendingPreKey":{"signedKeyId":1,"baseKey":"BXW+o424Bny+StQw+h+bgkqjk0Lz+uUSjRWXvsl40ul0","preKeyId":12894361}}},"version":"v1"}