{"_sessions":{"BS82hCl/hW7m9toXeiH/N8r0X3780ROMxnPSkUeViWFM":{"registrationId":509632233,"currentRatchet":{"ephemeralKeyPair":{"pubKey":"BYPzj9V5a/zN3B6XhZ2UcQRNKSQDh5qiYFzVao6aW8sq","privKey":"yOm136gUBJHok5U5cs14RCDX8A0u7Z8sI+bt+THs+1c="},"lastRemoteEphemeralKey":"BfxOfYkhwvHP49ryY2UBN8FqhtTUgW31YxY5vfBsA243","previousCounter":0,"rootKey":"YygJ3YJc4iNV35ok1Ct1S/2/75oZkEhbyWSmLa36pGI="},"indexInfo":{"baseKey":"BS82hCl/hW7m9toXeiH/N8r0X3780ROMxnPSkUeViWFM","baseKeyType":1,"closed":-1,"used":1759877806611,"created":1759877806611,"remoteIdentityKey":"BYSsiTlVPji42HdkW9+dMuxlvRTj5OroV/s7EDltUwhL"},"_chains":{"BYPzj9V5a/zN3B6XhZ2UcQRNKSQDh5qiYFzVao6aW8sq":{"chainKey":{"counter":2,"key":"vDAl4a4mX4HjxLXOJmR82zYforizz3Qku9Eev64KeDA="},"chainType":1,"messageKeys":{}}},"pendingPreKey":{"signedKeyId":0,"baseKey":"BS82hCl/hW7m9toXeiH/N8r0X3780ROMxnPSkUeViWFM","preKeyId":10759340}}},"version":"v1"}