{"_sessions":{"BfQns8SFWg0BR3iGJd3JlTIChWcTJ62LsB8w556R92go":{"registrationId":1343847531,"currentRatchet":{"ephemeralKeyPair":{"pubKey":"Bd9xbCw19WDBhL6rFJzL+efj/xTVOqmp21U7uqlRAhw/","privKey":"mPCK4kM3DTddQ52FQKUCxQwcBI79UMh/X+6IyRTJWV0="},"lastRemoteEphemeralKey":"BV7BjUnvPcwG933XfMYceOYci3tZZHhMAl0dkP9Sb51o","previousCounter":0,"rootKey":"eEPwlFvjbc6b1u7t70Ta1BmF70Kc41OS6CI3yFCq7A8="},"indexInfo":{"baseKey":"BfQns8SFWg0BR3iGJd3JlTIChWcTJ62LsB8w556R92go","baseKeyType":1,"closed":-1,"used":1759877806553,"created":1759877806553,"remoteIdentityKey":"Bb/dn6c2OZTOzFd/oxstvUMQpf8y/QW8WiJZnlHml4Bz"},"_chains":{"Bd9xbCw19WDBhL6rFJzL+efj/xTVOqmp21U7uqlRAhw/":{"chainKey":{"counter":2,"key":"me+eIqGaDP2T9joVHXtGIH+urKPffc4ypJZcqx6VRnE="},"chainType":1,"messageKeys":{}}},"pendingPreKey":{"signedKeyId":12,"baseKey":"BfQns8SFWg0BR3iGJd3JlTIChWcTJ62LsB8w556R92go","preKeyId":8336646}}},"version":"v1"}