{"_sessions":{"BZRU6D+8TH5nlzfjSLE8Tk9sbSflpzVHXJqsYIS1q5hP":{"registrationId":2065626269,"currentRatchet":{"ephemeralKeyPair":{"pubKey":"BQL2kgDF5ub9NhTlCYjMrP3JCT3oZQ3EZHiLzadDzj83","privKey":"YIdjrj3Y+CZ2RO1mDA7mwqpxUTWC7Jq7Esc7sHkC1W4="},"lastRemoteEphemeralKey":"BcyWyNRiw6bwC01fCF48/JUIA1Ws02hWCbEPmtw8L3V0","previousCounter":0,"rootKey":"FcZG3aIWH0p5X+qorJKLBa0JU8xSKkinj+iNIFZbKxU="},"indexInfo":{"baseKey":"BZRU6D+8TH5nlzfjSLE8Tk9sbSflpzVHXJqsYIS1q5hP","baseKeyType":1,"closed":-1,"used":1759877806600,"created":1759877806600,"remoteIdentityKey":"BSL/3rhC22iCBn0aTIxG7po+sqJ8h87oDZ8NcVm896Vs"},"_chains":{"BQL2kgDF5ub9NhTlCYjMrP3JCT3oZQ3EZHiLzadDzj83":{"chainKey":{"counter":2,"key":"pqn9UydU/XzLnHkKVT/ujGMeT8FV3ybtUamLGGcOpFs="},"chainType":1,"messageKeys":{}}},"pendingPreKey":{"signedKeyId":0,"baseKey":"BZRU6D+8TH5nlzfjSLE8Tk9sbSflpzVHXJqsYIS1q5hP","preKeyId":15736620}}},"version":"v1"}