{"_sessions":{"Be28kSn5u/4JchAfS6aK3CHBw3QFW10cOQCOgBz8V3Qp":{"registrationId":936814005,"currentRatchet":{"ephemeralKeyPair":{"pubKey":"BWXusSe4QnWlVXlLw053V0LOxGctRQN660qR91KP3+9l","privKey":"kHPGA30N+CXQAH5vweMsVuUp80Qi72uDisJOGHalp0s="},"lastRemoteEphemeralKey":"BRSP6LQRKJIxHbCs3QB3vYCnUWABtCKU7SQSqwGAmPgA","previousCounter":0,"rootKey":"PUM6FouK6i2yYRYBhgi6BrlC7wK+EjACLJLubAGa0bY="},"indexInfo":{"baseKey":"Be28kSn5u/4JchAfS6aK3CHBw3QFW10cOQCOgBz8V3Qp","baseKeyType":1,"closed":-1,"used":1759877806743,"created":1759877806743,"remoteIdentityKey":"Bdln+g/vQsA37AbbTDswrI43HkBSTQL1+Yx3hMeTk4Ba"},"_chains":{"BWXusSe4QnWlVXlLw053V0LOxGctRQN660qR91KP3+9l":{"chainKey":{"counter":2,"key":"wuxwkzc7KghcpB9kduqzqIxdDlpPDEl6AjmkAn3sWVY="},"chainType":1,"messageKeys":{}}},"pendingPreKey":{"signedKeyId":0,"baseKey":"Be28kSn5u/4JchAfS6aK3CHBw3QFW10cOQCOgBz8V3Qp","preKeyId":4533921}}},"version":"v1"}