{"_sessions":{"BcN17NRqmh6L7GmQM2qAe08mj3hq94zbPTaTAPxoVQta":{"registrationId":1317246394,"currentRatchet":{"ephemeralKeyPair":{"pubKey":"BWdmd4FPcDXclnQjqp6bll8rjikQZsyqdpNm0TqeU1l4","privKey":"WIHqDdLIBQ8Edtbh1Misn8hPfCyj4dVuoZwlo9+EbG4="},"lastRemoteEphemeralKey":"BYOtYz4jx4A5DIWBShFnoyjZe4dyzBIW1U+wqLUh7doT","previousCounter":0,"rootKey":"RkiOWLt0n4xYf90geRyMZccOQhT4Lr4PR0BpopdVYfY="},"indexInfo":{"baseKey":"BcN17NRqmh6L7GmQM2qAe08mj3hq94zbPTaTAPxoVQta","baseKeyType":1,"closed":-1,"used":1759877806452,"created":1759877806452,"remoteIdentityKey":"BeSz2c917yZEDBW3UcnZ/PBseQSbUUcNNt8FKPn9E1wf"},"_chains":{"BWdmd4FPcDXclnQjqp6bll8rjikQZsyqdpNm0TqeU1l4":{"chainKey":{"counter":2,"key":"JuMQOhZh/7KlyLqEBbj+hIZiYC6jfTyLuKI4mNSPKCk="},"chainType":1,"messageKeys":{}}},"pendingPreKey":{"signedKeyId":1,"baseKey":"BcN17NRqmh6L7GmQM2qAe08mj3hq94zbPTaTAPxoVQta"}}},"version":"v1"}