{"_sessions":{"BZ5A4644MYdSJWyw1q8w/W8nO7a659T23/DKoam/vZkB":{"registrationId":2037934804,"currentRatchet":{"ephemeralKeyPair":{"pubKey":"BafHOmVTWAGViQ7tGw/SCJO8vkm77HFMT7Y69+OgCaAN","privKey":"QAYjcvaZPonHyYGSaQMEjzNDcXuqf55qcYYYblxFMWI="},"lastRemoteEphemeralKey":"BQJQ9wgaPFMcHyCUJ9Bm7fS3nTAjNTuJA4LGghbdmUo8","previousCounter":0,"rootKey":"OXBYXGBX5KiN4QCRxsA3EmiFVL8RX5KDcBe2bb8FAho="},"indexInfo":{"baseKey":"BZ5A4644MYdSJWyw1q8w/W8nO7a659T23/DKoam/vZkB","baseKeyType":1,"closed":-1,"used":1759877806588,"created":1759877806588,"remoteIdentityKey":"BQCJCaQbszX5bw2GRgFQ9IW6i0Cncw+jBz94evVl7WdY"},"_chains":{"BafHOmVTWAGViQ7tGw/SCJO8vkm77HFMT7Y69+OgCaAN":{"chainKey":{"counter":2,"key":"bPNePtJ3wjbKgHdkQ/xapC8lZlgIpyQ5343NUbijsvg="},"chainType":1,"messageKeys":{}}},"pendingPreKey":{"signedKeyId":2,"baseKey":"BZ5A4644MYdSJWyw1q8w/W8nO7a659T23/DKoam/vZkB","preKeyId":6132342}}},"version":"v1"}