{"_sessions":{"BSMmiC9pXkRHLj32/05u5S7v2VdurHESqa3esLdXxmsw":{"registrationId":1700696001,"currentRatchet":{"ephemeralKeyPair":{"pubKey":"BXfRvxd4QYVO9kXi/Uzr/CMf/JyDMpu8nPwAS7Kk+JpJ","privKey":"6OpOQqV7FD16j8rn+WnfpQZWg8bGIW92Rgn14SLcunQ="},"lastRemoteEphemeralKey":"BSOQwmOxFtylCMr08YACwnvDjTqs5m1i0rBAGqE4ICx5","previousCounter":0,"rootKey":"NZGUdqDrK/0DPt6EUaY40mDms9H4nR9roAKm1GUXTL4="},"indexInfo":{"baseKey":"BSMmiC9pXkRHLj32/05u5S7v2VdurHESqa3esLdXxmsw","baseKeyType":1,"closed":-1,"used":1759877806513,"created":1759877806513,"remoteIdentityKey":"BVVi2V1B6mKiqNCo+AWOiA7WLEU/ZevaEv62SFVYhE9/"},"_chains":{"BXfRvxd4QYVO9kXi/Uzr/CMf/JyDMpu8nPwAS7Kk+JpJ":{"chainKey":{"counter":2,"key":"ljz6P5+LlEag+iuiga62gZBexry9fK87Ei5wM3KsN/Q="},"chainType":1,"messageKeys":{}}},"pendingPreKey":{"signedKeyId":1,"baseKey":"BSMmiC9pXkRHLj32/05u5S7v2VdurHESqa3esLdXxmsw","preKeyId":14530355}}},"version":"v1"}