{"_sessions":{"BYag5JruZNJFAbSDexgPD8nTXDU7FE+UIWJhYAMB1CwG":{"registrationId":1889575859,"currentRatchet":{"ephemeralKeyPair":{"pubKey":"Bdn+bHTlZybqPILcizR8FooIX5D1DRWq7vBYzFfQX81h","privKey":"APIjA6+AcizRlceoYHCqJqGKpD/GEbrUzCB29XPLLUQ="},"lastRemoteEphemeralKey":"BbfmcT3+uUaKKu0BpTNY3ubKphoszsUD9x/BgW1hhVI+","previousCounter":0,"rootKey":"9R638aDcSLaJ5BZAcQbWByncrR6dBQr3ATeIUu7YyTY="},"indexInfo":{"baseKey":"BYag5JruZNJFAbSDexgPD8nTXDU7FE+UIWJhYAMB1CwG","baseKeyType":1,"closed":-1,"used":1759877806507,"created":1759877806507,"remoteIdentityKey":"BcmTosVxMfdWdUH3LCB/4q1ZeiyjNEfbafzF5sIBxRBq"},"_chains":{"Bdn+bHTlZybqPILcizR8FooIX5D1DRWq7vBYzFfQX81h":{"chainKey":{"counter":2,"key":"mEeImZlsc1mmWfelAdd8l+MjkuNCvWKLfTc2uxLqUTY="},"chainType":1,"messageKeys":{}}},"pendingPreKey":{"signedKeyId":3,"baseKey":"BYag5JruZNJFAbSDexgPD8nTXDU7FE+UIWJhYAMB1CwG","preKeyId":15738287}}},"version":"v1"}