{"_sessions":{"BewStmc/YaW0PGANfi1PIm19JVhHxWaIZXB6mB79bSwe":{"registrationId":1977467304,"currentRatchet":{"ephemeralKeyPair":{"pubKey":"BT05ld2nZsrVsKl+dBwvH9d6aLiDNaI5wXXO1Jtn8ihg","privKey":"ANk/3IKyOFeO6Z3U5OFvwZNw00v1WaXe3JfqivS2Ykk="},"lastRemoteEphemeralKey":"BQZ/26cFQlL8tupGK7SK8qtlkzuzQ4RQi3xMNS3VEz8l","previousCounter":0,"rootKey":"98AGPcyagPZSrcz0CdnB0LOanonQn5THwmzvtA//0sA="},"indexInfo":{"baseKey":"BewStmc/YaW0PGANfi1PIm19JVhHxWaIZXB6mB79bSwe","baseKeyType":1,"closed":-1,"used":1759877806583,"created":1759877806583,"remoteIdentityKey":"BchT5V86vHP9DJCXZuYE4qd+IgrI3zawj8tXDRY/Soc0"},"_chains":{"BT05ld2nZsrVsKl+dBwvH9d6aLiDNaI5wXXO1Jtn8ihg":{"chainKey":{"counter":2,"key":"iTAdrdv9FGM0lgmurCB1/tpRN7Ngn/ReEqgoxlgmIkc="},"chainType":1,"messageKeys":{}}},"pendingPreKey":{"signedKeyId":18,"baseKey":"BewStmc/YaW0PGANfi1PIm19JVhHxWaIZXB6mB79bSwe","preKeyId":9736987}}},"version":"v1"}