{"_sessions":{"BTDKDnMtd/7mxpeLeD+KuEPbbQCQu9Rzz3GPB5vyUntz":{"registrationId":1576426151,"currentRatchet":{"ephemeralKeyPair":{"pubKey":"BR28ElcJysFJLx8amIw2BsL1/rqQQ6b+xch9wsiuaLM6","privKey":"MLtQP4q+TOs59tghWaMafQx81DVZ/cgXQGRh62eGJX8="},"lastRemoteEphemeralKey":"BUMy3vzPc35j50NLKWgzCs9/j6oOC6UK+JbSc0azcEJM","previousCounter":0,"rootKey":"tYNqHTZwRMv5jEw0eQ3b4un6kLxvsqADSITAkIns/vY="},"indexInfo":{"baseKey":"BTDKDnMtd/7mxpeLeD+KuEPbbQCQu9Rzz3GPB5vyUntz","baseKeyType":1,"closed":-1,"used":1759877806570,"created":1759877806570,"remoteIdentityKey":"BSVuq2ilK39Xr70UrVoUNPi95Qdm5G46KmD0ZIXeB59o"},"_chains":{"BR28ElcJysFJLx8amIw2BsL1/rqQQ6b+xch9wsiuaLM6":{"chainKey":{"counter":2,"key":"JJ9Pzl96Q6DKj0bsw6XuKat758Xi4FDLkzTkHL0wc6M="},"chainType":1,"messageKeys":{}}},"pendingPreKey":{"signedKeyId":11,"baseKey":"BTDKDnMtd/7mxpeLeD+KuEPbbQCQu9Rzz3GPB5vyUntz","preKeyId":4775070}}},"version":"v1"}