{"_sessions":{"BaAM+tfAS+iKi6VI13uKr8yUbVO9JuY7umwx8cJEwalE":{"registrationId":225,"currentRatchet":{"ephemeralKeyPair":{"pubKey":"Bf3vOeu+I9Zlag9laFMMEV8fpt0UrljPbLS6fW3oUY8h","privKey":"6L7pXnteMJnMAz3Jqhi2mbV+2X4R2DoJd+2IAqmhjWc="},"lastRemoteEphemeralKey":"BQpnlYODpI7R6SSc3gyfw6QHi1yHtJKmMDQm5x/IOXBf","previousCounter":1,"rootKey":"7WJBlneoyKH2SMAl1BHE4KIHPMsy7zFvBSbZFHJiph4="},"indexInfo":{"baseKey":"BaAM+tfAS+iKi6VI13uKr8yUbVO9JuY7umwx8cJEwalE","baseKeyType":1,"closed":-1,"used":1759878209972,"created":1759877806762,"remoteIdentityKey":"BVh4IKWMG+5Qhygj/lyXKM2trA9M0KxUHKlAZS8fU8x6"},"_chains":{"BXWLDMe9onUlzWZ1LQCXI7l+GfxOWpwx39VDXbTxQ8o9":{"chainKey":{"counter":1},"chainType":2,"messageKeys":{}},"BQpnlYODpI7R6SSc3gyfw6QHi1yHtJKmMDQm5x/IOXBf":{"chainKey":{"counter":0,"key":"krd4sMHYPGsC9ATxRYmywNm+agXFvF5CFPhcXlLfzpY="},"chainType":2,"messageKeys":{}},"Bf3vOeu+I9Zlag9laFMMEV8fpt0UrljPbLS6fW3oUY8h":{"chainKey":{"counter":-1,"key":"5VirT7bQs6LDMQ9ZWFcNoJRFqEytvsV7lgetAZ4gKiI="},"chainType":1,"messageKeys":{}}}}},"version":"v1"}