{"_sessions":{"BUadchYMNZR5RWETMcy7Zj7eubx2s6yZv1IPRmOIKgFh":{"registrationId":287190080,"currentRatchet":{"ephemeralKeyPair":{"pubKey":"BQ9rATL20TyXBgr7VluPCNV1MoT3kqs7rZYqRliU5FVD","privKey":"GGEPQRv53d5xKCv5cAffMamQQS6r8MRaC8WDejnJ0nM="},"lastRemoteEphemeralKey":"BbWZGxmO231WAgOV62e07+PwMQcSzLaNIY2dwk2Y9cBc","previousCounter":0,"rootKey":"QdqookUzxmUQf5AG1OrIYkwOHiWdHnVmuUyoq3BwQRU="},"indexInfo":{"baseKey":"BUadchYMNZR5RWETMcy7Zj7eubx2s6yZv1IPRmOIKgFh","baseKeyType":1,"closed":-1,"used":1759877806686,"created":1759877806686,"remoteIdentityKey":"BV5cRDuZ/Rh0/nMZYX5QcDNoJeppxk+Kby6Ikv3sK1cC"},"_chains":{"BQ9rATL20TyXBgr7VluPCNV1MoT3kqs7rZYqRliU5FVD":{"chainKey":{"counter":2,"key":"zGHHEkCTiMBdW611AQ2udShB9NwayCi2376ORnM3y6M="},"chainType":1,"messageKeys":{}}},"pendingPreKey":{"signedKeyId":1,"baseKey":"BUadchYMNZR5RWETMcy7Zj7eubx2s6yZv1IPRmOIKgFh"}}},"version":"v1"}