{"_sessions":{"Bc4TxM8PBQ0U1OgtOCTCtxWGo0WR9n+EgBlYjabl00Nv":{"registrationId":196,"currentRatchet":{"ephemeralKeyPair":{"pubKey":"BZoasxIBVPQCrx7lX9g6J0YhIsiqfMwzkviS89+j8ndD","privKey":"oKOwIigufebWrZJFlAnhfV2yM1qQbotc5VZNpliIklU="},"lastRemoteEphemeralKey":"BfHFnGxPH1BbMK0hYEtpiPnl2bStyBcUvFtySWVRs+Mt","previousCounter":0,"rootKey":"kAEIo2lkcsmXjVyQUScizcLAPyUd7YBS3AoppeuMRds="},"indexInfo":{"baseKey":"Bc4TxM8PBQ0U1OgtOCTCtxWGo0WR9n+EgBlYjabl00Nv","baseKeyType":1,"closed":-1,"used":1759877806752,"created":1759877806752,"remoteIdentityKey":"BbphndBzC4YAunGrO3r7wNGxvjzWpRwfsuk0zReQ1MRf"},"_chains":{"BZoasxIBVPQCrx7lX9g6J0YhIsiqfMwzkviS89+j8ndD":{"chainKey":{"counter":2,"key":"x9NWqq0wlKgByzX3p8qR/b9sqS5bEEQiGIx9oNeLe5w="},"chainType":1,"messageKeys":{}}},"pendingPreKey":{"signedKeyId":1,"baseKey":"Bc4TxM8PBQ0U1OgtOCTCtxWGo0WR9n+EgBlYjabl00Nv"}}},"version":"v1"}