{"_sessions":{"BQdNozMzMovxaDSaA4LqdkbFr/yWPzJ6UMioS06g4B1Q":{"registrationId":299292287,"currentRatchet":{"ephemeralKeyPair":{"pubKey":"Ba6LRVXqxQ7LRJcw5uJQc2j8f7xT+Si3XfOJqVRimngh","privKey":"uCYhaQSgIeQK3xqHMP4te1g2aYa6haRBQMdY9Q6mdlw="},"lastRemoteEphemeralKey":"Bfc/Def61dQOBGdgm9b8z7aFB4/79Co2J+fPXmd4zOQ7","previousCounter":0,"rootKey":"PZyauYWyE7c2lRsuHGeS3WBPqYflEt6ug1X7aX5XOW0="},"indexInfo":{"baseKey":"BQdNozMzMovxaDSaA4LqdkbFr/yWPzJ6UMioS06g4B1Q","baseKeyType":1,"closed":-1,"used":1759877806592,"created":1759877806592,"remoteIdentityKey":"BUPP99xOYxMbmh71vKSTn+pe7dcMfE4ufDKots/o2qNf"},"_chains":{"Ba6LRVXqxQ7LRJcw5uJQc2j8f7xT+Si3XfOJqVRimngh":{"chainKey":{"counter":2,"key":"USbV4le/35nXJKbD75Ms4RRirpDRzdPSdrWIs63Xa08="},"chainType":1,"messageKeys":{}}},"pendingPreKey":{"signedKeyId":0,"baseKey":"BQdNozMzMovxaDSaA4LqdkbFr/yWPzJ6UMioS06g4B1Q","preKeyId":1541559}}},"version":"v1"}