{"_sessions":{"BSLvJlX1rADbdg68wMyu5MYOVICe6K4LaMwVY2bvyxZQ":{"registrationId":1677936902,"currentRatchet":{"ephemeralKeyPair":{"pubKey":"BTWH/PwaZE5m8m7wHwXYGI++uXLMNZ8EUDMPj3ntt/R2","privKey":"QNxgBgtHrozoZB1O/UcybsjenaMsDhUay6CZiiRxq20="},"lastRemoteEphemeralKey":"BbHkcyljxNSGFbWdjZ8z0dYnyxRoNYbHfN0pzgBiNscH","previousCounter":0,"rootKey":"8ar/Zv+joH83m371ig9OlBBNBen9a67wKfU/QHCIvEc="},"indexInfo":{"baseKey":"BSLvJlX1rADbdg68wMyu5MYOVICe6K4LaMwVY2bvyxZQ","baseKeyType":1,"closed":-1,"used":1759877806649,"created":1759877806649,"remoteIdentityKey":"BVw/u92pmkbCLC3yV1KBf9DikhOWrWz5tWzT0MUcmFNS"},"_chains":{"BTWH/PwaZE5m8m7wHwXYGI++uXLMNZ8EUDMPj3ntt/R2":{"chainKey":{"counter":2,"key":"fmu7hyns1bqrgX8f8Rd4aPhsaeEW4xiG0F1VMbO+XQo="},"chainType":1,"messageKeys":{}}},"pendingPreKey":{"signedKeyId":0,"baseKey":"BSLvJlX1rADbdg68wMyu5MYOVICe6K4LaMwVY2bvyxZQ","preKeyId":3728979}}},"version":"v1"}