{"_sessions":{"BWDgzuNJ7rYoHGqeI9n9Y/DkLvHSDZ+znPp+FSfd3jZW":{"registrationId":90,"currentRatchet":{"ephemeralKeyPair":{"pubKey":"BdifeblwWb9tVYaZlFQEObV6RXaFlvgG0A+6FhUgOsZ2","privKey":"INtoVCBo3fr3kHqvkY8M9qfm5Muc63o6madX3zzlGkI="},"lastRemoteEphemeralKey":"BWljt/WHshC15zVmIaNPr9vi7ws3yvCm0tS90yaJf0U8","previousCounter":0,"rootKey":"Lip13mQ21RebjF4/FePqhjGkMJch+lHj4fs9dCNg4WQ="},"indexInfo":{"baseKey":"BWDgzuNJ7rYoHGqeI9n9Y/DkLvHSDZ+znPp+FSfd3jZW","baseKeyType":1,"closed":-1,"used":1759877806776,"created":1759877806776,"remoteIdentityKey":"BQS2XnMxKO96jqXDNCT0dY1Z1ZCKjWszuQx9tX2hACV4"},"_chains":{"BdifeblwWb9tVYaZlFQEObV6RXaFlvgG0A+6FhUgOsZ2":{"chainKey":{"counter":2,"key":"mxRipNOrstBOxPiyjyyEKyyMc5QwVyWBf/cMlwMmQSs="},"chainType":1,"messageKeys":{}}},"pendingPreKey":{"signedKeyId":1,"baseKey":"BWDgzuNJ7rYoHGqeI9n9Y/DkLvHSDZ+znPp+FSfd3jZW"}}},"version":"v1"}