{"_sessions":{"Bb4ZWDqCWayoi/Wt+XiQ0Q8hef9mmg8qn4Hjvj50M7Mk":{"registrationId":480679965,"currentRatchet":{"ephemeralKeyPair":{"pubKey":"BRTCi3VoSz74MVV+Z/XNp85DXtLtmPYE/ObvD5eNBVQy","privKey":"ECYC/oIEwgQRY58lybQQXULBBL7GUV6M38ciHvhFmHY="},"lastRemoteEphemeralKey":"BfOLoJYNexi4Cebl4w48lWR/EZSIwet9UYY3GqUdXUBM","previousCounter":0,"rootKey":"axow+jcYMROJ9g5hqQOmsYBnuiD1smbfjlLDPf/uOcM="},"indexInfo":{"baseKey":"Bb4ZWDqCWayoi/Wt+XiQ0Q8hef9mmg8qn4Hjvj50M7Mk","baseKeyType":1,"closed":-1,"used":1759877806751,"created":1759877806751,"remoteIdentityKey":"Besb5c+MJsMKmU4xbGm6gCGqhwbnfWKck+Pv5xvdGahr"},"_chains":{"BRTCi3VoSz74MVV+Z/XNp85DXtLtmPYE/ObvD5eNBVQy":{"chainKey":{"counter":2,"key":"FOMnb10HWidwpeh87h7IQQuNBo6LYWDSt+88dWk3Fp8="},"chainType":1,"messageKeys":{}}},"pendingPreKey":{"signedKeyId":1,"baseKey":"Bb4ZWDqCWayoi/Wt+XiQ0Q8hef9mmg8qn4Hjvj50M7Mk","preKeyId":15756}}},"version":"v1"}